timestamp,gpu_name,memory_used_mib,memory_total_mib,utilization_gpu_percent,power_draw_w
2026/08/01 16:17:53.020, NVIDIA GeForce RTX 3090, 0, 24576, 0, 23.74
2026/08/01 16:17:54.091, NVIDIA GeForce RTX 3090, 0, 24576, 0, 23.74
2026/08/01 16:17:55.191, NVIDIA GeForce RTX 3090, 0, 24576, 0, 23.75
2026/08/01 16:17:56.248, NVIDIA GeForce RTX 3090, 521, 24576, 11, 64.80
2026/08/01 16:17:57.322, NVIDIA GeForce RTX 3090, 895, 24576, 6, 109.87
2026/08/01 16:17:58.390, NVIDIA GeForce RTX 3090, 1313, 24576, 5, 110.10
2026/08/01 16:17:59.436, NVIDIA GeForce RTX 3090, 1573, 24576, 5, 109.64
2026/08/01 16:18:00.484, NVIDIA GeForce RTX 3090, 1733, 24576, 0, 109.55
2026/08/01 16:18:01.546, NVIDIA GeForce RTX 3090, 0, 24576, 0, 110.74
2026/08/01 16:18:02.596, NVIDIA GeForce RTX 3090, 427, 24576, 8, 111.14
2026/08/01 16:18:03.644, NVIDIA GeForce RTX 3090, 769, 24576, 11, 110.62
2026/08/01 16:18:04.696, NVIDIA GeForce RTX 3090, 793, 24576, 0, 109.04
2026/08/01 16:18:05.758, NVIDIA GeForce RTX 3090, 793, 24576, 0, 108.82
2026/08/01 16:18:06.822, NVIDIA GeForce RTX 3090, 793, 24576, 0, 108.82
2026/08/01 16:18:07.871, NVIDIA GeForce RTX 3090, 793, 24576, 0, 108.79
2026/08/01 16:18:08.916, NVIDIA GeForce RTX 3090, 793, 24576, 0, 108.63
2026/08/01 16:18:09.982, NVIDIA GeForce RTX 3090, 793, 24576, 0, 108.27
2026/08/01 16:18:11.046, NVIDIA GeForce RTX 3090, 793, 24576, 0, 108.52
2026/08/01 16:18:12.118, NVIDIA GeForce RTX 3090, 793, 24576, 0, 108.29
2026/08/01 16:18:13.163, NVIDIA GeForce RTX 3090, 799, 24576, 3, 108.47
2026/08/01 16:18:14.246, NVIDIA GeForce RTX 3090, 1847, 24576, 18, 111.23
2026/08/01 16:18:15.291, NVIDIA GeForce RTX 3090, 1847, 24576, 0, 109.98
2026/08/01 16:18:16.340, NVIDIA GeForce RTX 3090, 1847, 24576, 0, 108.72
2026/08/01 16:18:17.387, NVIDIA GeForce RTX 3090, 1847, 24576, 0, 108.59
2026/08/01 16:18:18.478, NVIDIA GeForce RTX 3090, 1847, 24576, 0, 108.78
2026/08/01 16:18:19.546, NVIDIA GeForce RTX 3090, 1847, 24576, 0, 108.75
2026/08/01 16:18:20.640, NVIDIA GeForce RTX 3090, 1847, 24576, 0, 108.68
2026/08/01 16:18:21.681, NVIDIA GeForce RTX 3090, 2113, 24576, 0, 111.36
2026/08/01 16:18:22.728, NVIDIA GeForce RTX 3090, 1337, 24576, 4, 110.60
2026/08/01 16:18:23.800, NVIDIA GeForce RTX 3090, 0, 24576, 0, 111.16
2026/08/01 16:18:24.887, NVIDIA GeForce RTX 3090, 0, 24576, 0, 110.65
2026/08/01 16:18:25.956, NVIDIA GeForce RTX 3090, 0, 24576, 0, 50.20
2026/08/01 16:18:27.013, NVIDIA GeForce RTX 3090, 0, 24576, 0, 35.21
2026/08/01 16:18:28.046, NVIDIA GeForce RTX 3090, 0, 24576, 0, 25.18
2026/08/01 16:18:29.100, NVIDIA GeForce RTX 3090, 0, 24576, 0, 24.07
2026/08/01 16:18:30.153, NVIDIA GeForce RTX 3090, 0, 24576, 0, 23.88
2026/08/01 16:18:31.223, NVIDIA GeForce RTX 3090, 0, 24576, 0, 23.83
2026/08/01 16:18:32.314, NVIDIA GeForce RTX 3090, 0, 24576, 0, 23.95
2026/08/01 16:18:33.383, NVIDIA GeForce RTX 3090, 0, 24576, 0, 23.82
2026/08/01 16:18:34.436, NVIDIA GeForce RTX 3090, 0, 24576, 0, 23.61
2026/08/01 16:18:35.507, NVIDIA GeForce RTX 3090, 0, 24576, 0, 23.69
2026/08/01 16:18:36.560, NVIDIA GeForce RTX 3090, 0, 24576, 0, 23.91
2026/08/01 16:18:37.612, NVIDIA GeForce RTX 3090, 0, 24576, 0, 23.93
2026/08/01 16:18:38.664, NVIDIA GeForce RTX 3090, 0, 24576, 0, 23.99
2026/08/01 16:18:39.766, NVIDIA GeForce RTX 3090, 295, 24576, 8, 38.54
2026/08/01 16:18:40.812, NVIDIA GeForce RTX 3090, 627, 24576, 10, 111.09
2026/08/01 16:18:41.898, NVIDIA GeForce RTX 3090, 433, 24576, 2, 110.55
2026/08/01 16:18:42.948, NVIDIA GeForce RTX 3090, 0, 24576, 0, 110.84
2026/08/01 16:18:44.014, NVIDIA GeForce RTX 3090, 397, 24576, 11, 94.62
2026/08/01 16:18:45.042, NVIDIA GeForce RTX 3090, 839, 24576, 11, 110.76
2026/08/01 16:18:46.087, NVIDIA GeForce RTX 3090, 1275, 24576, 10, 110.94
2026/08/01 16:18:47.158, NVIDIA GeForce RTX 3090, 1599, 24576, 9, 110.73
2026/08/01 16:18:48.210, NVIDIA GeForce RTX 3090, 1811, 24576, 100, 227.18
2026/08/01 16:18:49.310, NVIDIA GeForce RTX 3090, 4291, 24576, 57, 235.45
2026/08/01 16:18:50.385, NVIDIA GeForce RTX 3090, 4291, 24576, 61, 253.71
2026/08/01 16:18:51.436, NVIDIA GeForce RTX 3090, 4291, 24576, 58, 259.54
2026/08/01 16:18:52.491, NVIDIA GeForce RTX 3090, 4291, 24576, 57, 245.24
2026/08/01 16:18:53.541, NVIDIA GeForce RTX 3090, 4291, 24576, 35, 247.32
2026/08/01 16:18:54.621, NVIDIA GeForce RTX 3090, 4291, 24576, 61, 251.21
2026/08/01 16:18:55.686, NVIDIA GeForce RTX 3090, 4291, 24576, 52, 257.76
2026/08/01 16:18:56.750, NVIDIA GeForce RTX 3090, 4291, 24576, 53, 256.57
2026/08/01 16:18:57.799, NVIDIA GeForce RTX 3090, 4291, 24576, 61, 248.18
2026/08/01 16:18:58.874, NVIDIA GeForce RTX 3090, 4291, 24576, 57, 260.02
2026/08/01 16:18:59.918, NVIDIA GeForce RTX 3090, 4291, 24576, 50, 253.75
2026/08/01 16:19:00.967, NVIDIA GeForce RTX 3090, 4291, 24576, 61, 251.73
2026/08/01 16:19:02.057, NVIDIA GeForce RTX 3090, 4291, 24576, 47, 256.65
2026/08/01 16:19:03.104, NVIDIA GeForce RTX 3090, 4291, 24576, 45, 243.39
2026/08/01 16:19:04.170, NVIDIA GeForce RTX 3090, 4291, 24576, 46, 254.13
2026/08/01 16:19:05.219, NVIDIA GeForce RTX 3090, 4291, 24576, 50, 255.80
2026/08/01 16:19:06.266, NVIDIA GeForce RTX 3090, 4291, 24576, 58, 253.84
2026/08/01 16:19:07.296, NVIDIA GeForce RTX 3090, 4291, 24576, 56, 256.98
2026/08/01 16:19:08.363, NVIDIA GeForce RTX 3090, 4291, 24576, 45, 251.84
2026/08/01 16:19:09.463, NVIDIA GeForce RTX 3090, 4291, 24576, 51, 255.85
2026/08/01 16:19:10.517, NVIDIA GeForce RTX 3090, 4291, 24576, 55, 255.52
2026/08/01 16:19:11.568, NVIDIA GeForce RTX 3090, 4291, 24576, 47, 255.85
2026/08/01 16:19:12.621, NVIDIA GeForce RTX 3090, 4291, 24576, 50, 256.49
2026/08/01 16:19:13.695, NVIDIA GeForce RTX 3090, 4291, 24576, 50, 250.63
2026/08/01 16:19:14.745, NVIDIA GeForce RTX 3090, 4291, 24576, 60, 266.96
2026/08/01 16:19:15.819, NVIDIA GeForce RTX 3090, 4291, 24576, 61, 252.14
2026/08/01 16:19:16.868, NVIDIA GeForce RTX 3090, 4291, 24576, 52, 254.38
2026/08/01 16:19:17.938, NVIDIA GeForce RTX 3090, 4291, 24576, 62, 253.84
2026/08/01 16:19:19.007, NVIDIA GeForce RTX 3090, 4291, 24576, 62, 261.14
2026/08/01 16:19:20.074, NVIDIA GeForce RTX 3090, 4291, 24576, 44, 255.38
2026/08/01 16:19:21.167, NVIDIA GeForce RTX 3090, 4291, 24576, 48, 254.50
2026/08/01 16:19:22.238, NVIDIA GeForce RTX 3090, 4291, 24576, 57, 256.85
2026/08/01 16:19:23.311, NVIDIA GeForce RTX 3090, 4291, 24576, 56, 258.56
2026/08/01 16:19:24.368, NVIDIA GeForce RTX 3090, 4291, 24576, 39, 253.97
2026/08/01 16:19:25.420, NVIDIA GeForce RTX 3090, 15053, 24576, 88, 253.59
2026/08/01 16:19:26.472, NVIDIA GeForce RTX 3090, 4289, 24576, 51, 243.05
2026/08/01 16:19:27.570, NVIDIA GeForce RTX 3090, 4289, 24576, 36, 256.91
2026/08/01 16:19:28.616, NVIDIA GeForce RTX 3090, 4289, 24576, 39, 255.57
2026/08/01 16:19:29.668, NVIDIA GeForce RTX 3090, 4289, 24576, 57, 254.84
2026/08/01 16:19:30.743, NVIDIA GeForce RTX 3090, 4289, 24576, 39, 254.46
2026/08/01 16:19:31.814, NVIDIA GeForce RTX 3090, 4289, 24576, 57, 249.79
2026/08/01 16:19:32.907, NVIDIA GeForce RTX 3090, 4289, 24576, 57, 263.00
2026/08/01 16:19:33.982, NVIDIA GeForce RTX 3090, 4289, 24576, 57, 261.65
2026/08/01 16:19:35.037, NVIDIA GeForce RTX 3090, 4289, 24576, 50, 257.63
2026/08/01 16:19:36.110, NVIDIA GeForce RTX 3090, 4289, 24576, 42, 253.71
2026/08/01 16:19:37.182, NVIDIA GeForce RTX 3090, 4289, 24576, 61, 259.76
2026/08/01 16:19:38.258, NVIDIA GeForce RTX 3090, 4289, 24576, 42, 256.01
2026/08/01 16:19:39.306, NVIDIA GeForce RTX 3090, 4289, 24576, 40, 257.68
2026/08/01 16:19:40.371, NVIDIA GeForce RTX 3090, 4289, 24576, 35, 252.88
2026/08/01 16:19:41.425, NVIDIA GeForce RTX 3090, 4289, 24576, 54, 260.73
2026/08/01 16:19:42.494, NVIDIA GeForce RTX 3090, 4289, 24576, 40, 256.47
2026/08/01 16:19:43.567, NVIDIA GeForce RTX 3090, 4289, 24576, 61, 256.23
2026/08/01 16:19:44.660, NVIDIA GeForce RTX 3090, 4289, 24576, 52, 257.35
2026/08/01 16:19:45.708, NVIDIA GeForce RTX 3090, 4289, 24576, 62, 257.24
2026/08/01 16:19:46.810, NVIDIA GeForce RTX 3090, 4289, 24576, 61, 257.07
2026/08/01 16:19:47.860, NVIDIA GeForce RTX 3090, 4289, 24576, 40, 255.02
2026/08/01 16:19:48.951, NVIDIA GeForce RTX 3090, 4289, 24576, 61, 259.54
2026/08/01 16:19:50.039, NVIDIA GeForce RTX 3090, 4289, 24576, 51, 254.93
2026/08/01 16:19:51.104, NVIDIA GeForce RTX 3090, 4289, 24576, 29, 256.72
2026/08/01 16:19:52.153, NVIDIA GeForce RTX 3090, 4289, 24576, 60, 261.90
2026/08/01 16:19:53.208, NVIDIA GeForce RTX 3090, 4289, 24576, 62, 261.38
2026/08/01 16:19:54.260, NVIDIA GeForce RTX 3090, 4289, 24576, 58, 262.61
2026/08/01 16:19:55.354, NVIDIA GeForce RTX 3090, 4289, 24576, 36, 253.63
2026/08/01 16:19:56.442, NVIDIA GeForce RTX 3090, 4289, 24576, 58, 260.14
2026/08/01 16:19:57.492, NVIDIA GeForce RTX 3090, 4289, 24576, 55, 263.55
2026/08/01 16:19:58.563, NVIDIA GeForce RTX 3090, 4289, 24576, 59, 253.53
2026/08/01 16:19:59.612, NVIDIA GeForce RTX 3090, 4289, 24576, 60, 262.01
2026/08/01 16:20:00.682, NVIDIA GeForce RTX 3090, 4289, 24576, 49, 261.04
2026/08/01 16:20:01.747, NVIDIA GeForce RTX 3090, 4289, 24576, 61, 252.72
2026/08/01 16:20:02.803, NVIDIA GeForce RTX 3090, 4289, 24576, 57, 259.27
2026/08/01 16:20:03.851, NVIDIA GeForce RTX 3090, 4289, 24576, 53, 264.19
2026/08/01 16:20:04.894, NVIDIA GeForce RTX 3090, 4289, 24576, 64, 256.78
2026/08/01 16:20:05.944, NVIDIA GeForce RTX 3090, 4289, 24576, 54, 255.60
2026/08/01 16:20:07.009, NVIDIA GeForce RTX 3090, 4289, 24576, 56, 262.20
2026/08/01 16:20:08.082, NVIDIA GeForce RTX 3090, 4289, 24576, 56, 261.15
2026/08/01 16:20:09.158, NVIDIA GeForce RTX 3090, 4289, 24576, 41, 251.35
2026/08/01 16:20:10.206, NVIDIA GeForce RTX 3090, 4289, 24576, 46, 260.46
2026/08/01 16:20:11.278, NVIDIA GeForce RTX 3090, 4289, 24576, 50, 261.82
2026/08/01 16:20:12.373, NVIDIA GeForce RTX 3090, 4289, 24576, 38, 255.61
2026/08/01 16:20:13.423, NVIDIA GeForce RTX 3090, 4289, 24576, 43, 254.52
2026/08/01 16:20:14.513, NVIDIA GeForce RTX 3090, 4289, 24576, 48, 253.28
2026/08/01 16:20:15.578, NVIDIA GeForce RTX 3090, 4289, 24576, 62, 262.23
2026/08/01 16:20:16.632, NVIDIA GeForce RTX 3090, 4289, 24576, 74, 257.43
2026/08/01 16:20:17.683, NVIDIA GeForce RTX 3090, 4289, 24576, 61, 261.24
2026/08/01 16:20:18.727, NVIDIA GeForce RTX 3090, 4289, 24576, 50, 259.66
2026/08/01 16:20:19.775, NVIDIA GeForce RTX 3090, 4289, 24576, 55, 263.06
2026/08/01 16:20:20.827, NVIDIA GeForce RTX 3090, 4289, 24576, 61, 257.55
2026/08/01 16:20:21.903, NVIDIA GeForce RTX 3090, 4289, 24576, 58, 260.40
2026/08/01 16:20:22.947, NVIDIA GeForce RTX 3090, 4289, 24576, 39, 253.84
2026/08/01 16:20:24.010, NVIDIA GeForce RTX 3090, 4289, 24576, 50, 260.38
2026/08/01 16:20:25.082, NVIDIA GeForce RTX 3090, 4289, 24576, 58, 260.17
2026/08/01 16:20:26.130, NVIDIA GeForce RTX 3090, 4289, 24576, 61, 263.60
2026/08/01 16:20:27.176, NVIDIA GeForce RTX 3090, 4289, 24576, 61, 265.71
2026/08/01 16:20:28.230, NVIDIA GeForce RTX 3090, 4289, 24576, 52, 262.66
2026/08/01 16:20:29.280, NVIDIA GeForce RTX 3090, 4289, 24576, 38, 258.00
2026/08/01 16:20:30.331, NVIDIA GeForce RTX 3090, 4289, 24576, 61, 259.00
2026/08/01 16:20:31.398, NVIDIA GeForce RTX 3090, 4289, 24576, 59, 263.14
2026/08/01 16:20:32.447, NVIDIA GeForce RTX 3090, 4289, 24576, 53, 262.50
2026/08/01 16:20:33.495, NVIDIA GeForce RTX 3090, 4289, 24576, 58, 261.51
2026/08/01 16:20:34.566, NVIDIA GeForce RTX 3090, 4289, 24576, 50, 263.73
2026/08/01 16:20:35.615, NVIDIA GeForce RTX 3090, 4289, 24576, 54, 262.73
2026/08/01 16:20:36.664, NVIDIA GeForce RTX 3090, 4289, 24576, 41, 255.07
2026/08/01 16:20:37.710, NVIDIA GeForce RTX 3090, 4289, 24576, 61, 265.35
2026/08/01 16:20:38.760, NVIDIA GeForce RTX 3090, 4289, 24576, 61, 264.42
2026/08/01 16:20:39.811, NVIDIA GeForce RTX 3090, 4289, 24576, 58, 258.99
2026/08/01 16:20:40.859, NVIDIA GeForce RTX 3090, 4289, 24576, 52, 261.84
2026/08/01 16:20:41.946, NVIDIA GeForce RTX 3090, 4289, 24576, 48, 258.50
2026/08/01 16:20:43.039, NVIDIA GeForce RTX 3090, 4289, 24576, 41, 265.42
2026/08/01 16:20:44.107, NVIDIA GeForce RTX 3090, 4289, 24576, 56, 261.89
2026/08/01 16:20:45.156, NVIDIA GeForce RTX 3090, 4289, 24576, 61, 264.17
2026/08/01 16:20:46.226, NVIDIA GeForce RTX 3090, 4289, 24576, 52, 256.05
2026/08/01 16:20:47.279, NVIDIA GeForce RTX 3090, 4289, 24576, 39, 261.06
2026/08/01 16:20:48.370, NVIDIA GeForce RTX 3090, 4289, 24576, 54, 263.81
2026/08/01 16:20:49.419, NVIDIA GeForce RTX 3090, 4289, 24576, 57, 262.71
2026/08/01 16:20:50.467, NVIDIA GeForce RTX 3090, 4289, 24576, 57, 264.05
2026/08/01 16:20:51.518, NVIDIA GeForce RTX 3090, 4289, 24576, 61, 264.10
2026/08/01 16:20:52.564, NVIDIA GeForce RTX 3090, 4289, 24576, 54, 262.33
2026/08/01 16:20:53.634, NVIDIA GeForce RTX 3090, 4289, 24576, 52, 253.49
2026/08/01 16:20:54.687, NVIDIA GeForce RTX 3090, 4289, 24576, 51, 258.74
2026/08/01 16:20:55.735, NVIDIA GeForce RTX 3090, 4289, 24576, 36, 254.48
2026/08/01 16:20:56.806, NVIDIA GeForce RTX 3090, 4289, 24576, 58, 263.28
2026/08/01 16:20:57.852, NVIDIA GeForce RTX 3090, 4289, 24576, 39, 254.88
2026/08/01 16:20:58.914, NVIDIA GeForce RTX 3090, 4289, 24576, 62, 264.07
2026/08/01 16:20:59.985, NVIDIA GeForce RTX 3090, 4289, 24576, 38, 257.29
2026/08/01 16:21:01.058, NVIDIA GeForce RTX 3090, 4289, 24576, 58, 259.84
2026/08/01 16:21:02.135, NVIDIA GeForce RTX 3090, 4289, 24576, 59, 264.59
2026/08/01 16:21:03.187, NVIDIA GeForce RTX 3090, 4289, 24576, 61, 266.15
2026/08/01 16:21:04.253, NVIDIA GeForce RTX 3090, 4289, 24576, 56, 265.52
2026/08/01 16:21:05.303, NVIDIA GeForce RTX 3090, 4289, 24576, 51, 257.04
2026/08/01 16:21:06.355, NVIDIA GeForce RTX 3090, 4289, 24576, 37, 257.26
2026/08/01 16:21:07.467, NVIDIA GeForce RTX 3090, 4289, 24576, 58, 263.77
2026/08/01 16:21:08.542, NVIDIA GeForce RTX 3090, 4289, 24576, 36, 258.48
2026/08/01 16:21:09.616, NVIDIA GeForce RTX 3090, 4289, 24576, 58, 258.41
2026/08/01 16:21:10.685, NVIDIA GeForce RTX 3090, 4289, 24576, 58, 264.87
2026/08/01 16:21:11.732, NVIDIA GeForce RTX 3090, 4289, 24576, 36, 261.97
2026/08/01 16:21:12.801, NVIDIA GeForce RTX 3090, 4289, 24576, 57, 257.95
2026/08/01 16:21:13.857, NVIDIA GeForce RTX 3090, 4289, 24576, 55, 262.64
2026/08/01 16:21:14.912, NVIDIA GeForce RTX 3090, 4289, 24576, 48, 255.85
2026/08/01 16:21:15.990, NVIDIA GeForce RTX 3090, 4289, 24576, 58, 261.64
2026/08/01 16:21:17.082, NVIDIA GeForce RTX 3090, 4289, 24576, 50, 254.49
2026/08/01 16:21:18.137, NVIDIA GeForce RTX 3090, 4289, 24576, 59, 257.86
2026/08/01 16:21:19.211, NVIDIA GeForce RTX 3090, 4289, 24576, 40, 258.73
2026/08/01 16:21:20.309, NVIDIA GeForce RTX 3090, 4289, 24576, 61, 261.41
2026/08/01 16:21:21.377, NVIDIA GeForce RTX 3090, 4289, 24576, 62, 263.30
2026/08/01 16:21:22.427, NVIDIA GeForce RTX 3090, 4289, 24576, 58, 263.52
2026/08/01 16:21:23.519, NVIDIA GeForce RTX 3090, 4289, 24576, 39, 256.26
2026/08/01 16:21:24.590, NVIDIA GeForce RTX 3090, 4289, 24576, 57, 258.09
2026/08/01 16:21:25.636, NVIDIA GeForce RTX 3090, 4289, 24576, 58, 263.18
2026/08/01 16:21:26.730, NVIDIA GeForce RTX 3090, 4289, 24576, 61, 259.73
2026/08/01 16:21:27.780, NVIDIA GeForce RTX 3090, 4289, 24576, 44, 258.06
2026/08/01 16:21:28.855, NVIDIA GeForce RTX 3090, 4289, 24576, 58, 265.49
2026/08/01 16:21:29.904, NVIDIA GeForce RTX 3090, 4289, 24576, 58, 262.51
2026/08/01 16:21:30.952, NVIDIA GeForce RTX 3090, 4289, 24576, 37, 258.98
2026/08/01 16:21:32.019, NVIDIA GeForce RTX 3090, 4289, 24576, 58, 259.13
2026/08/01 16:21:33.107, NVIDIA GeForce RTX 3090, 4289, 24576, 48, 257.21
2026/08/01 16:21:34.194, NVIDIA GeForce RTX 3090, 4289, 24576, 57, 257.50
2026/08/01 16:21:35.257, NVIDIA GeForce RTX 3090, 4289, 24576, 39, 258.40
2026/08/01 16:21:36.327, NVIDIA GeForce RTX 3090, 4289, 24576, 48, 257.66
2026/08/01 16:21:37.426, NVIDIA GeForce RTX 3090, 4289, 24576, 41, 256.58
2026/08/01 16:21:38.523, NVIDIA GeForce RTX 3090, 4289, 24576, 48, 266.18
2026/08/01 16:21:39.618, NVIDIA GeForce RTX 3090, 4289, 24576, 58, 260.43
2026/08/01 16:21:40.691, NVIDIA GeForce RTX 3090, 4289, 24576, 41, 256.29
2026/08/01 16:21:41.741, NVIDIA GeForce RTX 3090, 4289, 24576, 51, 253.89
2026/08/01 16:21:42.818, NVIDIA GeForce RTX 3090, 4289, 24576, 44, 258.91
2026/08/01 16:21:43.886, NVIDIA GeForce RTX 3090, 4289, 24576, 62, 256.11
2026/08/01 16:21:44.932, NVIDIA GeForce RTX 3090, 4289, 24576, 58, 264.48
2026/08/01 16:21:46.007, NVIDIA GeForce RTX 3090, 4289, 24576, 61, 260.11
2026/08/01 16:21:47.060, NVIDIA GeForce RTX 3090, 4289, 24576, 52, 256.65
2026/08/01 16:21:48.127, NVIDIA GeForce RTX 3090, 4289, 24576, 50, 262.85
2026/08/01 16:21:49.214, NVIDIA GeForce RTX 3090, 4289, 24576, 58, 265.32
2026/08/01 16:21:50.265, NVIDIA GeForce RTX 3090, 4289, 24576, 58, 266.90
2026/08/01 16:21:51.320, NVIDIA GeForce RTX 3090, 4289, 24576, 37, 256.34
2026/08/01 16:21:52.395, NVIDIA GeForce RTX 3090, 4289, 24576, 41, 256.78
2026/08/01 16:21:53.463, NVIDIA GeForce RTX 3090, 4289, 24576, 56, 261.03
2026/08/01 16:21:54.556, NVIDIA GeForce RTX 3090, 4289, 24576, 58, 264.76
2026/08/01 16:21:55.612, NVIDIA GeForce RTX 3090, 4289, 24576, 44, 255.81
2026/08/01 16:21:56.669, NVIDIA GeForce RTX 3090, 4289, 24576, 58, 263.76
2026/08/01 16:21:57.743, NVIDIA GeForce RTX 3090, 4289, 24576, 47, 257.39
2026/08/01 16:21:58.788, NVIDIA GeForce RTX 3090, 4289, 24576, 58, 259.85
2026/08/01 16:21:59.835, NVIDIA GeForce RTX 3090, 4289, 24576, 44, 262.12
2026/08/01 16:22:00.889, NVIDIA GeForce RTX 3090, 4289, 24576, 53, 255.66
2026/08/01 16:22:01.966, NVIDIA GeForce RTX 3090, 4289, 24576, 38, 266.14
2026/08/01 16:22:03.018, NVIDIA GeForce RTX 3090, 4289, 24576, 54, 266.27
2026/08/01 16:22:04.091, NVIDIA GeForce RTX 3090, 4289, 24576, 35, 261.15
2026/08/01 16:22:05.166, NVIDIA GeForce RTX 3090, 4289, 24576, 49, 258.53
2026/08/01 16:22:06.259, NVIDIA GeForce RTX 3090, 4289, 24576, 58, 262.50
2026/08/01 16:22:07.314, NVIDIA GeForce RTX 3090, 4289, 24576, 51, 259.44
2026/08/01 16:22:08.363, NVIDIA GeForce RTX 3090, 4289, 24576, 49, 257.95
2026/08/01 16:22:09.454, NVIDIA GeForce RTX 3090, 4289, 24576, 39, 263.25
2026/08/01 16:22:10.502, NVIDIA GeForce RTX 3090, 4289, 24576, 62, 264.29
2026/08/01 16:22:11.547, NVIDIA GeForce RTX 3090, 4289, 24576, 47, 256.04
2026/08/01 16:22:12.595, NVIDIA GeForce RTX 3090, 4289, 24576, 46, 259.18
2026/08/01 16:22:13.662, NVIDIA GeForce RTX 3090, 4289, 24576, 43, 263.97
2026/08/01 16:22:14.714, NVIDIA GeForce RTX 3090, 4289, 24576, 62, 270.17
2026/08/01 16:22:15.762, NVIDIA GeForce RTX 3090, 4289, 24576, 36, 253.43
2026/08/01 16:22:16.830, NVIDIA GeForce RTX 3090, 4289, 24576, 58, 262.43
2026/08/01 16:22:17.879, NVIDIA GeForce RTX 3090, 4289, 24576, 52, 265.50
2026/08/01 16:22:18.974, NVIDIA GeForce RTX 3090, 4289, 24576, 46, 254.76
2026/08/01 16:22:20.045, NVIDIA GeForce RTX 3090, 4289, 24576, 58, 263.79
2026/08/01 16:22:21.122, NVIDIA GeForce RTX 3090, 4289, 24576, 42, 261.13
2026/08/01 16:22:22.218, NVIDIA GeForce RTX 3090, 4289, 24576, 61, 259.74
2026/08/01 16:22:23.314, NVIDIA GeForce RTX 3090, 4289, 24576, 61, 262.71
2026/08/01 16:22:24.391, NVIDIA GeForce RTX 3090, 4289, 24576, 39, 260.12
2026/08/01 16:22:25.439, NVIDIA GeForce RTX 3090, 4289, 24576, 52, 259.45
2026/08/01 16:22:26.487, NVIDIA GeForce RTX 3090, 4289, 24576, 63, 259.67
2026/08/01 16:22:27.562, NVIDIA GeForce RTX 3090, 4289, 24576, 62, 263.24
2026/08/01 16:22:28.611, NVIDIA GeForce RTX 3090, 4289, 24576, 53, 262.29
2026/08/01 16:22:29.698, NVIDIA GeForce RTX 3090, 4289, 24576, 37, 257.76
2026/08/01 16:22:30.752, NVIDIA GeForce RTX 3090, 4289, 24576, 61, 259.40
2026/08/01 16:22:31.795, NVIDIA GeForce RTX 3090, 4289, 24576, 43, 261.37
2026/08/01 16:22:32.887, NVIDIA GeForce RTX 3090, 4289, 24576, 51, 256.65
2026/08/01 16:22:33.959, NVIDIA GeForce RTX 3090, 4289, 24576, 61, 261.21
2026/08/01 16:22:35.038, NVIDIA GeForce RTX 3090, 4289, 24576, 51, 257.30
2026/08/01 16:22:36.125, NVIDIA GeForce RTX 3090, 4289, 24576, 52, 262.04
2026/08/01 16:22:37.198, NVIDIA GeForce RTX 3090, 4289, 24576, 53, 257.81
2026/08/01 16:22:38.243, NVIDIA GeForce RTX 3090, 4289, 24576, 52, 259.29
2026/08/01 16:22:39.286, NVIDIA GeForce RTX 3090, 4289, 24576, 62, 265.04
2026/08/01 16:22:40.331, NVIDIA GeForce RTX 3090, 4289, 24576, 62, 264.39
2026/08/01 16:22:41.379, NVIDIA GeForce RTX 3090, 4289, 24576, 57, 264.17
2026/08/01 16:22:42.423, NVIDIA GeForce RTX 3090, 4289, 24576, 42, 259.24
2026/08/01 16:22:43.506, NVIDIA GeForce RTX 3090, 4289, 24576, 50, 258.63
2026/08/01 16:22:44.570, NVIDIA GeForce RTX 3090, 4289, 24576, 58, 262.34
2026/08/01 16:22:45.654, NVIDIA GeForce RTX 3090, 4289, 24576, 44, 260.22
2026/08/01 16:22:46.743, NVIDIA GeForce RTX 3090, 4289, 24576, 57, 265.03
2026/08/01 16:22:47.811, NVIDIA GeForce RTX 3090, 4289, 24576, 54, 253.55
2026/08/01 16:22:48.860, NVIDIA GeForce RTX 3090, 4289, 24576, 46, 261.18
2026/08/01 16:22:49.926, NVIDIA GeForce RTX 3090, 4289, 24576, 48, 258.87
2026/08/01 16:22:51.010, NVIDIA GeForce RTX 3090, 4289, 24576, 52, 258.53
2026/08/01 16:22:52.055, NVIDIA GeForce RTX 3090, 4289, 24576, 62, 265.49
2026/08/01 16:22:53.099, NVIDIA GeForce RTX 3090, 4289, 24576, 62, 266.77
2026/08/01 16:22:54.167, NVIDIA GeForce RTX 3090, 4289, 24576, 42, 258.49
2026/08/01 16:22:55.215, NVIDIA GeForce RTX 3090, 4289, 24576, 52, 255.69
2026/08/01 16:22:56.259, NVIDIA GeForce RTX 3090, 4289, 24576, 58, 261.93
2026/08/01 16:22:57.321, NVIDIA GeForce RTX 3090, 4289, 24576, 51, 262.31
2026/08/01 16:22:58.409, NVIDIA GeForce RTX 3090, 4289, 24576, 50, 259.99
2026/08/01 16:22:59.473, NVIDIA GeForce RTX 3090, 4289, 24576, 57, 258.89
2026/08/01 16:23:00.524, NVIDIA GeForce RTX 3090, 4289, 24576, 62, 262.53
2026/08/01 16:23:01.577, NVIDIA GeForce RTX 3090, 4289, 24576, 41, 261.69
2026/08/01 16:23:02.641, NVIDIA GeForce RTX 3090, 4289, 24576, 51, 253.65
2026/08/01 16:23:03.683, NVIDIA GeForce RTX 3090, 4289, 24576, 62, 262.03
2026/08/01 16:23:04.727, NVIDIA GeForce RTX 3090, 4289, 24576, 62, 268.52
2026/08/01 16:23:05.772, NVIDIA GeForce RTX 3090, 4289, 24576, 58, 260.65
2026/08/01 16:23:06.819, NVIDIA GeForce RTX 3090, 4289, 24576, 58, 267.33
2026/08/01 16:23:07.886, NVIDIA GeForce RTX 3090, 4289, 24576, 62, 268.21
2026/08/01 16:23:08.931, NVIDIA GeForce RTX 3090, 4289, 24576, 42, 259.69
2026/08/01 16:23:09.997, NVIDIA GeForce RTX 3090, 4289, 24576, 50, 263.22
2026/08/01 16:23:11.082, NVIDIA GeForce RTX 3090, 4289, 24576, 62, 259.56
2026/08/01 16:23:12.150, NVIDIA GeForce RTX 3090, 4289, 24576, 44, 263.36
2026/08/01 16:23:13.199, NVIDIA GeForce RTX 3090, 4289, 24576, 52, 254.52
2026/08/01 16:23:14.244, NVIDIA GeForce RTX 3090, 4289, 24576, 58, 261.39
2026/08/01 16:23:15.331, NVIDIA GeForce RTX 3090, 4289, 24576, 60, 263.56
2026/08/01 16:23:16.402, NVIDIA GeForce RTX 3090, 4289, 24576, 42, 251.13
2026/08/01 16:23:17.466, NVIDIA GeForce RTX 3090, 4289, 24576, 62, 264.34
2026/08/01 16:23:18.530, NVIDIA GeForce RTX 3090, 4289, 24576, 61, 266.25
2026/08/01 16:23:19.618, NVIDIA GeForce RTX 3090, 4289, 24576, 52, 261.38
2026/08/01 16:23:20.683, NVIDIA GeForce RTX 3090, 4289, 24576, 50, 256.93
2026/08/01 16:23:21.733, NVIDIA GeForce RTX 3090, 4289, 24576, 62, 263.43
2026/08/01 16:23:22.784, NVIDIA GeForce RTX 3090, 4289, 24576, 52, 260.14
2026/08/01 16:23:23.871, NVIDIA GeForce RTX 3090, 4289, 24576, 39, 265.05
2026/08/01 16:23:24.938, NVIDIA GeForce RTX 3090, 4289, 24576, 61, 260.73
2026/08/01 16:23:26.023, NVIDIA GeForce RTX 3090, 4289, 24576, 53, 261.93
2026/08/01 16:23:27.094, NVIDIA GeForce RTX 3090, 4289, 24576, 48, 260.51
2026/08/01 16:23:28.124, NVIDIA GeForce RTX 3090, 4289, 24576, 60, 256.31
2026/08/01 16:23:29.192, NVIDIA GeForce RTX 3090, 4289, 24576, 58, 263.31
2026/08/01 16:23:30.259, NVIDIA GeForce RTX 3090, 4289, 24576, 56, 253.84
2026/08/01 16:23:31.326, NVIDIA GeForce RTX 3090, 4289, 24576, 59, 265.57
2026/08/01 16:23:32.372, NVIDIA GeForce RTX 3090, 4289, 24576, 50, 261.23
2026/08/01 16:23:33.455, NVIDIA GeForce RTX 3090, 4289, 24576, 49, 268.42
2026/08/01 16:23:34.500, NVIDIA GeForce RTX 3090, 4289, 24576, 37, 252.93
2026/08/01 16:23:35.548, NVIDIA GeForce RTX 3090, 4289, 24576, 58, 264.40
2026/08/01 16:23:36.596, NVIDIA GeForce RTX 3090, 4289, 24576, 50, 261.09
2026/08/01 16:23:37.624, NVIDIA GeForce RTX 3090, 4289, 24576, 41, 260.89
2026/08/01 16:23:38.703, NVIDIA GeForce RTX 3090, 4289, 24576, 57, 259.24
2026/08/01 16:23:39.756, NVIDIA GeForce RTX 3090, 4289, 24576, 47, 263.87
2026/08/01 16:23:40.805, NVIDIA GeForce RTX 3090, 4289, 24576, 58, 253.32
2026/08/01 16:23:41.860, NVIDIA GeForce RTX 3090, 4289, 24576, 60, 260.77
2026/08/01 16:23:42.934, NVIDIA GeForce RTX 3090, 4289, 24576, 63, 265.31
2026/08/01 16:23:44.034, NVIDIA GeForce RTX 3090, 4289, 24576, 62, 264.20
2026/08/01 16:23:45.085, NVIDIA GeForce RTX 3090, 4289, 24576, 37, 257.94
2026/08/01 16:23:46.136, NVIDIA GeForce RTX 3090, 4289, 24576, 57, 262.71
2026/08/01 16:23:47.189, NVIDIA GeForce RTX 3090, 4289, 24576, 57, 264.26
2026/08/01 16:23:48.287, NVIDIA GeForce RTX 3090, 4289, 24576, 36, 254.38
2026/08/01 16:23:49.382, NVIDIA GeForce RTX 3090, 4289, 24576, 44, 262.08
2026/08/01 16:23:50.429, NVIDIA GeForce RTX 3090, 4289, 24576, 50, 257.73
2026/08/01 16:23:51.480, NVIDIA GeForce RTX 3090, 4289, 24576, 61, 262.31
2026/08/01 16:23:52.566, NVIDIA GeForce RTX 3090, 4289, 24576, 50, 258.00
2026/08/01 16:23:53.660, NVIDIA GeForce RTX 3090, 4289, 24576, 42, 254.31
2026/08/01 16:23:54.731, NVIDIA GeForce RTX 3090, 4289, 24576, 50, 262.15
2026/08/01 16:23:55.785, NVIDIA GeForce RTX 3090, 4289, 24576, 41, 255.46
2026/08/01 16:23:56.859, NVIDIA GeForce RTX 3090, 4289, 24576, 61, 263.79
2026/08/01 16:23:57.951, NVIDIA GeForce RTX 3090, 4289, 24576, 41, 259.45
2026/08/01 16:23:59.000, NVIDIA GeForce RTX 3090, 4289, 24576, 41, 255.68
2026/08/01 16:24:00.030, NVIDIA GeForce RTX 3090, 4289, 24576, 59, 267.23
2026/08/01 16:24:01.115, NVIDIA GeForce RTX 3090, 4289, 24576, 57, 254.05
2026/08/01 16:24:02.191, NVIDIA GeForce RTX 3090, 4289, 24576, 58, 265.36
2026/08/01 16:24:03.258, NVIDIA GeForce RTX 3090, 4289, 24576, 45, 262.01
2026/08/01 16:24:04.347, NVIDIA GeForce RTX 3090, 4289, 24576, 41, 259.08
2026/08/01 16:24:05.404, NVIDIA GeForce RTX 3090, 4289, 24576, 58, 258.78
2026/08/01 16:24:06.475, NVIDIA GeForce RTX 3090, 4289, 24576, 38, 263.19
2026/08/01 16:24:07.532, NVIDIA GeForce RTX 3090, 4289, 24576, 49, 263.69
2026/08/01 16:24:08.585, NVIDIA GeForce RTX 3090, 4289, 24576, 50, 254.49
2026/08/01 16:24:09.640, NVIDIA GeForce RTX 3090, 4289, 24576, 57, 264.68
2026/08/01 16:24:10.688, NVIDIA GeForce RTX 3090, 4289, 24576, 51, 259.33
2026/08/01 16:24:11.763, NVIDIA GeForce RTX 3090, 4289, 24576, 52, 259.95
2026/08/01 16:24:12.833, NVIDIA GeForce RTX 3090, 4289, 24576, 61, 264.10
2026/08/01 16:24:13.930, NVIDIA GeForce RTX 3090, 4289, 24576, 63, 263.42
2026/08/01 16:24:14.975, NVIDIA GeForce RTX 3090, 4289, 24576, 63, 265.64
2026/08/01 16:24:16.073, NVIDIA GeForce RTX 3090, 4289, 24576, 36, 257.51
2026/08/01 16:24:17.119, NVIDIA GeForce RTX 3090, 4289, 24576, 41, 262.22
2026/08/01 16:24:18.163, NVIDIA GeForce RTX 3090, 4289, 24576, 58, 265.68
2026/08/01 16:24:19.212, NVIDIA GeForce RTX 3090, 4289, 24576, 58, 260.32
2026/08/01 16:24:20.263, NVIDIA GeForce RTX 3090, 4289, 24576, 41, 259.23
2026/08/01 16:24:21.309, NVIDIA GeForce RTX 3090, 4289, 24576, 50, 262.47
2026/08/01 16:24:22.363, NVIDIA GeForce RTX 3090, 4289, 24576, 56, 255.39
2026/08/01 16:24:23.459, NVIDIA GeForce RTX 3090, 4289, 24576, 41, 258.95
2026/08/01 16:24:24.527, NVIDIA GeForce RTX 3090, 4289, 24576, 48, 262.10
2026/08/01 16:24:25.603, NVIDIA GeForce RTX 3090, 4289, 24576, 58, 263.68
2026/08/01 16:24:26.651, NVIDIA GeForce RTX 3090, 4289, 24576, 46, 262.74
2026/08/01 16:24:27.746, NVIDIA GeForce RTX 3090, 4289, 24576, 51, 263.36
2026/08/01 16:24:28.795, NVIDIA GeForce RTX 3090, 4289, 24576, 58, 259.46
2026/08/01 16:24:29.885, NVIDIA GeForce RTX 3090, 4289, 24576, 40, 260.66
2026/08/01 16:24:30.931, NVIDIA GeForce RTX 3090, 4289, 24576, 53, 263.38
2026/08/01 16:24:32.001, NVIDIA GeForce RTX 3090, 4289, 24576, 54, 257.46
2026/08/01 16:24:33.047, NVIDIA GeForce RTX 3090, 4289, 24576, 40, 267.11
2026/08/01 16:24:34.141, NVIDIA GeForce RTX 3090, 4289, 24576, 64, 264.21
2026/08/01 16:24:35.192, NVIDIA GeForce RTX 3090, 4289, 24576, 55, 275.43
2026/08/01 16:24:36.266, NVIDIA GeForce RTX 3090, 4289, 24576, 60, 253.78
2026/08/01 16:24:37.315, NVIDIA GeForce RTX 3090, 4289, 24576, 50, 265.83
2026/08/01 16:24:38.407, NVIDIA GeForce RTX 3090, 4289, 24576, 58, 263.24
2026/08/01 16:24:39.508, NVIDIA GeForce RTX 3090, 4289, 24576, 60, 262.07
2026/08/01 16:24:40.564, NVIDIA GeForce RTX 3090, 4289, 24576, 51, 254.08
2026/08/01 16:24:41.614, NVIDIA GeForce RTX 3090, 4289, 24576, 59, 264.81
2026/08/01 16:24:42.682, NVIDIA GeForce RTX 3090, 4289, 24576, 59, 264.26
2026/08/01 16:24:43.777, NVIDIA GeForce RTX 3090, 4289, 24576, 42, 254.67
2026/08/01 16:24:44.823, NVIDIA GeForce RTX 3090, 4289, 24576, 47, 261.66
2026/08/01 16:24:45.870, NVIDIA GeForce RTX 3090, 4289, 24576, 46, 262.73
2026/08/01 16:24:46.939, NVIDIA GeForce RTX 3090, 4289, 24576, 53, 262.64
2026/08/01 16:24:48.005, NVIDIA GeForce RTX 3090, 4289, 24576, 57, 258.28
2026/08/01 16:24:49.056, NVIDIA GeForce RTX 3090, 4289, 24576, 38, 258.94
2026/08/01 16:24:50.130, NVIDIA GeForce RTX 3090, 4289, 24576, 42, 259.45
2026/08/01 16:24:51.226, NVIDIA GeForce RTX 3090, 4289, 24576, 57, 262.51
2026/08/01 16:24:52.279, NVIDIA GeForce RTX 3090, 4289, 24576, 59, 251.61
2026/08/01 16:24:53.351, NVIDIA GeForce RTX 3090, 4289, 24576, 52, 255.79
2026/08/01 16:24:54.418, NVIDIA GeForce RTX 3090, 4289, 24576, 65, 261.69
2026/08/01 16:24:55.464, NVIDIA GeForce RTX 3090, 4289, 24576, 61, 263.55
2026/08/01 16:24:56.534, NVIDIA GeForce RTX 3090, 4289, 24576, 58, 264.88
2026/08/01 16:24:57.564, NVIDIA GeForce RTX 3090, 4289, 24576, 62, 264.86
2026/08/01 16:24:58.651, NVIDIA GeForce RTX 3090, 4289, 24576, 49, 258.45
2026/08/01 16:24:59.699, NVIDIA GeForce RTX 3090, 4289, 24576, 61, 258.67
2026/08/01 16:25:00.761, NVIDIA GeForce RTX 3090, 4289, 24576, 56, 265.41
2026/08/01 16:25:01.806, NVIDIA GeForce RTX 3090, 4289, 24576, 62, 262.53
2026/08/01 16:25:02.894, NVIDIA GeForce RTX 3090, 4289, 24576, 48, 262.71
2026/08/01 16:25:03.925, NVIDIA GeForce RTX 3090, 4289, 24576, 42, 261.92
2026/08/01 16:25:05.018, NVIDIA GeForce RTX 3090, 4289, 24576, 38, 266.18
2026/08/01 16:25:06.115, NVIDIA GeForce RTX 3090, 4289, 24576, 41, 258.87
2026/08/01 16:25:07.183, NVIDIA GeForce RTX 3090, 4289, 24576, 57, 259.05
2026/08/01 16:25:08.232, NVIDIA GeForce RTX 3090, 4289, 24576, 39, 255.34
2026/08/01 16:25:09.283, NVIDIA GeForce RTX 3090, 4289, 24576, 43, 253.59
2026/08/01 16:25:10.362, NVIDIA GeForce RTX 3090, 4289, 24576, 49, 256.45
2026/08/01 16:25:11.414, NVIDIA GeForce RTX 3090, 4289, 24576, 45, 260.56
2026/08/01 16:25:12.459, NVIDIA GeForce RTX 3090, 4289, 24576, 47, 257.89
2026/08/01 16:25:13.525, NVIDIA GeForce RTX 3090, 4289, 24576, 51, 264.49
2026/08/01 16:25:14.613, NVIDIA GeForce RTX 3090, 4289, 24576, 56, 258.56
2026/08/01 16:25:15.667, NVIDIA GeForce RTX 3090, 4289, 24576, 39, 264.08
2026/08/01 16:25:16.716, NVIDIA GeForce RTX 3090, 4289, 24576, 56, 262.74
2026/08/01 16:25:17.813, NVIDIA GeForce RTX 3090, 4289, 24576, 72, 262.74
2026/08/01 16:25:18.885, NVIDIA GeForce RTX 3090, 4289, 24576, 37, 259.70
2026/08/01 16:25:19.954, NVIDIA GeForce RTX 3090, 4289, 24576, 54, 261.39
2026/08/01 16:25:21.005, NVIDIA GeForce RTX 3090, 4289, 24576, 48, 259.39
2026/08/01 16:25:22.060, NVIDIA GeForce RTX 3090, 4289, 24576, 37, 255.46
2026/08/01 16:25:23.130, NVIDIA GeForce RTX 3090, 4289, 24576, 53, 262.42
2026/08/01 16:25:24.199, NVIDIA GeForce RTX 3090, 4289, 24576, 52, 254.74
2026/08/01 16:25:25.248, NVIDIA GeForce RTX 3090, 4289, 24576, 58, 266.58
2026/08/01 16:25:26.339, NVIDIA GeForce RTX 3090, 4289, 24576, 39, 257.45
2026/08/01 16:25:27.383, NVIDIA GeForce RTX 3090, 4289, 24576, 53, 253.04
2026/08/01 16:25:28.429, NVIDIA GeForce RTX 3090, 4289, 24576, 38, 255.26
2026/08/01 16:25:29.498, NVIDIA GeForce RTX 3090, 4289, 24576, 56, 265.39
2026/08/01 16:25:30.563, NVIDIA GeForce RTX 3090, 4289, 24576, 58, 264.51
2026/08/01 16:25:31.612, NVIDIA GeForce RTX 3090, 4289, 24576, 62, 264.18
2026/08/01 16:25:32.664, NVIDIA GeForce RTX 3090, 4289, 24576, 36, 255.20
2026/08/01 16:25:33.755, NVIDIA GeForce RTX 3090, 4289, 24576, 57, 262.93
2026/08/01 16:25:34.805, NVIDIA GeForce RTX 3090, 4289, 24576, 52, 263.34
2026/08/01 16:25:35.852, NVIDIA GeForce RTX 3090, 4289, 24576, 50, 260.58
2026/08/01 16:25:36.900, NVIDIA GeForce RTX 3090, 4289, 24576, 58, 260.37
2026/08/01 16:25:37.975, NVIDIA GeForce RTX 3090, 4289, 24576, 56, 262.36
2026/08/01 16:25:39.028, NVIDIA GeForce RTX 3090, 4289, 24576, 62, 265.97
2026/08/01 16:25:40.130, NVIDIA GeForce RTX 3090, 4289, 24576, 52, 263.32
2026/08/01 16:25:41.223, NVIDIA GeForce RTX 3090, 4289, 24576, 57, 262.65
2026/08/01 16:25:42.318, NVIDIA GeForce RTX 3090, 4289, 24576, 51, 257.97
2026/08/01 16:25:43.368, NVIDIA GeForce RTX 3090, 4289, 24576, 58, 264.34
2026/08/01 16:25:44.462, NVIDIA GeForce RTX 3090, 4289, 24576, 56, 266.18
2026/08/01 16:25:45.516, NVIDIA GeForce RTX 3090, 4289, 24576, 42, 262.51
2026/08/01 16:25:46.586, NVIDIA GeForce RTX 3090, 4289, 24576, 52, 255.20
2026/08/01 16:25:47.679, NVIDIA GeForce RTX 3090, 4289, 24576, 37, 258.24
2026/08/01 16:25:48.779, NVIDIA GeForce RTX 3090, 4289, 24576, 58, 264.67
2026/08/01 16:25:49.846, NVIDIA GeForce RTX 3090, 4289, 24576, 48, 260.68
2026/08/01 16:25:50.915, NVIDIA GeForce RTX 3090, 4289, 24576, 52, 258.76
2026/08/01 16:25:52.010, NVIDIA GeForce RTX 3090, 4289, 24576, 61, 263.39
2026/08/01 16:25:53.094, NVIDIA GeForce RTX 3090, 4289, 24576, 47, 254.60
2026/08/01 16:25:54.183, NVIDIA GeForce RTX 3090, 4289, 24576, 58, 264.07
2026/08/01 16:25:55.250, NVIDIA GeForce RTX 3090, 4289, 24576, 49, 260.35
2026/08/01 16:25:56.323, NVIDIA GeForce RTX 3090, 4289, 24576, 58, 260.05
2026/08/01 16:25:57.397, NVIDIA GeForce RTX 3090, 4289, 24576, 61, 266.02
2026/08/01 16:25:58.487, NVIDIA GeForce RTX 3090, 4289, 24576, 51, 263.89
2026/08/01 16:25:59.554, NVIDIA GeForce RTX 3090, 4289, 24576, 51, 258.38
2026/08/01 16:26:00.609, NVIDIA GeForce RTX 3090, 4289, 24576, 49, 260.94
2026/08/01 16:26:01.683, NVIDIA GeForce RTX 3090, 4289, 24576, 62, 258.69
2026/08/01 16:26:02.732, NVIDIA GeForce RTX 3090, 4289, 24576, 43, 261.06
2026/08/01 16:26:03.780, NVIDIA GeForce RTX 3090, 4289, 24576, 39, 255.93
2026/08/01 16:26:04.828, NVIDIA GeForce RTX 3090, 4289, 24576, 57, 264.94
2026/08/01 16:26:05.894, NVIDIA GeForce RTX 3090, 4289, 24576, 41, 253.49
2026/08/01 16:26:06.970, NVIDIA GeForce RTX 3090, 4289, 24576, 57, 260.71
2026/08/01 16:26:08.063, NVIDIA GeForce RTX 3090, 4289, 24576, 58, 263.06
2026/08/01 16:26:09.109, NVIDIA GeForce RTX 3090, 4289, 24576, 58, 264.87
2026/08/01 16:26:10.159, NVIDIA GeForce RTX 3090, 4289, 24576, 40, 262.68
2026/08/01 16:26:11.254, NVIDIA GeForce RTX 3090, 4289, 24576, 39, 260.81
2026/08/01 16:26:12.308, NVIDIA GeForce RTX 3090, 4289, 24576, 58, 263.75
2026/08/01 16:26:13.403, NVIDIA GeForce RTX 3090, 4289, 24576, 49, 262.46
2026/08/01 16:26:14.478, NVIDIA GeForce RTX 3090, 4289, 24576, 39, 268.12
2026/08/01 16:26:15.555, NVIDIA GeForce RTX 3090, 4289, 24576, 41, 261.37
2026/08/01 16:26:16.623, NVIDIA GeForce RTX 3090, 4289, 24576, 38, 260.13
2026/08/01 16:26:17.698, NVIDIA GeForce RTX 3090, 4289, 24576, 52, 255.67
2026/08/01 16:26:18.744, NVIDIA GeForce RTX 3090, 4289, 24576, 58, 264.04
2026/08/01 16:26:19.791, NVIDIA GeForce RTX 3090, 4289, 24576, 51, 262.60
2026/08/01 16:26:20.823, NVIDIA GeForce RTX 3090, 4289, 24576, 38, 257.59
2026/08/01 16:26:21.873, NVIDIA GeForce RTX 3090, 4289, 24576, 39, 262.14
2026/08/01 16:26:22.923, NVIDIA GeForce RTX 3090, 4289, 24576, 58, 265.57
2026/08/01 16:26:23.971, NVIDIA GeForce RTX 3090, 4289, 24576, 54, 265.76
2026/08/01 16:26:25.058, NVIDIA GeForce RTX 3090, 4289, 24576, 49, 264.46
2026/08/01 16:26:26.107, NVIDIA GeForce RTX 3090, 4289, 24576, 51, 258.29
2026/08/01 16:26:27.178, NVIDIA GeForce RTX 3090, 4289, 24576, 43, 259.58
2026/08/01 16:26:28.227, NVIDIA GeForce RTX 3090, 4289, 24576, 52, 264.76
2026/08/01 16:26:29.276, NVIDIA GeForce RTX 3090, 4289, 24576, 52, 261.24
2026/08/01 16:26:30.342, NVIDIA GeForce RTX 3090, 4289, 24576, 58, 258.26
2026/08/01 16:26:31.391, NVIDIA GeForce RTX 3090, 4289, 24576, 53, 266.66
2026/08/01 16:26:32.439, NVIDIA GeForce RTX 3090, 4289, 24576, 38, 260.10
2026/08/01 16:26:33.494, NVIDIA GeForce RTX 3090, 4289, 24576, 45, 255.15
2026/08/01 16:26:34.558, NVIDIA GeForce RTX 3090, 4289, 24576, 58, 266.58
2026/08/01 16:26:35.610, NVIDIA GeForce RTX 3090, 4289, 24576, 58, 264.63
2026/08/01 16:26:36.698, NVIDIA GeForce RTX 3090, 4289, 24576, 38, 257.69
2026/08/01 16:26:37.794, NVIDIA GeForce RTX 3090, 4289, 24576, 52, 262.68
2026/08/01 16:26:38.858, NVIDIA GeForce RTX 3090, 4289, 24576, 59, 267.39
2026/08/01 16:26:39.907, NVIDIA GeForce RTX 3090, 4289, 24576, 62, 261.35
2026/08/01 16:26:40.934, NVIDIA GeForce RTX 3090, 4289, 24576, 58, 265.72
2026/08/01 16:26:41.979, NVIDIA GeForce RTX 3090, 4289, 24576, 46, 262.85
2026/08/01 16:26:43.024, NVIDIA GeForce RTX 3090, 4289, 24576, 55, 253.38
2026/08/01 16:26:44.076, NVIDIA GeForce RTX 3090, 4289, 24576, 59, 263.88
2026/08/01 16:26:45.150, NVIDIA GeForce RTX 3090, 4289, 24576, 52, 256.83
2026/08/01 16:26:46.200, NVIDIA GeForce RTX 3090, 4289, 24576, 42, 259.50
2026/08/01 16:26:47.268, NVIDIA GeForce RTX 3090, 4289, 24576, 62, 261.61
2026/08/01 16:26:48.378, NVIDIA GeForce RTX 3090, 4289, 24576, 41, 256.76
2026/08/01 16:26:49.442, NVIDIA GeForce RTX 3090, 4289, 24576, 62, 262.80
2026/08/01 16:26:50.485, NVIDIA GeForce RTX 3090, 4289, 24576, 46, 270.86
2026/08/01 16:26:51.550, NVIDIA GeForce RTX 3090, 4289, 24576, 58, 260.10
2026/08/01 16:26:52.599, NVIDIA GeForce RTX 3090, 4289, 24576, 58, 262.55
2026/08/01 16:26:53.698, NVIDIA GeForce RTX 3090, 4289, 24576, 37, 251.58
2026/08/01 16:26:54.743, NVIDIA GeForce RTX 3090, 4289, 24576, 58, 263.97
2026/08/01 16:26:55.792, NVIDIA GeForce RTX 3090, 4289, 24576, 58, 264.35
2026/08/01 16:26:56.845, NVIDIA GeForce RTX 3090, 4289, 24576, 50, 260.09
2026/08/01 16:26:57.919, NVIDIA GeForce RTX 3090, 4289, 24576, 43, 265.22
2026/08/01 16:26:58.972, NVIDIA GeForce RTX 3090, 4289, 24576, 58, 254.75
2026/08/01 16:27:00.024, NVIDIA GeForce RTX 3090, 4289, 24576, 58, 265.46
2026/08/01 16:27:01.118, NVIDIA GeForce RTX 3090, 4289, 24576, 49, 257.57
2026/08/01 16:27:02.146, NVIDIA GeForce RTX 3090, 4289, 24576, 58, 260.14
2026/08/01 16:27:03.218, NVIDIA GeForce RTX 3090, 4289, 24576, 58, 266.53
2026/08/01 16:27:04.313, NVIDIA GeForce RTX 3090, 4289, 24576, 53, 262.76
2026/08/01 16:27:05.363, NVIDIA GeForce RTX 3090, 4289, 24576, 41, 261.51
2026/08/01 16:27:06.410, NVIDIA GeForce RTX 3090, 4289, 24576, 51, 255.24
2026/08/01 16:27:07.455, NVIDIA GeForce RTX 3090, 4289, 24576, 61, 266.70
2026/08/01 16:27:08.499, NVIDIA GeForce RTX 3090, 4289, 24576, 50, 264.41
2026/08/01 16:27:09.589, NVIDIA GeForce RTX 3090, 4289, 24576, 42, 260.84
2026/08/01 16:27:10.636, NVIDIA GeForce RTX 3090, 4289, 24576, 58, 258.92
2026/08/01 16:27:11.702, NVIDIA GeForce RTX 3090, 4289, 24576, 38, 258.53
2026/08/01 16:27:12.747, NVIDIA GeForce RTX 3090, 4289, 24576, 37, 258.80
2026/08/01 16:27:13.799, NVIDIA GeForce RTX 3090, 4289, 24576, 63, 261.90
2026/08/01 16:27:14.843, NVIDIA GeForce RTX 3090, 4289, 24576, 55, 261.96
2026/08/01 16:27:15.886, NVIDIA GeForce RTX 3090, 4289, 24576, 60, 264.69
2026/08/01 16:27:16.986, NVIDIA GeForce RTX 3090, 4289, 24576, 53, 265.34
2026/08/01 16:27:18.035, NVIDIA GeForce RTX 3090, 4289, 24576, 52, 254.81
2026/08/01 16:27:19.079, NVIDIA GeForce RTX 3090, 4289, 24576, 71, 263.04
2026/08/01 16:27:20.126, NVIDIA GeForce RTX 3090, 4289, 24576, 37, 263.51
2026/08/01 16:27:21.218, NVIDIA GeForce RTX 3090, 4289, 24576, 58, 267.49
2026/08/01 16:27:22.290, NVIDIA GeForce RTX 3090, 4289, 24576, 36, 256.78
2026/08/01 16:27:23.339, NVIDIA GeForce RTX 3090, 4289, 24576, 57, 257.98
2026/08/01 16:27:24.388, NVIDIA GeForce RTX 3090, 4289, 24576, 58, 263.41
2026/08/01 16:27:25.444, NVIDIA GeForce RTX 3090, 4289, 24576, 58, 266.75
2026/08/01 16:27:26.493, NVIDIA GeForce RTX 3090, 4289, 24576, 65, 265.03
2026/08/01 16:27:27.567, NVIDIA GeForce RTX 3090, 4289, 24576, 52, 258.83
2026/08/01 16:27:28.647, NVIDIA GeForce RTX 3090, 4289, 24576, 42, 258.11
2026/08/01 16:27:29.695, NVIDIA GeForce RTX 3090, 4289, 24576, 48, 257.61
2026/08/01 16:27:30.758, NVIDIA GeForce RTX 3090, 4289, 24576, 52, 256.91
2026/08/01 16:27:31.804, NVIDIA GeForce RTX 3090, 4289, 24576, 58, 264.71
2026/08/01 16:27:32.890, NVIDIA GeForce RTX 3090, 4289, 24576, 38, 262.62
2026/08/01 16:27:33.958, NVIDIA GeForce RTX 3090, 4289, 24576, 51, 257.87
2026/08/01 16:27:35.026, NVIDIA GeForce RTX 3090, 4289, 24576, 41, 259.21
2026/08/01 16:27:36.080, NVIDIA GeForce RTX 3090, 4289, 24576, 61, 259.02
2026/08/01 16:27:37.128, NVIDIA GeForce RTX 3090, 4289, 24576, 36, 262.52
2026/08/01 16:27:38.176, NVIDIA GeForce RTX 3090, 4289, 24576, 57, 256.26
2026/08/01 16:27:39.224, NVIDIA GeForce RTX 3090, 4289, 24576, 53, 263.11
2026/08/01 16:27:40.277, NVIDIA GeForce RTX 3090, 4289, 24576, 35, 254.50
2026/08/01 16:27:41.370, NVIDIA GeForce RTX 3090, 4289, 24576, 51, 269.27
2026/08/01 16:27:42.424, NVIDIA GeForce RTX 3090, 4289, 24576, 58, 259.88
2026/08/01 16:27:43.481, NVIDIA GeForce RTX 3090, 4289, 24576, 50, 263.86
2026/08/01 16:27:44.551, NVIDIA GeForce RTX 3090, 4289, 24576, 37, 255.18
2026/08/01 16:27:45.604, NVIDIA GeForce RTX 3090, 4289, 24576, 44, 258.78
2026/08/01 16:27:46.675, NVIDIA GeForce RTX 3090, 4289, 24576, 46, 259.56
2026/08/01 16:27:47.733, NVIDIA GeForce RTX 3090, 4289, 24576, 62, 262.32
2026/08/01 16:27:48.810, NVIDIA GeForce RTX 3090, 4289, 24576, 42, 261.73
2026/08/01 16:27:49.882, NVIDIA GeForce RTX 3090, 4289, 24576, 70, 261.44
2026/08/01 16:27:50.933, NVIDIA GeForce RTX 3090, 4289, 24576, 56, 264.26
2026/08/01 16:27:52.003, NVIDIA GeForce RTX 3090, 4289, 24576, 58, 264.34
2026/08/01 16:27:53.079, NVIDIA GeForce RTX 3090, 4289, 24576, 48, 262.31
2026/08/01 16:27:54.175, NVIDIA GeForce RTX 3090, 4289, 24576, 51, 262.99
2026/08/01 16:27:55.227, NVIDIA GeForce RTX 3090, 4289, 24576, 71, 265.42
2026/08/01 16:27:56.277, NVIDIA GeForce RTX 3090, 4289, 24576, 47, 257.98
2026/08/01 16:27:57.308, NVIDIA GeForce RTX 3090, 4289, 24576, 49, 258.61
2026/08/01 16:27:58.360, NVIDIA GeForce RTX 3090, 4289, 24576, 48, 258.21
2026/08/01 16:27:59.435, NVIDIA GeForce RTX 3090, 4289, 24576, 58, 263.64
2026/08/01 16:28:00.506, NVIDIA GeForce RTX 3090, 4289, 24576, 39, 261.97
2026/08/01 16:28:01.579, NVIDIA GeForce RTX 3090, 4289, 24576, 57, 257.55
2026/08/01 16:28:02.628, NVIDIA GeForce RTX 3090, 4289, 24576, 39, 252.21
2026/08/01 16:28:03.695, NVIDIA GeForce RTX 3090, 4289, 24576, 62, 264.42
2026/08/01 16:28:04.763, NVIDIA GeForce RTX 3090, 4289, 24576, 61, 264.72
2026/08/01 16:28:05.850, NVIDIA GeForce RTX 3090, 4289, 24576, 40, 253.28
2026/08/01 16:28:06.918, NVIDIA GeForce RTX 3090, 4289, 24576, 57, 265.41
2026/08/01 16:28:07.965, NVIDIA GeForce RTX 3090, 4289, 24576, 50, 256.54
2026/08/01 16:28:09.021, NVIDIA GeForce RTX 3090, 4289, 24576, 49, 258.96
2026/08/01 16:28:10.068, NVIDIA GeForce RTX 3090, 4289, 24576, 57, 262.08
2026/08/01 16:28:11.116, NVIDIA GeForce RTX 3090, 4289, 24576, 62, 265.00
2026/08/01 16:28:12.164, NVIDIA GeForce RTX 3090, 4289, 24576, 58, 251.16
2026/08/01 16:28:13.264, NVIDIA GeForce RTX 3090, 4289, 24576, 58, 265.17
2026/08/01 16:28:14.355, NVIDIA GeForce RTX 3090, 4289, 24576, 48, 261.40
2026/08/01 16:28:15.408, NVIDIA GeForce RTX 3090, 4289, 24576, 52, 255.62
2026/08/01 16:28:16.456, NVIDIA GeForce RTX 3090, 4289, 24576, 58, 262.21
2026/08/01 16:28:17.550, NVIDIA GeForce RTX 3090, 4289, 24576, 41, 261.04
2026/08/01 16:28:18.650, NVIDIA GeForce RTX 3090, 4289, 24576, 58, 258.94
2026/08/01 16:28:19.743, NVIDIA GeForce RTX 3090, 4289, 24576, 53, 267.63
2026/08/01 16:28:20.794, NVIDIA GeForce RTX 3090, 4289, 24576, 40, 260.77
2026/08/01 16:28:21.839, NVIDIA GeForce RTX 3090, 4289, 24576, 42, 255.90
2026/08/01 16:28:22.887, NVIDIA GeForce RTX 3090, 4289, 24576, 59, 270.63
2026/08/01 16:28:23.935, NVIDIA GeForce RTX 3090, 4289, 24576, 38, 260.00
2026/08/01 16:28:25.022, NVIDIA GeForce RTX 3090, 4289, 24576, 58, 265.65
2026/08/01 16:28:26.097, NVIDIA GeForce RTX 3090, 4289, 24576, 48, 261.98
2026/08/01 16:28:27.144, NVIDIA GeForce RTX 3090, 4289, 24576, 39, 259.53
2026/08/01 16:28:28.206, NVIDIA GeForce RTX 3090, 4289, 24576, 42, 261.12
2026/08/01 16:28:29.302, NVIDIA GeForce RTX 3090, 4289, 24576, 47, 263.84
2026/08/01 16:28:30.346, NVIDIA GeForce RTX 3090, 4289, 24576, 37, 257.68
2026/08/01 16:28:31.434, NVIDIA GeForce RTX 3090, 4289, 24576, 43, 267.24
2026/08/01 16:28:32.479, NVIDIA GeForce RTX 3090, 4289, 24576, 49, 260.49
2026/08/01 16:28:33.555, NVIDIA GeForce RTX 3090, 4289, 24576, 59, 261.92
2026/08/01 16:28:34.611, NVIDIA GeForce RTX 3090, 4289, 24576, 41, 259.75
2026/08/01 16:28:35.667, NVIDIA GeForce RTX 3090, 4289, 24576, 63, 256.90
2026/08/01 16:28:36.750, NVIDIA GeForce RTX 3090, 4289, 24576, 52, 262.04
2026/08/01 16:28:37.826, NVIDIA GeForce RTX 3090, 4289, 24576, 42, 255.70
2026/08/01 16:28:38.876, NVIDIA GeForce RTX 3090, 4289, 24576, 59, 264.25
2026/08/01 16:28:39.946, NVIDIA GeForce RTX 3090, 4289, 24576, 62, 262.85
2026/08/01 16:28:40.995, NVIDIA GeForce RTX 3090, 4289, 24576, 42, 258.00
2026/08/01 16:28:42.066, NVIDIA GeForce RTX 3090, 4289, 24576, 73, 267.48
2026/08/01 16:28:43.154, NVIDIA GeForce RTX 3090, 4289, 24576, 36, 256.01
2026/08/01 16:28:44.200, NVIDIA GeForce RTX 3090, 4289, 24576, 57, 262.37
2026/08/01 16:28:45.252, NVIDIA GeForce RTX 3090, 4289, 24576, 58, 264.46
2026/08/01 16:28:46.323, NVIDIA GeForce RTX 3090, 4289, 24576, 56, 266.25
2026/08/01 16:28:47.393, NVIDIA GeForce RTX 3090, 4289, 24576, 58, 252.24
2026/08/01 16:28:48.467, NVIDIA GeForce RTX 3090, 4289, 24576, 58, 264.88
2026/08/01 16:28:49.537, NVIDIA GeForce RTX 3090, 4289, 24576, 50, 259.66
2026/08/01 16:28:50.565, NVIDIA GeForce RTX 3090, 4289, 24576, 62, 257.71
2026/08/01 16:28:51.619, NVIDIA GeForce RTX 3090, 4289, 24576, 44, 261.23
2026/08/01 16:28:52.686, NVIDIA GeForce RTX 3090, 4289, 24576, 62, 254.90
2026/08/01 16:28:53.731, NVIDIA GeForce RTX 3090, 4289, 24576, 61, 267.68
2026/08/01 16:28:54.798, NVIDIA GeForce RTX 3090, 4289, 24576, 58, 255.58
2026/08/01 16:28:55.851, NVIDIA GeForce RTX 3090, 4289, 24576, 57, 266.46
2026/08/01 16:28:56.903, NVIDIA GeForce RTX 3090, 4289, 24576, 35, 256.36
2026/08/01 16:28:57.933, NVIDIA GeForce RTX 3090, 4289, 24576, 44, 257.23
2026/08/01 16:28:58.979, NVIDIA GeForce RTX 3090, 4289, 24576, 53, 265.54
2026/08/01 16:29:00.028, NVIDIA GeForce RTX 3090, 4289, 24576, 39, 268.39
2026/08/01 16:29:01.119, NVIDIA GeForce RTX 3090, 4289, 24576, 61, 260.65
2026/08/01 16:29:02.168, NVIDIA GeForce RTX 3090, 4289, 24576, 60, 265.61
2026/08/01 16:29:03.218, NVIDIA GeForce RTX 3090, 4289, 24576, 58, 266.04
2026/08/01 16:29:04.315, NVIDIA GeForce RTX 3090, 4289, 24576, 47, 259.27
2026/08/01 16:29:05.367, NVIDIA GeForce RTX 3090, 4289, 24576, 64, 259.46
2026/08/01 16:29:06.421, NVIDIA GeForce RTX 3090, 4289, 24576, 58, 265.82
2026/08/01 16:29:07.498, NVIDIA GeForce RTX 3090, 4289, 24576, 45, 263.74
2026/08/01 16:29:08.547, NVIDIA GeForce RTX 3090, 4289, 24576, 49, 253.03
2026/08/01 16:29:09.591, NVIDIA GeForce RTX 3090, 4289, 24576, 58, 261.58
2026/08/01 16:29:10.665, NVIDIA GeForce RTX 3090, 4289, 24576, 60, 265.94
2026/08/01 16:29:11.716, NVIDIA GeForce RTX 3090, 4289, 24576, 50, 261.27
2026/08/01 16:29:12.782, NVIDIA GeForce RTX 3090, 4289, 24576, 53, 265.17
2026/08/01 16:29:13.855, NVIDIA GeForce RTX 3090, 4289, 24576, 53, 254.99
2026/08/01 16:29:14.902, NVIDIA GeForce RTX 3090, 4289, 24576, 49, 258.31
2026/08/01 16:29:15.956, NVIDIA GeForce RTX 3090, 4289, 24576, 61, 257.85
2026/08/01 16:29:17.045, NVIDIA GeForce RTX 3090, 4289, 24576, 55, 263.75
2026/08/01 16:29:18.142, NVIDIA GeForce RTX 3090, 4289, 24576, 71, 261.95
2026/08/01 16:29:19.209, NVIDIA GeForce RTX 3090, 4289, 24576, 58, 259.11
2026/08/01 16:29:20.259, NVIDIA GeForce RTX 3090, 4289, 24576, 39, 259.06
2026/08/01 16:29:21.350, NVIDIA GeForce RTX 3090, 4289, 24576, 61, 261.43
2026/08/01 16:29:22.417, NVIDIA GeForce RTX 3090, 4289, 24576, 58, 265.50
2026/08/01 16:29:23.491, NVIDIA GeForce RTX 3090, 4289, 24576, 47, 264.44
2026/08/01 16:29:24.581, NVIDIA GeForce RTX 3090, 4289, 24576, 52, 262.40
2026/08/01 16:29:25.636, NVIDIA GeForce RTX 3090, 4289, 24576, 42, 257.07
2026/08/01 16:29:26.678, NVIDIA GeForce RTX 3090, 4289, 24576, 53, 265.20
2026/08/01 16:29:27.750, NVIDIA GeForce RTX 3090, 4289, 24576, 51, 260.14
2026/08/01 16:29:28.797, NVIDIA GeForce RTX 3090, 4289, 24576, 56, 259.69
2026/08/01 16:29:29.852, NVIDIA GeForce RTX 3090, 4289, 24576, 56, 265.13
2026/08/01 16:29:30.926, NVIDIA GeForce RTX 3090, 4289, 24576, 35, 258.28
2026/08/01 16:29:32.019, NVIDIA GeForce RTX 3090, 4289, 24576, 58, 262.45
2026/08/01 16:29:33.099, NVIDIA GeForce RTX 3090, 4289, 24576, 36, 261.42
2026/08/01 16:29:34.174, NVIDIA GeForce RTX 3090, 4289, 24576, 38, 257.61
2026/08/01 16:29:35.263, NVIDIA GeForce RTX 3090, 4289, 24576, 58, 265.49
2026/08/01 16:29:36.339, NVIDIA GeForce RTX 3090, 4289, 24576, 38, 258.40
2026/08/01 16:29:37.402, NVIDIA GeForce RTX 3090, 4289, 24576, 58, 263.25
2026/08/01 16:29:38.452, NVIDIA GeForce RTX 3090, 4289, 24576, 50, 261.37
2026/08/01 16:29:39.547, NVIDIA GeForce RTX 3090, 4289, 24576, 47, 254.81
2026/08/01 16:29:40.600, NVIDIA GeForce RTX 3090, 4289, 24576, 58, 264.95
2026/08/01 16:29:41.648, NVIDIA GeForce RTX 3090, 4289, 24576, 63, 265.86
2026/08/01 16:29:42.696, NVIDIA GeForce RTX 3090, 4289, 24576, 50, 257.29
2026/08/01 16:29:43.787, NVIDIA GeForce RTX 3090, 4289, 24576, 83, 263.02
2026/08/01 16:29:44.863, NVIDIA GeForce RTX 3090, 4289, 24576, 40, 272.39
2026/08/01 16:29:45.958, NVIDIA GeForce RTX 3090, 4289, 24576, 49, 264.52
2026/08/01 16:29:47.051, NVIDIA GeForce RTX 3090, 4289, 24576, 52, 259.35
2026/08/01 16:29:48.151, NVIDIA GeForce RTX 3090, 4289, 24576, 61, 263.74
2026/08/01 16:29:49.201, NVIDIA GeForce RTX 3090, 4289, 24576, 52, 255.38
2026/08/01 16:29:50.292, NVIDIA GeForce RTX 3090, 4289, 24576, 60, 264.87
2026/08/01 16:29:51.338, NVIDIA GeForce RTX 3090, 4289, 24576, 58, 264.78
2026/08/01 16:29:52.391, NVIDIA GeForce RTX 3090, 4289, 24576, 52, 263.68
2026/08/01 16:29:53.487, NVIDIA GeForce RTX 3090, 4289, 24576, 46, 260.96
2026/08/01 16:29:54.590, NVIDIA GeForce RTX 3090, 4289, 24576, 57, 259.66
2026/08/01 16:29:55.654, NVIDIA GeForce RTX 3090, 4289, 24576, 53, 262.51
2026/08/01 16:29:56.723, NVIDIA GeForce RTX 3090, 4289, 24576, 36, 256.82
2026/08/01 16:29:57.798, NVIDIA GeForce RTX 3090, 4289, 24576, 58, 266.20
2026/08/01 16:29:58.849, NVIDIA GeForce RTX 3090, 4289, 24576, 54, 263.47
2026/08/01 16:29:59.922, NVIDIA GeForce RTX 3090, 4289, 24576, 37, 259.58
2026/08/01 16:30:00.991, NVIDIA GeForce RTX 3090, 4289, 24576, 44, 258.52
2026/08/01 16:30:02.067, NVIDIA GeForce RTX 3090, 4289, 24576, 58, 264.33
2026/08/01 16:30:03.121, NVIDIA GeForce RTX 3090, 4289, 24576, 46, 253.07
2026/08/01 16:30:04.176, NVIDIA GeForce RTX 3090, 4289, 24576, 61, 263.54
2026/08/01 16:30:05.229, NVIDIA GeForce RTX 3090, 4289, 24576, 58, 264.11
2026/08/01 16:30:06.322, NVIDIA GeForce RTX 3090, 4289, 24576, 62, 265.18
2026/08/01 16:30:07.372, NVIDIA GeForce RTX 3090, 4289, 24576, 54, 260.38
2026/08/01 16:30:08.424, NVIDIA GeForce RTX 3090, 4289, 24576, 53, 263.51
2026/08/01 16:30:09.495, NVIDIA GeForce RTX 3090, 4289, 24576, 61, 263.38
2026/08/01 16:30:10.589, NVIDIA GeForce RTX 3090, 4289, 24576, 57, 258.78
2026/08/01 16:30:11.675, NVIDIA GeForce RTX 3090, 4289, 24576, 42, 256.95
2026/08/01 16:30:12.751, NVIDIA GeForce RTX 3090, 4289, 24576, 49, 255.45
2026/08/01 16:30:13.823, NVIDIA GeForce RTX 3090, 4289, 24576, 58, 264.55
2026/08/01 16:30:14.872, NVIDIA GeForce RTX 3090, 4289, 24576, 38, 260.13
2026/08/01 16:30:15.971, NVIDIA GeForce RTX 3090, 4289, 24576, 60, 261.41
2026/08/01 16:30:17.051, NVIDIA GeForce RTX 3090, 4289, 24576, 56, 251.72
2026/08/01 16:30:18.105, NVIDIA GeForce RTX 3090, 4289, 24576, 62, 265.44
2026/08/01 16:30:19.157, NVIDIA GeForce RTX 3090, 4289, 24576, 59, 264.81
2026/08/01 16:30:20.221, NVIDIA GeForce RTX 3090, 4289, 24576, 56, 264.25
2026/08/01 16:30:21.306, NVIDIA GeForce RTX 3090, 4289, 24576, 61, 255.00
2026/08/01 16:30:22.359, NVIDIA GeForce RTX 3090, 4289, 24576, 40, 264.25
2026/08/01 16:30:23.430, NVIDIA GeForce RTX 3090, 4289, 24576, 56, 257.05
2026/08/01 16:30:24.480, NVIDIA GeForce RTX 3090, 4289, 24576, 48, 260.16
2026/08/01 16:30:25.534, NVIDIA GeForce RTX 3090, 4289, 24576, 48, 263.86
2026/08/01 16:30:26.559, NVIDIA GeForce RTX 3090, 4289, 24576, 49, 262.64
2026/08/01 16:30:27.606, NVIDIA GeForce RTX 3090, 4289, 24576, 58, 257.21
2026/08/01 16:30:28.698, NVIDIA GeForce RTX 3090, 4289, 24576, 62, 262.94
2026/08/01 16:30:29.747, NVIDIA GeForce RTX 3090, 4289, 24576, 60, 256.59
2026/08/01 16:30:30.814, NVIDIA GeForce RTX 3090, 4289, 24576, 58, 258.51
2026/08/01 16:30:31.863, NVIDIA GeForce RTX 3090, 4289, 24576, 43, 261.18
2026/08/01 16:30:32.954, NVIDIA GeForce RTX 3090, 4289, 24576, 62, 258.77
2026/08/01 16:30:34.004, NVIDIA GeForce RTX 3090, 4289, 24576, 53, 259.68
2026/08/01 16:30:35.070, NVIDIA GeForce RTX 3090, 4289, 24576, 46, 255.51
2026/08/01 16:30:36.135, NVIDIA GeForce RTX 3090, 4289, 24576, 60, 262.55
2026/08/01 16:30:37.189, NVIDIA GeForce RTX 3090, 4289, 24576, 61, 253.42
2026/08/01 16:30:38.259, NVIDIA GeForce RTX 3090, 4289, 24576, 56, 264.28
2026/08/01 16:30:39.311, NVIDIA GeForce RTX 3090, 4289, 24576, 36, 259.97
2026/08/01 16:30:40.359, NVIDIA GeForce RTX 3090, 4289, 24576, 44, 258.09
2026/08/01 16:30:41.429, NVIDIA GeForce RTX 3090, 4289, 24576, 54, 263.61
2026/08/01 16:30:42.479, NVIDIA GeForce RTX 3090, 4289, 24576, 61, 266.50
2026/08/01 16:30:43.523, NVIDIA GeForce RTX 3090, 4289, 24576, 62, 266.83
2026/08/01 16:30:44.572, NVIDIA GeForce RTX 3090, 4289, 24576, 62, 265.16
2026/08/01 16:30:45.623, NVIDIA GeForce RTX 3090, 4289, 24576, 54, 258.30
2026/08/01 16:30:46.671, NVIDIA GeForce RTX 3090, 4289, 24576, 58, 262.79
2026/08/01 16:30:47.745, NVIDIA GeForce RTX 3090, 4289, 24576, 57, 264.11
2026/08/01 16:30:48.817, NVIDIA GeForce RTX 3090, 4289, 24576, 60, 262.72
2026/08/01 16:30:49.886, NVIDIA GeForce RTX 3090, 4289, 24576, 52, 250.96
2026/08/01 16:30:50.954, NVIDIA GeForce RTX 3090, 4289, 24576, 62, 265.37
2026/08/01 16:30:52.004, NVIDIA GeForce RTX 3090, 4289, 24576, 58, 266.49
2026/08/01 16:30:53.055, NVIDIA GeForce RTX 3090, 4289, 24576, 58, 265.28
2026/08/01 16:30:54.122, NVIDIA GeForce RTX 3090, 4289, 24576, 39, 259.64
2026/08/01 16:30:55.167, NVIDIA GeForce RTX 3090, 4289, 24576, 36, 258.83
2026/08/01 16:30:56.254, NVIDIA GeForce RTX 3090, 4289, 24576, 58, 262.30
2026/08/01 16:30:57.330, NVIDIA GeForce RTX 3090, 4289, 24576, 49, 265.95
2026/08/01 16:30:58.397, NVIDIA GeForce RTX 3090, 4289, 24576, 58, 262.91
2026/08/01 16:30:59.490, NVIDIA GeForce RTX 3090, 4289, 24576, 52, 264.10
2026/08/01 16:31:00.557, NVIDIA GeForce RTX 3090, 4289, 24576, 48, 256.86
2026/08/01 16:31:01.608, NVIDIA GeForce RTX 3090, 4289, 24576, 54, 258.37
2026/08/01 16:31:02.659, NVIDIA GeForce RTX 3090, 4289, 24576, 58, 260.81
2026/08/01 16:31:03.727, NVIDIA GeForce RTX 3090, 4289, 24576, 57, 263.54
2026/08/01 16:31:04.818, NVIDIA GeForce RTX 3090, 4289, 24576, 51, 260.00
2026/08/01 16:31:05.864, NVIDIA GeForce RTX 3090, 4289, 24576, 58, 255.73
2026/08/01 16:31:06.911, NVIDIA GeForce RTX 3090, 4289, 24576, 62, 267.32
2026/08/01 16:31:08.002, NVIDIA GeForce RTX 3090, 4289, 24576, 58, 265.40
2026/08/01 16:31:09.048, NVIDIA GeForce RTX 3090, 4289, 24576, 51, 263.66
2026/08/01 16:31:10.098, NVIDIA GeForce RTX 3090, 4289, 24576, 51, 256.66
2026/08/01 16:31:11.170, NVIDIA GeForce RTX 3090, 4289, 24576, 49, 264.01
2026/08/01 16:31:12.214, NVIDIA GeForce RTX 3090, 4289, 24576, 58, 266.62
2026/08/01 16:31:13.263, NVIDIA GeForce RTX 3090, 4289, 24576, 62, 256.71
2026/08/01 16:31:14.306, NVIDIA GeForce RTX 3090, 4289, 24576, 62, 260.40
2026/08/01 16:31:15.355, NVIDIA GeForce RTX 3090, 4289, 24576, 54, 263.43
2026/08/01 16:31:16.429, NVIDIA GeForce RTX 3090, 4289, 24576, 53, 255.52
2026/08/01 16:31:17.498, NVIDIA GeForce RTX 3090, 4289, 24576, 62, 260.90
2026/08/01 16:31:18.571, NVIDIA GeForce RTX 3090, 4289, 24576, 59, 264.07
2026/08/01 16:31:19.644, NVIDIA GeForce RTX 3090, 4289, 24576, 44, 260.74
2026/08/01 16:31:20.718, NVIDIA GeForce RTX 3090, 4289, 24576, 40, 258.20
2026/08/01 16:31:21.818, NVIDIA GeForce RTX 3090, 4289, 24576, 52, 270.91
2026/08/01 16:31:22.863, NVIDIA GeForce RTX 3090, 4289, 24576, 43, 255.46
2026/08/01 16:31:23.954, NVIDIA GeForce RTX 3090, 4289, 24576, 62, 266.73
2026/08/01 16:31:25.007, NVIDIA GeForce RTX 3090, 4289, 24576, 41, 260.20
2026/08/01 16:31:26.055, NVIDIA GeForce RTX 3090, 4289, 24576, 58, 257.64
2026/08/01 16:31:27.130, NVIDIA GeForce RTX 3090, 4289, 24576, 49, 263.58
2026/08/01 16:31:28.202, NVIDIA GeForce RTX 3090, 4289, 24576, 61, 261.39
2026/08/01 16:31:29.256, NVIDIA GeForce RTX 3090, 4289, 24576, 56, 256.82
2026/08/01 16:31:30.303, NVIDIA GeForce RTX 3090, 4289, 24576, 61, 264.11
2026/08/01 16:31:31.351, NVIDIA GeForce RTX 3090, 4289, 24576, 61, 264.54
2026/08/01 16:31:32.451, NVIDIA GeForce RTX 3090, 4289, 24576, 48, 253.45
2026/08/01 16:31:33.553, NVIDIA GeForce RTX 3090, 4289, 24576, 37, 258.43
2026/08/01 16:31:34.584, NVIDIA GeForce RTX 3090, 4289, 24576, 52, 258.69
2026/08/01 16:31:35.659, NVIDIA GeForce RTX 3090, 4289, 24576, 58, 260.44
2026/08/01 16:31:36.730, NVIDIA GeForce RTX 3090, 4289, 24576, 50, 263.29
2026/08/01 16:31:37.815, NVIDIA GeForce RTX 3090, 4289, 24576, 40, 254.87
2026/08/01 16:31:38.890, NVIDIA GeForce RTX 3090, 4289, 24576, 62, 261.53
2026/08/01 16:31:39.944, NVIDIA GeForce RTX 3090, 4289, 24576, 61, 265.20
2026/08/01 16:31:41.038, NVIDIA GeForce RTX 3090, 4289, 24576, 49, 263.96
2026/08/01 16:31:42.089, NVIDIA GeForce RTX 3090, 4289, 24576, 43, 256.60
2026/08/01 16:31:43.158, NVIDIA GeForce RTX 3090, 4289, 24576, 60, 262.76
2026/08/01 16:31:44.213, NVIDIA GeForce RTX 3090, 4289, 24576, 58, 265.47
2026/08/01 16:31:45.287, NVIDIA GeForce RTX 3090, 4289, 24576, 38, 259.58
2026/08/01 16:31:46.355, NVIDIA GeForce RTX 3090, 4289, 24576, 62, 257.01
2026/08/01 16:31:47.457, NVIDIA GeForce RTX 3090, 4289, 24576, 52, 261.11
2026/08/01 16:31:48.550, NVIDIA GeForce RTX 3090, 4289, 24576, 37, 256.02
2026/08/01 16:31:49.644, NVIDIA GeForce RTX 3090, 4289, 24576, 57, 256.99
2026/08/01 16:31:50.714, NVIDIA GeForce RTX 3090, 4289, 24576, 38, 261.17
2026/08/01 16:31:51.806, NVIDIA GeForce RTX 3090, 4289, 24576, 58, 257.89
2026/08/01 16:31:52.879, NVIDIA GeForce RTX 3090, 4289, 24576, 48, 262.83
2026/08/01 16:31:53.933, NVIDIA GeForce RTX 3090, 4289, 24576, 46, 257.13
2026/08/01 16:31:55.006, NVIDIA GeForce RTX 3090, 4289, 24576, 56, 265.68
2026/08/01 16:31:56.103, NVIDIA GeForce RTX 3090, 4289, 24576, 38, 261.46
2026/08/01 16:31:57.150, NVIDIA GeForce RTX 3090, 4289, 24576, 43, 255.94
2026/08/01 16:31:58.197, NVIDIA GeForce RTX 3090, 4289, 24576, 43, 262.70
2026/08/01 16:31:59.295, NVIDIA GeForce RTX 3090, 4289, 24576, 37, 258.26
2026/08/01 16:32:00.352, NVIDIA GeForce RTX 3090, 4289, 24576, 61, 254.84
2026/08/01 16:32:01.447, NVIDIA GeForce RTX 3090, 4289, 24576, 57, 264.78
2026/08/01 16:32:02.497, NVIDIA GeForce RTX 3090, 4289, 24576, 47, 259.83
2026/08/01 16:32:03.562, NVIDIA GeForce RTX 3090, 4289, 24576, 51, 257.28
2026/08/01 16:32:04.658, NVIDIA GeForce RTX 3090, 4289, 24576, 58, 263.92
2026/08/01 16:32:05.704, NVIDIA GeForce RTX 3090, 4289, 24576, 60, 262.55
2026/08/01 16:32:06.757, NVIDIA GeForce RTX 3090, 4289, 24576, 62, 259.36
2026/08/01 16:32:07.822, NVIDIA GeForce RTX 3090, 4289, 24576, 56, 263.46
2026/08/01 16:32:08.876, NVIDIA GeForce RTX 3090, 4289, 24576, 44, 251.90
2026/08/01 16:32:09.925, NVIDIA GeForce RTX 3090, 4289, 24576, 62, 264.40
2026/08/01 16:32:10.998, NVIDIA GeForce RTX 3090, 4289, 24576, 58, 265.29
2026/08/01 16:32:12.045, NVIDIA GeForce RTX 3090, 4289, 24576, 58, 265.87
2026/08/01 16:32:13.097, NVIDIA GeForce RTX 3090, 4289, 24576, 39, 260.18
2026/08/01 16:32:14.191, NVIDIA GeForce RTX 3090, 4289, 24576, 41, 265.55
2026/08/01 16:32:15.241, NVIDIA GeForce RTX 3090, 4289, 24576, 58, 257.02
2026/08/01 16:32:16.315, NVIDIA GeForce RTX 3090, 4289, 24576, 48, 255.12
2026/08/01 16:32:17.367, NVIDIA GeForce RTX 3090, 4289, 24576, 61, 263.08
2026/08/01 16:32:18.463, NVIDIA GeForce RTX 3090, 4289, 24576, 56, 264.54
2026/08/01 16:32:19.512, NVIDIA GeForce RTX 3090, 4289, 24576, 59, 256.80
2026/08/01 16:32:20.586, NVIDIA GeForce RTX 3090, 4289, 24576, 57, 261.97
2026/08/01 16:32:21.654, NVIDIA GeForce RTX 3090, 4289, 24576, 40, 251.46
2026/08/01 16:32:22.700, NVIDIA GeForce RTX 3090, 4289, 24576, 61, 265.59
2026/08/01 16:32:23.794, NVIDIA GeForce RTX 3090, 4289, 24576, 58, 265.53
2026/08/01 16:32:24.890, NVIDIA GeForce RTX 3090, 4289, 24576, 61, 265.95
2026/08/01 16:32:25.944, NVIDIA GeForce RTX 3090, 4289, 24576, 61, 266.14
2026/08/01 16:32:27.047, NVIDIA GeForce RTX 3090, 4289, 24576, 56, 264.77
2026/08/01 16:32:28.117, NVIDIA GeForce RTX 3090, 4289, 24576, 49, 260.28
2026/08/01 16:32:29.163, NVIDIA GeForce RTX 3090, 4289, 24576, 37, 253.51
2026/08/01 16:32:30.254, NVIDIA GeForce RTX 3090, 4289, 24576, 58, 265.36
2026/08/01 16:32:31.306, NVIDIA GeForce RTX 3090, 4289, 24576, 50, 263.88
2026/08/01 16:32:32.351, NVIDIA GeForce RTX 3090, 4289, 24576, 42, 260.82
2026/08/01 16:32:33.403, NVIDIA GeForce RTX 3090, 4289, 24576, 54, 263.56
2026/08/01 16:32:34.448, NVIDIA GeForce RTX 3090, 4289, 24576, 50, 262.29
2026/08/01 16:32:35.513, NVIDIA GeForce RTX 3090, 4289, 24576, 61, 258.58
2026/08/01 16:32:36.564, NVIDIA GeForce RTX 3090, 4289, 24576, 43, 263.02
2026/08/01 16:32:37.637, NVIDIA GeForce RTX 3090, 4289, 24576, 42, 263.58
2026/08/01 16:32:38.731, NVIDIA GeForce RTX 3090, 4289, 24576, 62, 255.73
2026/08/01 16:32:39.822, NVIDIA GeForce RTX 3090, 4289, 24576, 62, 258.48
2026/08/01 16:32:40.891, NVIDIA GeForce RTX 3090, 4289, 24576, 51, 256.33
2026/08/01 16:32:41.961, NVIDIA GeForce RTX 3090, 4289, 24576, 42, 264.27
2026/08/01 16:32:43.002, NVIDIA GeForce RTX 3090, 4289, 24576, 58, 264.94
2026/08/01 16:32:44.047, NVIDIA GeForce RTX 3090, 4289, 24576, 39, 262.01
2026/08/01 16:32:45.098, NVIDIA GeForce RTX 3090, 4289, 24576, 37, 260.47
2026/08/01 16:32:46.148, NVIDIA GeForce RTX 3090, 4289, 24576, 62, 258.61
2026/08/01 16:32:47.194, NVIDIA GeForce RTX 3090, 4289, 24576, 56, 263.96
2026/08/01 16:32:48.243, NVIDIA GeForce RTX 3090, 4289, 24576, 52, 259.95
2026/08/01 16:32:49.287, NVIDIA GeForce RTX 3090, 4289, 24576, 63, 256.86
2026/08/01 16:32:50.358, NVIDIA GeForce RTX 3090, 4289, 24576, 62, 261.71
2026/08/01 16:32:51.407, NVIDIA GeForce RTX 3090, 4289, 24576, 58, 265.07
2026/08/01 16:32:52.460, NVIDIA GeForce RTX 3090, 4289, 24576, 58, 262.84
2026/08/01 16:32:53.512, NVIDIA GeForce RTX 3090, 4289, 24576, 59, 258.45
2026/08/01 16:32:54.583, NVIDIA GeForce RTX 3090, 4289, 24576, 60, 262.01
2026/08/01 16:32:55.659, NVIDIA GeForce RTX 3090, 4289, 24576, 58, 263.63
2026/08/01 16:32:56.707, NVIDIA GeForce RTX 3090, 4289, 24576, 60, 258.73
2026/08/01 16:32:57.755, NVIDIA GeForce RTX 3090, 4289, 24576, 61, 257.84
2026/08/01 16:32:58.821, NVIDIA GeForce RTX 3090, 4289, 24576, 55, 264.35
2026/08/01 16:32:59.871, NVIDIA GeForce RTX 3090, 4289, 24576, 62, 266.13
2026/08/01 16:33:00.918, NVIDIA GeForce RTX 3090, 4289, 24576, 50, 255.94
2026/08/01 16:33:02.014, NVIDIA GeForce RTX 3090, 4289, 24576, 52, 265.63
2026/08/01 16:33:03.062, NVIDIA GeForce RTX 3090, 4289, 24576, 50, 260.25
2026/08/01 16:33:04.151, NVIDIA GeForce RTX 3090, 4289, 24576, 61, 267.18
2026/08/01 16:33:05.200, NVIDIA GeForce RTX 3090, 4289, 24576, 42, 253.06
2026/08/01 16:33:06.297, NVIDIA GeForce RTX 3090, 4289, 24576, 61, 268.04
2026/08/01 16:33:07.398, NVIDIA GeForce RTX 3090, 4289, 24576, 58, 265.27
2026/08/01 16:33:08.448, NVIDIA GeForce RTX 3090, 4289, 24576, 44, 263.00
2026/08/01 16:33:09.495, NVIDIA GeForce RTX 3090, 4289, 24576, 61, 256.53
2026/08/01 16:33:10.593, NVIDIA GeForce RTX 3090, 4289, 24576, 53, 260.55
2026/08/01 16:33:11.661, NVIDIA GeForce RTX 3090, 4289, 24576, 50, 262.98
2026/08/01 16:33:12.711, NVIDIA GeForce RTX 3090, 4289, 24576, 48, 258.53
2026/08/01 16:33:13.764, NVIDIA GeForce RTX 3090, 4289, 24576, 50, 263.34
2026/08/01 16:33:14.825, NVIDIA GeForce RTX 3090, 4289, 24576, 56, 265.97
2026/08/01 16:33:15.921, NVIDIA GeForce RTX 3090, 4289, 24576, 49, 256.20
2026/08/01 16:33:16.967, NVIDIA GeForce RTX 3090, 4289, 24576, 57, 262.85
2026/08/01 16:33:18.019, NVIDIA GeForce RTX 3090, 4289, 24576, 46, 264.64
2026/08/01 16:33:19.090, NVIDIA GeForce RTX 3090, 4289, 24576, 44, 263.54
2026/08/01 16:33:20.139, NVIDIA GeForce RTX 3090, 4289, 24576, 51, 258.82
2026/08/01 16:33:21.239, NVIDIA GeForce RTX 3090, 4289, 24576, 58, 258.21
2026/08/01 16:33:22.291, NVIDIA GeForce RTX 3090, 4289, 24576, 38, 262.91
2026/08/01 16:33:23.358, NVIDIA GeForce RTX 3090, 4289, 24576, 38, 258.18
2026/08/01 16:33:24.425, NVIDIA GeForce RTX 3090, 4289, 24576, 63, 265.58
2026/08/01 16:33:25.476, NVIDIA GeForce RTX 3090, 4289, 24576, 61, 265.54
2026/08/01 16:33:26.527, NVIDIA GeForce RTX 3090, 4289, 24576, 50, 263.36
2026/08/01 16:33:27.574, NVIDIA GeForce RTX 3090, 4289, 24576, 57, 265.22
2026/08/01 16:33:28.620, NVIDIA GeForce RTX 3090, 4289, 24576, 53, 260.82
2026/08/01 16:33:29.670, NVIDIA GeForce RTX 3090, 4289, 24576, 54, 257.18
2026/08/01 16:33:30.719, NVIDIA GeForce RTX 3090, 4289, 24576, 62, 262.65
2026/08/01 16:33:31.771, NVIDIA GeForce RTX 3090, 4289, 24576, 53, 253.33
2026/08/01 16:33:32.820, NVIDIA GeForce RTX 3090, 4289, 24576, 58, 261.77
2026/08/01 16:33:33.871, NVIDIA GeForce RTX 3090, 4289, 24576, 59, 264.67
2026/08/01 16:33:34.916, NVIDIA GeForce RTX 3090, 4289, 24576, 42, 259.36
2026/08/01 16:33:35.968, NVIDIA GeForce RTX 3090, 4289, 24576, 56, 255.64
2026/08/01 16:33:37.034, NVIDIA GeForce RTX 3090, 4289, 24576, 42, 263.17
2026/08/01 16:33:38.084, NVIDIA GeForce RTX 3090, 4289, 24576, 62, 255.98
2026/08/01 16:33:39.159, NVIDIA GeForce RTX 3090, 4289, 24576, 62, 264.02
2026/08/01 16:33:40.246, NVIDIA GeForce RTX 3090, 4289, 24576, 63, 263.19
2026/08/01 16:33:41.319, NVIDIA GeForce RTX 3090, 4289, 24576, 57, 266.65
2026/08/01 16:33:42.367, NVIDIA GeForce RTX 3090, 4289, 24576, 50, 255.60
2026/08/01 16:33:43.413, NVIDIA GeForce RTX 3090, 4289, 24576, 58, 263.32
2026/08/01 16:33:44.507, NVIDIA GeForce RTX 3090, 4289, 24576, 37, 252.74
2026/08/01 16:33:45.555, NVIDIA GeForce RTX 3090, 4289, 24576, 61, 262.96
2026/08/01 16:33:46.604, NVIDIA GeForce RTX 3090, 4289, 24576, 42, 262.52
2026/08/01 16:33:47.656, NVIDIA GeForce RTX 3090, 4289, 24576, 52, 259.58
2026/08/01 16:33:48.754, NVIDIA GeForce RTX 3090, 4289, 24576, 45, 264.07
2026/08/01 16:33:49.804, NVIDIA GeForce RTX 3090, 4289, 24576, 55, 266.80
2026/08/01 16:33:50.894, NVIDIA GeForce RTX 3090, 4289, 24576, 47, 263.03
2026/08/01 16:33:51.940, NVIDIA GeForce RTX 3090, 4289, 24576, 50, 258.08
2026/08/01 16:33:53.015, NVIDIA GeForce RTX 3090, 4289, 24576, 55, 265.02
2026/08/01 16:33:54.091, NVIDIA GeForce RTX 3090, 4289, 24576, 47, 261.72
2026/08/01 16:33:55.139, NVIDIA GeForce RTX 3090, 4289, 24576, 42, 257.81
2026/08/01 16:33:56.188, NVIDIA GeForce RTX 3090, 4289, 24576, 58, 266.10
2026/08/01 16:33:57.237, NVIDIA GeForce RTX 3090, 4289, 24576, 58, 264.81
2026/08/01 16:33:58.306, NVIDIA GeForce RTX 3090, 4289, 24576, 61, 264.57
2026/08/01 16:33:59.371, NVIDIA GeForce RTX 3090, 4289, 24576, 58, 251.77
2026/08/01 16:34:00.459, NVIDIA GeForce RTX 3090, 4289, 24576, 61, 264.35
2026/08/01 16:34:01.508, NVIDIA GeForce RTX 3090, 4289, 24576, 38, 259.35
2026/08/01 16:34:02.606, NVIDIA GeForce RTX 3090, 4289, 24576, 64, 266.84
2026/08/01 16:34:03.695, NVIDIA GeForce RTX 3090, 4289, 24576, 37, 252.11
2026/08/01 16:34:04.786, NVIDIA GeForce RTX 3090, 4289, 24576, 59, 264.21
2026/08/01 16:34:05.850, NVIDIA GeForce RTX 3090, 4289, 24576, 41, 255.82
2026/08/01 16:34:06.900, NVIDIA GeForce RTX 3090, 4289, 24576, 37, 259.71
2026/08/01 16:34:07.970, NVIDIA GeForce RTX 3090, 4289, 24576, 58, 264.20
2026/08/01 16:34:09.042, NVIDIA GeForce RTX 3090, 4289, 24576, 43, 259.20
2026/08/01 16:34:10.105, NVIDIA GeForce RTX 3090, 4289, 24576, 52, 257.49
2026/08/01 16:34:11.179, NVIDIA GeForce RTX 3090, 4289, 24576, 40, 263.44
2026/08/01 16:34:12.275, NVIDIA GeForce RTX 3090, 4289, 24576, 37, 267.07
2026/08/01 16:34:13.365, NVIDIA GeForce RTX 3090, 4289, 24576, 58, 257.40
2026/08/01 16:34:14.458, NVIDIA GeForce RTX 3090, 4289, 24576, 52, 263.45
2026/08/01 16:34:15.504, NVIDIA GeForce RTX 3090, 4289, 24576, 40, 254.14
2026/08/01 16:34:16.554, NVIDIA GeForce RTX 3090, 4289, 24576, 60, 261.04
2026/08/01 16:34:17.599, NVIDIA GeForce RTX 3090, 4289, 24576, 50, 259.61
2026/08/01 16:34:18.694, NVIDIA GeForce RTX 3090, 4289, 24576, 60, 257.56
2026/08/01 16:34:19.783, NVIDIA GeForce RTX 3090, 4289, 24576, 58, 264.56
2026/08/01 16:34:20.832, NVIDIA GeForce RTX 3090, 4289, 24576, 58, 265.94
2026/08/01 16:34:21.884, NVIDIA GeForce RTX 3090, 4289, 24576, 50, 262.60
2026/08/01 16:34:22.936, NVIDIA GeForce RTX 3090, 4289, 24576, 48, 260.58
2026/08/01 16:34:24.015, NVIDIA GeForce RTX 3090, 4289, 24576, 58, 259.21
2026/08/01 16:34:25.070, NVIDIA GeForce RTX 3090, 4289, 24576, 62, 264.17
2026/08/01 16:34:26.135, NVIDIA GeForce RTX 3090, 4289, 24576, 50, 261.15
2026/08/01 16:34:27.211, NVIDIA GeForce RTX 3090, 4289, 24576, 56, 258.36
2026/08/01 16:34:28.310, NVIDIA GeForce RTX 3090, 4289, 24576, 58, 260.67
2026/08/01 16:34:29.406, NVIDIA GeForce RTX 3090, 4289, 24576, 53, 263.43
2026/08/01 16:34:30.436, NVIDIA GeForce RTX 3090, 4289, 24576, 58, 255.72
2026/08/01 16:34:31.488, NVIDIA GeForce RTX 3090, 4289, 24576, 36, 259.93
2026/08/01 16:34:32.535, NVIDIA GeForce RTX 3090, 4289, 24576, 49, 264.96
2026/08/01 16:34:33.635, NVIDIA GeForce RTX 3090, 4289, 24576, 58, 254.26
2026/08/01 16:34:34.687, NVIDIA GeForce RTX 3090, 4289, 24576, 62, 266.15
2026/08/01 16:34:35.736, NVIDIA GeForce RTX 3090, 4289, 24576, 62, 267.38
2026/08/01 16:34:36.783, NVIDIA GeForce RTX 3090, 4289, 24576, 58, 264.41
2026/08/01 16:34:37.851, NVIDIA GeForce RTX 3090, 4289, 24576, 54, 257.93
2026/08/01 16:34:38.922, NVIDIA GeForce RTX 3090, 4289, 24576, 50, 261.73
2026/08/01 16:34:40.010, NVIDIA GeForce RTX 3090, 4289, 24576, 60, 262.99
2026/08/01 16:34:41.110, NVIDIA GeForce RTX 3090, 4289, 24576, 61, 264.27
2026/08/01 16:34:42.155, NVIDIA GeForce RTX 3090, 4289, 24576, 61, 264.53
2026/08/01 16:34:43.204, NVIDIA GeForce RTX 3090, 4289, 24576, 50, 262.03
2026/08/01 16:34:44.256, NVIDIA GeForce RTX 3090, 4289, 24576, 52, 260.37
2026/08/01 16:34:45.303, NVIDIA GeForce RTX 3090, 4289, 24576, 62, 260.61
2026/08/01 16:34:46.347, NVIDIA GeForce RTX 3090, 4289, 24576, 50, 260.83
2026/08/01 16:34:47.413, NVIDIA GeForce RTX 3090, 4289, 24576, 58, 257.10
2026/08/01 16:34:48.467, NVIDIA GeForce RTX 3090, 4289, 24576, 58, 265.15
2026/08/01 16:34:49.534, NVIDIA GeForce RTX 3090, 4289, 24576, 62, 265.22
2026/08/01 16:34:50.583, NVIDIA GeForce RTX 3090, 4289, 24576, 39, 253.35
2026/08/01 16:34:51.670, NVIDIA GeForce RTX 3090, 4289, 24576, 49, 262.34
2026/08/01 16:34:52.733, NVIDIA GeForce RTX 3090, 4289, 24576, 57, 264.19
2026/08/01 16:34:53.802, NVIDIA GeForce RTX 3090, 4289, 24576, 41, 262.03
2026/08/01 16:34:54.879, NVIDIA GeForce RTX 3090, 4289, 24576, 58, 254.78
2026/08/01 16:34:55.953, NVIDIA GeForce RTX 3090, 4289, 24576, 54, 263.31
2026/08/01 16:34:57.005, NVIDIA GeForce RTX 3090, 4289, 24576, 45, 263.18
2026/08/01 16:34:58.056, NVIDIA GeForce RTX 3090, 4289, 24576, 63, 261.23
2026/08/01 16:34:59.150, NVIDIA GeForce RTX 3090, 4289, 24576, 61, 253.55
2026/08/01 16:35:00.218, NVIDIA GeForce RTX 3090, 4289, 24576, 41, 260.90
2026/08/01 16:35:01.315, NVIDIA GeForce RTX 3090, 4289, 24576, 60, 266.38
2026/08/01 16:35:02.367, NVIDIA GeForce RTX 3090, 4289, 24576, 49, 257.51
2026/08/01 16:35:03.416, NVIDIA GeForce RTX 3090, 4289, 24576, 62, 263.79
2026/08/01 16:35:04.467, NVIDIA GeForce RTX 3090, 4289, 24576, 41, 252.99
2026/08/01 16:35:05.515, NVIDIA GeForce RTX 3090, 4289, 24576, 52, 264.44
2026/08/01 16:35:06.568, NVIDIA GeForce RTX 3090, 4289, 24576, 61, 264.60
2026/08/01 16:35:07.619, NVIDIA GeForce RTX 3090, 4289, 24576, 61, 261.42
2026/08/01 16:35:08.690, NVIDIA GeForce RTX 3090, 4289, 24576, 52, 254.42
2026/08/01 16:35:09.739, NVIDIA GeForce RTX 3090, 4289, 24576, 61, 266.65
2026/08/01 16:35:10.784, NVIDIA GeForce RTX 3090, 4289, 24576, 55, 265.65
2026/08/01 16:35:11.859, NVIDIA GeForce RTX 3090, 4289, 24576, 71, 258.16
2026/08/01 16:35:12.912, NVIDIA GeForce RTX 3090, 4289, 24576, 50, 263.15
2026/08/01 16:35:14.006, NVIDIA GeForce RTX 3090, 4289, 24576, 62, 265.63
2026/08/01 16:35:15.070, NVIDIA GeForce RTX 3090, 4289, 24576, 55, 265.15
2026/08/01 16:35:16.138, NVIDIA GeForce RTX 3090, 4289, 24576, 47, 263.73
2026/08/01 16:35:17.183, NVIDIA GeForce RTX 3090, 4289, 24576, 51, 262.59
2026/08/01 16:35:18.232, NVIDIA GeForce RTX 3090, 4289, 24576, 54, 266.11
2026/08/01 16:35:19.302, NVIDIA GeForce RTX 3090, 4289, 24576, 41, 253.27
2026/08/01 16:35:20.347, NVIDIA GeForce RTX 3090, 4289, 24576, 59, 266.86
2026/08/01 16:35:21.395, NVIDIA GeForce RTX 3090, 4289, 24576, 38, 257.09
2026/08/01 16:35:22.462, NVIDIA GeForce RTX 3090, 4289, 24576, 54, 257.67
2026/08/01 16:35:23.533, NVIDIA GeForce RTX 3090, 4289, 24576, 58, 266.10
2026/08/01 16:35:24.580, NVIDIA GeForce RTX 3090, 4289, 24576, 59, 264.00
2026/08/01 16:35:25.633, NVIDIA GeForce RTX 3090, 4289, 24576, 36, 256.83
2026/08/01 16:35:26.684, NVIDIA GeForce RTX 3090, 4289, 24576, 58, 258.55
2026/08/01 16:35:27.735, NVIDIA GeForce RTX 3090, 4289, 24576, 58, 264.39
2026/08/01 16:35:28.801, NVIDIA GeForce RTX 3090, 4289, 24576, 61, 264.30
2026/08/01 16:35:29.850, NVIDIA GeForce RTX 3090, 4289, 24576, 41, 255.65
2026/08/01 16:35:30.921, NVIDIA GeForce RTX 3090, 4289, 24576, 51, 265.86
2026/08/01 16:35:31.967, NVIDIA GeForce RTX 3090, 4289, 24576, 50, 262.52
2026/08/01 16:35:33.042, NVIDIA GeForce RTX 3090, 4289, 24576, 58, 259.06
2026/08/01 16:35:34.095, NVIDIA GeForce RTX 3090, 4289, 24576, 58, 256.43
2026/08/01 16:35:35.147, NVIDIA GeForce RTX 3090, 4289, 24576, 58, 262.49
2026/08/01 16:35:36.196, NVIDIA GeForce RTX 3090, 4289, 24576, 47, 256.26
2026/08/01 16:35:37.274, NVIDIA GeForce RTX 3090, 4289, 24576, 45, 258.55
2026/08/01 16:35:38.347, NVIDIA GeForce RTX 3090, 4289, 24576, 58, 258.84
2026/08/01 16:35:39.415, NVIDIA GeForce RTX 3090, 4289, 24576, 46, 252.56
2026/08/01 16:35:40.515, NVIDIA GeForce RTX 3090, 4289, 24576, 56, 263.02
2026/08/01 16:35:41.590, NVIDIA GeForce RTX 3090, 4289, 24576, 53, 262.95
2026/08/01 16:35:42.636, NVIDIA GeForce RTX 3090, 4289, 24576, 48, 257.41
2026/08/01 16:35:43.711, NVIDIA GeForce RTX 3090, 4289, 24576, 55, 264.79
2026/08/01 16:35:44.739, NVIDIA GeForce RTX 3090, 4289, 24576, 55, 266.45
2026/08/01 16:35:45.793, NVIDIA GeForce RTX 3090, 4289, 24576, 40, 259.44
2026/08/01 16:35:46.862, NVIDIA GeForce RTX 3090, 4289, 24576, 56, 257.63
2026/08/01 16:35:47.908, NVIDIA GeForce RTX 3090, 4289, 24576, 55, 267.22
2026/08/01 16:35:48.963, NVIDIA GeForce RTX 3090, 4289, 24576, 52, 264.01
2026/08/01 16:35:50.064, NVIDIA GeForce RTX 3090, 4289, 24576, 56, 259.26
2026/08/01 16:35:51.158, NVIDIA GeForce RTX 3090, 4289, 24576, 58, 264.43
2026/08/01 16:35:52.254, NVIDIA GeForce RTX 3090, 4289, 24576, 51, 265.53
2026/08/01 16:35:53.350, NVIDIA GeForce RTX 3090, 4289, 24576, 43, 253.80
2026/08/01 16:35:54.396, NVIDIA GeForce RTX 3090, 4289, 24576, 61, 266.41
2026/08/01 16:35:55.444, NVIDIA GeForce RTX 3090, 4289, 24576, 38, 262.24
2026/08/01 16:35:56.514, NVIDIA GeForce RTX 3090, 4289, 24576, 58, 259.92
2026/08/01 16:35:57.582, NVIDIA GeForce RTX 3090, 4289, 24576, 53, 262.44
2026/08/01 16:35:58.678, NVIDIA GeForce RTX 3090, 4289, 24576, 48, 255.72
2026/08/01 16:35:59.732, NVIDIA GeForce RTX 3090, 4289, 24576, 56, 261.07
2026/08/01 16:36:00.781, NVIDIA GeForce RTX 3090, 4289, 24576, 53, 265.65
2026/08/01 16:36:01.836, NVIDIA GeForce RTX 3090, 4289, 24576, 59, 264.02
2026/08/01 16:36:02.886, NVIDIA GeForce RTX 3090, 4289, 24576, 62, 264.66
2026/08/01 16:36:03.983, NVIDIA GeForce RTX 3090, 4289, 24576, 55, 262.11
2026/08/01 16:36:05.041, NVIDIA GeForce RTX 3090, 4289, 24576, 46, 256.93
2026/08/01 16:36:06.140, NVIDIA GeForce RTX 3090, 4289, 24576, 44, 262.40
2026/08/01 16:36:07.188, NVIDIA GeForce RTX 3090, 4289, 24576, 62, 257.01
2026/08/01 16:36:08.258, NVIDIA GeForce RTX 3090, 4289, 24576, 41, 262.73
2026/08/01 16:36:09.331, NVIDIA GeForce RTX 3090, 4289, 24576, 54, 260.07
2026/08/01 16:36:10.385, NVIDIA GeForce RTX 3090, 4289, 24576, 58, 263.26
2026/08/01 16:36:11.437, NVIDIA GeForce RTX 3090, 4289, 24576, 45, 255.85
2026/08/01 16:36:12.491, NVIDIA GeForce RTX 3090, 4289, 24576, 50, 264.61
2026/08/01 16:36:13.539, NVIDIA GeForce RTX 3090, 4289, 24576, 69, 264.60
2026/08/01 16:36:14.621, NVIDIA GeForce RTX 3090, 4289, 24576, 62, 265.14
2026/08/01 16:36:15.695, NVIDIA GeForce RTX 3090, 4289, 24576, 61, 261.71
2026/08/01 16:36:16.749, NVIDIA GeForce RTX 3090, 4289, 24576, 58, 261.50
2026/08/01 16:36:17.827, NVIDIA GeForce RTX 3090, 4289, 24576, 38, 255.43
2026/08/01 16:36:18.902, NVIDIA GeForce RTX 3090, 4289, 24576, 51, 259.07
2026/08/01 16:36:19.990, NVIDIA GeForce RTX 3090, 4289, 24576, 58, 268.33
2026/08/01 16:36:21.036, NVIDIA GeForce RTX 3090, 4289, 24576, 49, 260.08
2026/08/01 16:36:22.084, NVIDIA GeForce RTX 3090, 4289, 24576, 43, 259.04
2026/08/01 16:36:23.136, NVIDIA GeForce RTX 3090, 4289, 24576, 58, 265.23
2026/08/01 16:36:24.230, NVIDIA GeForce RTX 3090, 4289, 24576, 46, 264.01
2026/08/01 16:36:25.307, NVIDIA GeForce RTX 3090, 4289, 24576, 41, 259.18
2026/08/01 16:36:26.399, NVIDIA GeForce RTX 3090, 4289, 24576, 55, 265.19
2026/08/01 16:36:27.451, NVIDIA GeForce RTX 3090, 4289, 24576, 62, 267.35
2026/08/01 16:36:28.543, NVIDIA GeForce RTX 3090, 4289, 24576, 52, 255.80
2026/08/01 16:36:29.621, NVIDIA GeForce RTX 3090, 4289, 24576, 62, 262.49
2026/08/01 16:36:30.670, NVIDIA GeForce RTX 3090, 4289, 24576, 62, 266.01
2026/08/01 16:36:31.762, NVIDIA GeForce RTX 3090, 4289, 24576, 55, 263.97
2026/08/01 16:36:32.812, NVIDIA GeForce RTX 3090, 4289, 24576, 62, 255.30
2026/08/01 16:36:33.878, NVIDIA GeForce RTX 3090, 4289, 24576, 36, 258.76
2026/08/01 16:36:34.924, NVIDIA GeForce RTX 3090, 4289, 24576, 44, 259.51
2026/08/01 16:36:35.998, NVIDIA GeForce RTX 3090, 4289, 24576, 58, 267.86
2026/08/01 16:36:37.052, NVIDIA GeForce RTX 3090, 4289, 24576, 39, 255.87
2026/08/01 16:36:38.103, NVIDIA GeForce RTX 3090, 4289, 24576, 56, 263.45
2026/08/01 16:36:39.174, NVIDIA GeForce RTX 3090, 4289, 24576, 52, 265.91
2026/08/01 16:36:40.222, NVIDIA GeForce RTX 3090, 4289, 24576, 49, 257.86
2026/08/01 16:36:41.294, NVIDIA GeForce RTX 3090, 4289, 24576, 62, 264.79
2026/08/01 16:36:42.343, NVIDIA GeForce RTX 3090, 4289, 24576, 58, 266.97
2026/08/01 16:36:43.415, NVIDIA GeForce RTX 3090, 4289, 24576, 57, 264.39
2026/08/01 16:36:44.486, NVIDIA GeForce RTX 3090, 4289, 24576, 36, 258.70
2026/08/01 16:36:45.575, NVIDIA GeForce RTX 3090, 4289, 24576, 58, 258.99
2026/08/01 16:36:46.646, NVIDIA GeForce RTX 3090, 4289, 24576, 54, 263.94
2026/08/01 16:36:47.692, NVIDIA GeForce RTX 3090, 4289, 24576, 39, 263.72
2026/08/01 16:36:48.758, NVIDIA GeForce RTX 3090, 4289, 24576, 58, 258.94
2026/08/01 16:36:49.807, NVIDIA GeForce RTX 3090, 4289, 24576, 58, 262.99
2026/08/01 16:36:50.856, NVIDIA GeForce RTX 3090, 4289, 24576, 59, 263.66
2026/08/01 16:36:51.926, NVIDIA GeForce RTX 3090, 4289, 24576, 53, 260.82
2026/08/01 16:36:52.999, NVIDIA GeForce RTX 3090, 4289, 24576, 58, 264.92
2026/08/01 16:36:54.085, NVIDIA GeForce RTX 3090, 4289, 24576, 47, 263.53
2026/08/01 16:36:55.136, NVIDIA GeForce RTX 3090, 4289, 24576, 51, 257.83
2026/08/01 16:36:56.192, NVIDIA GeForce RTX 3090, 4289, 24576, 58, 260.11
2026/08/01 16:36:57.266, NVIDIA GeForce RTX 3090, 4289, 24576, 41, 263.50
2026/08/01 16:36:58.338, NVIDIA GeForce RTX 3090, 4289, 24576, 58, 256.50
2026/08/01 16:36:59.383, NVIDIA GeForce RTX 3090, 4289, 24576, 51, 259.08
2026/08/01 16:37:00.428, NVIDIA GeForce RTX 3090, 4289, 24576, 60, 258.15
2026/08/01 16:37:01.515, NVIDIA GeForce RTX 3090, 4289, 24576, 45, 262.42
2026/08/01 16:37:02.567, NVIDIA GeForce RTX 3090, 4289, 24576, 61, 266.48
2026/08/01 16:37:03.661, NVIDIA GeForce RTX 3090, 4289, 24576, 37, 259.51
2026/08/01 16:37:04.708, NVIDIA GeForce RTX 3090, 4289, 24576, 59, 253.01
2026/08/01 16:37:05.774, NVIDIA GeForce RTX 3090, 4289, 24576, 58, 267.87
2026/08/01 16:37:06.870, NVIDIA GeForce RTX 3090, 4289, 24576, 46, 262.05
2026/08/01 16:37:07.942, NVIDIA GeForce RTX 3090, 4289, 24576, 51, 259.10
2026/08/01 16:37:08.992, NVIDIA GeForce RTX 3090, 4289, 24576, 42, 266.27
2026/08/01 16:37:10.039, NVIDIA GeForce RTX 3090, 4289, 24576, 55, 257.75
2026/08/01 16:37:11.087, NVIDIA GeForce RTX 3090, 4289, 24576, 62, 266.61
2026/08/01 16:37:12.154, NVIDIA GeForce RTX 3090, 4289, 24576, 43, 260.95
2026/08/01 16:37:13.245, NVIDIA GeForce RTX 3090, 4289, 24576, 61, 257.77
2026/08/01 16:37:14.319, NVIDIA GeForce RTX 3090, 4289, 24576, 59, 261.62
2026/08/01 16:37:15.398, NVIDIA GeForce RTX 3090, 4289, 24576, 63, 261.38
2026/08/01 16:37:16.457, NVIDIA GeForce RTX 3090, 4289, 24576, 50, 259.24
2026/08/01 16:37:17.507, NVIDIA GeForce RTX 3090, 4289, 24576, 61, 263.86
2026/08/01 16:37:18.582, NVIDIA GeForce RTX 3090, 4289, 24576, 55, 265.39
2026/08/01 16:37:19.631, NVIDIA GeForce RTX 3090, 4289, 24576, 61, 256.00
2026/08/01 16:37:20.719, NVIDIA GeForce RTX 3090, 4289, 24576, 49, 264.22
2026/08/01 16:37:21.767, NVIDIA GeForce RTX 3090, 4289, 24576, 49, 264.51
2026/08/01 16:37:22.834, NVIDIA GeForce RTX 3090, 4289, 24576, 43, 262.99
2026/08/01 16:37:23.888, NVIDIA GeForce RTX 3090, 4289, 24576, 40, 251.91
2026/08/01 16:37:24.953, NVIDIA GeForce RTX 3090, 4289, 24576, 58, 264.89
2026/08/01 16:37:26.047, NVIDIA GeForce RTX 3090, 4289, 24576, 46, 260.22
2026/08/01 16:37:27.099, NVIDIA GeForce RTX 3090, 4289, 24576, 57, 258.12
2026/08/01 16:37:28.152, NVIDIA GeForce RTX 3090, 4289, 24576, 42, 259.50
2026/08/01 16:37:29.227, NVIDIA GeForce RTX 3090, 4289, 24576, 61, 259.07
2026/08/01 16:37:30.280, NVIDIA GeForce RTX 3090, 4289, 24576, 62, 265.27
2026/08/01 16:37:31.332, NVIDIA GeForce RTX 3090, 4289, 24576, 58, 266.18
2026/08/01 16:37:32.402, NVIDIA GeForce RTX 3090, 4289, 24576, 52, 260.86
2026/08/01 16:37:33.501, NVIDIA GeForce RTX 3090, 4289, 24576, 46, 260.97
2026/08/01 16:37:34.598, NVIDIA GeForce RTX 3090, 4289, 24576, 58, 268.56
2026/08/01 16:37:35.689, NVIDIA GeForce RTX 3090, 4289, 24576, 48, 256.39
2026/08/01 16:37:36.761, NVIDIA GeForce RTX 3090, 4289, 24576, 52, 266.90
2026/08/01 16:37:37.833, NVIDIA GeForce RTX 3090, 4289, 24576, 51, 259.96
2026/08/01 16:37:38.879, NVIDIA GeForce RTX 3090, 4289, 24576, 49, 273.69
2026/08/01 16:37:39.923, NVIDIA GeForce RTX 3090, 4289, 24576, 58, 255.21
2026/08/01 16:37:40.967, NVIDIA GeForce RTX 3090, 4289, 24576, 58, 263.97
2026/08/01 16:37:42.017, NVIDIA GeForce RTX 3090, 4289, 24576, 48, 262.48
2026/08/01 16:37:43.072, NVIDIA GeForce RTX 3090, 4289, 24576, 60, 253.16
2026/08/01 16:37:44.128, NVIDIA GeForce RTX 3090, 4289, 24576, 47, 261.70
2026/08/01 16:37:45.222, NVIDIA GeForce RTX 3090, 4289, 24576, 58, 264.92
2026/08/01 16:37:46.323, NVIDIA GeForce RTX 3090, 4289, 24576, 39, 254.64
2026/08/01 16:37:47.384, NVIDIA GeForce RTX 3090, 4289, 24576, 58, 259.45
2026/08/01 16:37:48.482, NVIDIA GeForce RTX 3090, 4289, 24576, 48, 259.15
2026/08/01 16:37:49.578, NVIDIA GeForce RTX 3090, 4289, 24576, 58, 260.47
2026/08/01 16:37:50.678, NVIDIA GeForce RTX 3090, 4289, 24576, 48, 259.11
2026/08/01 16:37:51.729, NVIDIA GeForce RTX 3090, 4289, 24576, 59, 261.30
2026/08/01 16:37:52.803, NVIDIA GeForce RTX 3090, 4289, 24576, 58, 258.40
2026/08/01 16:37:53.891, NVIDIA GeForce RTX 3090, 4289, 24576, 56, 264.84
2026/08/01 16:37:54.940, NVIDIA GeForce RTX 3090, 4289, 24576, 41, 261.19
2026/08/01 16:37:56.038, NVIDIA GeForce RTX 3090, 4289, 24576, 62, 259.84
2026/08/01 16:37:57.089, NVIDIA GeForce RTX 3090, 4289, 24576, 61, 264.77
2026/08/01 16:37:58.142, NVIDIA GeForce RTX 3090, 4289, 24576, 49, 261.42
2026/08/01 16:37:59.238, NVIDIA GeForce RTX 3090, 4289, 24576, 42, 257.14
2026/08/01 16:38:00.326, NVIDIA GeForce RTX 3090, 4289, 24576, 58, 264.85
2026/08/01 16:38:01.399, NVIDIA GeForce RTX 3090, 4289, 24576, 58, 266.02
2026/08/01 16:38:02.453, NVIDIA GeForce RTX 3090, 4289, 24576, 49, 262.59
2026/08/01 16:38:03.523, NVIDIA GeForce RTX 3090, 4289, 24576, 36, 256.90
2026/08/01 16:38:04.593, NVIDIA GeForce RTX 3090, 4289, 24576, 54, 263.45
2026/08/01 16:38:05.641, NVIDIA GeForce RTX 3090, 4289, 24576, 50, 256.44
2026/08/01 16:38:06.734, NVIDIA GeForce RTX 3090, 4289, 24576, 61, 267.24
2026/08/01 16:38:07.780, NVIDIA GeForce RTX 3090, 4289, 24576, 56, 266.24
2026/08/01 16:38:08.876, NVIDIA GeForce RTX 3090, 4289, 24576, 49, 258.23
2026/08/01 16:38:09.927, NVIDIA GeForce RTX 3090, 4289, 24576, 61, 261.17
2026/08/01 16:38:11.018, NVIDIA GeForce RTX 3090, 4289, 24576, 42, 259.96
2026/08/01 16:38:12.068, NVIDIA GeForce RTX 3090, 4289, 24576, 62, 262.40
2026/08/01 16:38:13.121, NVIDIA GeForce RTX 3090, 4289, 24576, 62, 263.42
2026/08/01 16:38:14.223, NVIDIA GeForce RTX 3090, 4289, 24576, 53, 260.79
2026/08/01 16:38:15.256, NVIDIA GeForce RTX 3090, 4289, 24576, 52, 254.55
2026/08/01 16:38:16.305, NVIDIA GeForce RTX 3090, 4289, 24576, 61, 264.85
2026/08/01 16:38:17.355, NVIDIA GeForce RTX 3090, 4289, 24576, 58, 265.51
2026/08/01 16:38:18.423, NVIDIA GeForce RTX 3090, 4289, 24576, 39, 255.97
2026/08/01 16:38:19.468, NVIDIA GeForce RTX 3090, 4289, 24576, 62, 263.11
2026/08/01 16:38:20.524, NVIDIA GeForce RTX 3090, 4289, 24576, 61, 266.89
2026/08/01 16:38:21.580, NVIDIA GeForce RTX 3090, 4289, 24576, 57, 264.40
2026/08/01 16:38:22.655, NVIDIA GeForce RTX 3090, 4289, 24576, 42, 260.82
2026/08/01 16:38:23.746, NVIDIA GeForce RTX 3090, 4289, 24576, 58, 256.47
2026/08/01 16:38:24.814, NVIDIA GeForce RTX 3090, 4289, 24576, 42, 260.79
2026/08/01 16:38:25.879, NVIDIA GeForce RTX 3090, 4289, 24576, 37, 261.18
2026/08/01 16:38:26.952, NVIDIA GeForce RTX 3090, 4289, 24576, 58, 262.50
2026/08/01 16:38:28.018, NVIDIA GeForce RTX 3090, 4289, 24576, 42, 263.80
2026/08/01 16:38:29.091, NVIDIA GeForce RTX 3090, 4289, 24576, 53, 258.71
2026/08/01 16:38:30.143, NVIDIA GeForce RTX 3090, 4289, 24576, 58, 266.05
2026/08/01 16:38:31.192, NVIDIA GeForce RTX 3090, 4289, 24576, 40, 256.46
2026/08/01 16:38:32.238, NVIDIA GeForce RTX 3090, 4289, 24576, 53, 260.21
2026/08/01 16:38:33.335, NVIDIA GeForce RTX 3090, 4289, 24576, 61, 265.28
2026/08/01 16:38:34.411, NVIDIA GeForce RTX 3090, 4289, 24576, 61, 263.55
2026/08/01 16:38:35.465, NVIDIA GeForce RTX 3090, 4289, 24576, 65, 258.27
2026/08/01 16:38:36.516, NVIDIA GeForce RTX 3090, 4289, 24576, 46, 269.30
2026/08/01 16:38:37.589, NVIDIA GeForce RTX 3090, 4289, 24576, 58, 260.23
2026/08/01 16:38:38.686, NVIDIA GeForce RTX 3090, 4289, 24576, 46, 264.21
2026/08/01 16:38:39.731, NVIDIA GeForce RTX 3090, 4289, 24576, 40, 252.11
2026/08/01 16:38:40.797, NVIDIA GeForce RTX 3090, 4289, 24576, 46, 264.25
2026/08/01 16:38:41.869, NVIDIA GeForce RTX 3090, 4289, 24576, 47, 263.64
2026/08/01 16:38:42.915, NVIDIA GeForce RTX 3090, 4289, 24576, 37, 251.77
2026/08/01 16:38:43.959, NVIDIA GeForce RTX 3090, 4289, 24576, 58, 265.46
2026/08/01 16:38:45.012, NVIDIA GeForce RTX 3090, 4289, 24576, 58, 264.10
2026/08/01 16:38:46.110, NVIDIA GeForce RTX 3090, 4289, 24576, 61, 266.53
2026/08/01 16:38:47.160, NVIDIA GeForce RTX 3090, 4289, 24576, 48, 253.51
2026/08/01 16:38:48.254, NVIDIA GeForce RTX 3090, 4289, 24576, 51, 264.08
2026/08/01 16:38:49.341, NVIDIA GeForce RTX 3090, 4289, 24576, 39, 254.82
2026/08/01 16:38:50.410, NVIDIA GeForce RTX 3090, 4289, 24576, 51, 265.91
2026/08/01 16:38:51.483, NVIDIA GeForce RTX 3090, 4289, 24576, 61, 264.43
2026/08/01 16:38:52.534, NVIDIA GeForce RTX 3090, 4289, 24576, 51, 260.84
2026/08/01 16:38:53.625, NVIDIA GeForce RTX 3090, 4289, 24576, 62, 256.26
2026/08/01 16:38:54.671, NVIDIA GeForce RTX 3090, 4289, 24576, 58, 265.39
2026/08/01 16:38:55.719, NVIDIA GeForce RTX 3090, 4289, 24576, 43, 260.89
2026/08/01 16:38:56.787, NVIDIA GeForce RTX 3090, 4289, 24576, 63, 257.95
2026/08/01 16:38:57.835, NVIDIA GeForce RTX 3090, 4289, 24576, 50, 264.83
2026/08/01 16:38:58.906, NVIDIA GeForce RTX 3090, 4289, 24576, 62, 265.31
2026/08/01 16:38:59.978, NVIDIA GeForce RTX 3090, 4289, 24576, 52, 257.63
2026/08/01 16:39:01.042, NVIDIA GeForce RTX 3090, 4289, 24576, 61, 260.74
2026/08/01 16:39:02.090, NVIDIA GeForce RTX 3090, 4289, 24576, 62, 265.01
2026/08/01 16:39:03.185, NVIDIA GeForce RTX 3090, 4289, 24576, 55, 264.65
2026/08/01 16:39:04.255, NVIDIA GeForce RTX 3090, 4289, 24576, 38, 259.14
2026/08/01 16:39:05.321, NVIDIA GeForce RTX 3090, 4289, 24576, 58, 260.17
2026/08/01 16:39:06.363, NVIDIA GeForce RTX 3090, 4289, 24576, 61, 263.93
2026/08/01 16:39:07.433, NVIDIA GeForce RTX 3090, 4289, 24576, 63, 251.90
2026/08/01 16:39:08.480, NVIDIA GeForce RTX 3090, 4289, 24576, 40, 262.54
2026/08/01 16:39:09.527, NVIDIA GeForce RTX 3090, 4289, 24576, 53, 263.47
2026/08/01 16:39:10.571, NVIDIA GeForce RTX 3090, 4289, 24576, 50, 260.83
2026/08/01 16:39:11.619, NVIDIA GeForce RTX 3090, 4289, 24576, 36, 261.98
2026/08/01 16:39:12.665, NVIDIA GeForce RTX 3090, 4289, 24576, 62, 258.51
2026/08/01 16:39:13.729, NVIDIA GeForce RTX 3090, 4289, 24576, 52, 264.87
2026/08/01 16:39:14.775, NVIDIA GeForce RTX 3090, 4289, 24576, 63, 252.64
2026/08/01 16:39:15.838, NVIDIA GeForce RTX 3090, 4289, 24576, 61, 262.26
2026/08/01 16:39:16.930, NVIDIA GeForce RTX 3090, 4289, 24576, 51, 265.88
2026/08/01 16:39:17.976, NVIDIA GeForce RTX 3090, 4289, 24576, 56, 267.01
2026/08/01 16:39:19.046, NVIDIA GeForce RTX 3090, 4289, 24576, 47, 260.42
2026/08/01 16:39:20.114, NVIDIA GeForce RTX 3090, 4289, 24576, 57, 259.04
2026/08/01 16:39:21.181, NVIDIA GeForce RTX 3090, 4289, 24576, 62, 264.98
2026/08/01 16:39:22.227, NVIDIA GeForce RTX 3090, 4289, 24576, 54, 266.02
2026/08/01 16:39:23.275, NVIDIA GeForce RTX 3090, 4289, 24576, 58, 254.19
2026/08/01 16:39:24.362, NVIDIA GeForce RTX 3090, 4289, 24576, 43, 260.17
2026/08/01 16:39:25.434, NVIDIA GeForce RTX 3090, 4289, 24576, 48, 259.50
2026/08/01 16:39:26.484, NVIDIA GeForce RTX 3090, 4289, 24576, 62, 263.46
2026/08/01 16:39:27.531, NVIDIA GeForce RTX 3090, 4289, 24576, 53, 258.06
2026/08/01 16:39:28.614, NVIDIA GeForce RTX 3090, 4289, 24576, 61, 262.00
2026/08/01 16:39:29.705, NVIDIA GeForce RTX 3090, 4289, 24576, 37, 260.92
2026/08/01 16:39:30.751, NVIDIA GeForce RTX 3090, 4289, 24576, 58, 260.68
2026/08/01 16:39:31.801, NVIDIA GeForce RTX 3090, 4289, 24576, 54, 261.02
2026/08/01 16:39:32.855, NVIDIA GeForce RTX 3090, 4289, 24576, 48, 262.87
2026/08/01 16:39:33.900, NVIDIA GeForce RTX 3090, 4289, 24576, 49, 260.83
2026/08/01 16:39:34.997, NVIDIA GeForce RTX 3090, 4289, 24576, 52, 258.32
2026/08/01 16:39:36.044, NVIDIA GeForce RTX 3090, 4289, 24576, 48, 266.58
2026/08/01 16:39:37.099, NVIDIA GeForce RTX 3090, 4289, 24576, 62, 257.72
2026/08/01 16:39:38.165, NVIDIA GeForce RTX 3090, 4289, 24576, 51, 261.72
2026/08/01 16:39:39.215, NVIDIA GeForce RTX 3090, 4289, 24576, 43, 257.05
2026/08/01 16:39:40.243, NVIDIA GeForce RTX 3090, 4289, 24576, 62, 262.76
2026/08/01 16:39:41.288, NVIDIA GeForce RTX 3090, 4289, 24576, 51, 263.55
2026/08/01 16:39:42.334, NVIDIA GeForce RTX 3090, 4289, 24576, 49, 256.39
2026/08/01 16:39:43.402, NVIDIA GeForce RTX 3090, 4289, 24576, 42, 261.89
2026/08/01 16:39:44.498, NVIDIA GeForce RTX 3090, 4289, 24576, 35, 259.01
2026/08/01 16:39:45.544, NVIDIA GeForce RTX 3090, 4289, 24576, 57, 261.52
2026/08/01 16:39:46.594, NVIDIA GeForce RTX 3090, 4289, 24576, 58, 263.97
2026/08/01 16:39:47.663, NVIDIA GeForce RTX 3090, 4289, 24576, 36, 259.82
2026/08/01 16:39:48.751, NVIDIA GeForce RTX 3090, 4289, 24576, 58, 259.83
2026/08/01 16:39:49.846, NVIDIA GeForce RTX 3090, 4289, 24576, 62, 264.11
2026/08/01 16:39:50.919, NVIDIA GeForce RTX 3090, 4289, 24576, 62, 265.62
2026/08/01 16:39:51.976, NVIDIA GeForce RTX 3090, 4289, 24576, 43, 261.16
2026/08/01 16:39:53.024, NVIDIA GeForce RTX 3090, 4289, 24576, 40, 253.36
2026/08/01 16:39:54.099, NVIDIA GeForce RTX 3090, 4289, 24576, 59, 264.17
2026/08/01 16:39:55.147, NVIDIA GeForce RTX 3090, 4289, 24576, 58, 265.30
2026/08/01 16:39:56.215, NVIDIA GeForce RTX 3090, 4289, 24576, 49, 260.24
2026/08/01 16:39:57.290, NVIDIA GeForce RTX 3090, 4289, 24576, 51, 258.81
2026/08/01 16:39:58.363, NVIDIA GeForce RTX 3090, 4289, 24576, 58, 263.85
2026/08/01 16:39:59.450, NVIDIA GeForce RTX 3090, 4289, 24576, 38, 253.82
2026/08/01 16:40:00.523, NVIDIA GeForce RTX 3090, 4289, 24576, 58, 265.34
2026/08/01 16:40:01.577, NVIDIA GeForce RTX 3090, 4289, 24576, 42, 252.17
2026/08/01 16:40:02.666, NVIDIA GeForce RTX 3090, 4289, 24576, 58, 264.45
2026/08/01 16:40:03.759, NVIDIA GeForce RTX 3090, 4289, 24576, 49, 254.63
2026/08/01 16:40:04.807, NVIDIA GeForce RTX 3090, 4289, 24576, 58, 266.35
2026/08/01 16:40:05.856, NVIDIA GeForce RTX 3090, 4289, 24576, 58, 264.81
2026/08/01 16:40:06.951, NVIDIA GeForce RTX 3090, 4289, 24576, 64, 250.36
2026/08/01 16:40:08.044, NVIDIA GeForce RTX 3090, 4289, 24576, 58, 264.03
2026/08/01 16:40:09.096, NVIDIA GeForce RTX 3090, 4289, 24576, 52, 262.68
2026/08/01 16:40:10.139, NVIDIA GeForce RTX 3090, 4289, 24576, 61, 266.56
2026/08/01 16:40:11.227, NVIDIA GeForce RTX 3090, 4289, 24576, 41, 254.21
2026/08/01 16:40:12.282, NVIDIA GeForce RTX 3090, 4289, 24576, 62, 266.69
2026/08/01 16:40:13.370, NVIDIA GeForce RTX 3090, 4289, 24576, 65, 264.49
2026/08/01 16:40:14.435, NVIDIA GeForce RTX 3090, 4289, 24576, 44, 262.50
2026/08/01 16:40:15.488, NVIDIA GeForce RTX 3090, 4289, 24576, 40, 255.02
2026/08/01 16:40:16.579, NVIDIA GeForce RTX 3090, 4289, 24576, 40, 263.17
2026/08/01 16:40:17.666, NVIDIA GeForce RTX 3090, 4289, 24576, 45, 264.70
2026/08/01 16:40:18.742, NVIDIA GeForce RTX 3090, 4289, 24576, 63, 260.89
2026/08/01 16:40:19.815, NVIDIA GeForce RTX 3090, 4289, 24576, 57, 265.41
2026/08/01 16:40:20.882, NVIDIA GeForce RTX 3090, 4289, 24576, 50, 260.52
2026/08/01 16:40:21.928, NVIDIA GeForce RTX 3090, 4289, 24576, 38, 256.60
2026/08/01 16:40:23.019, NVIDIA GeForce RTX 3090, 4289, 24576, 58, 264.00
2026/08/01 16:40:24.090, NVIDIA GeForce RTX 3090, 4289, 24576, 50, 264.21
2026/08/01 16:40:25.187, NVIDIA GeForce RTX 3090, 4289, 24576, 49, 255.88
2026/08/01 16:40:26.260, NVIDIA GeForce RTX 3090, 4289, 24576, 48, 259.85
2026/08/01 16:40:27.313, NVIDIA GeForce RTX 3090, 4289, 24576, 48, 264.75
2026/08/01 16:40:28.396, NVIDIA GeForce RTX 3090, 4289, 24576, 53, 258.96
2026/08/01 16:40:29.476, NVIDIA GeForce RTX 3090, 4289, 24576, 62, 264.91
2026/08/01 16:40:30.529, NVIDIA GeForce RTX 3090, 4289, 24576, 36, 258.66
2026/08/01 16:40:31.602, NVIDIA GeForce RTX 3090, 4289, 24576, 46, 257.53
2026/08/01 16:40:32.674, NVIDIA GeForce RTX 3090, 4289, 24576, 57, 264.50
2026/08/01 16:40:33.732, NVIDIA GeForce RTX 3090, 4289, 24576, 57, 263.72
2026/08/01 16:40:34.788, NVIDIA GeForce RTX 3090, 4289, 24576, 36, 255.67
2026/08/01 16:40:35.883, NVIDIA GeForce RTX 3090, 4289, 24576, 61, 259.36
2026/08/01 16:40:36.978, NVIDIA GeForce RTX 3090, 4289, 24576, 63, 256.17
2026/08/01 16:40:38.028, NVIDIA GeForce RTX 3090, 4289, 24576, 56, 263.41
2026/08/01 16:40:39.094, NVIDIA GeForce RTX 3090, 4289, 24576, 46, 261.63
2026/08/01 16:40:40.148, NVIDIA GeForce RTX 3090, 4289, 24576, 40, 257.78
2026/08/01 16:40:41.226, NVIDIA GeForce RTX 3090, 4289, 24576, 50, 265.18
2026/08/01 16:40:42.280, NVIDIA GeForce RTX 3090, 4289, 24576, 62, 256.59
2026/08/01 16:40:43.323, NVIDIA GeForce RTX 3090, 4289, 24576, 60, 264.80
2026/08/01 16:40:44.402, NVIDIA GeForce RTX 3090, 4289, 24576, 42, 256.65
2026/08/01 16:40:45.454, NVIDIA GeForce RTX 3090, 4289, 24576, 47, 256.72
2026/08/01 16:40:46.546, NVIDIA GeForce RTX 3090, 4289, 24576, 61, 268.09
2026/08/01 16:40:47.642, NVIDIA GeForce RTX 3090, 4289, 24576, 52, 268.85
2026/08/01 16:40:48.730, NVIDIA GeForce RTX 3090, 4289, 24576, 61, 259.67
2026/08/01 16:40:49.806, NVIDIA GeForce RTX 3090, 4289, 24576, 51, 257.32
2026/08/01 16:40:50.893, NVIDIA GeForce RTX 3090, 4289, 24576, 48, 261.96
2026/08/01 16:40:51.944, NVIDIA GeForce RTX 3090, 4289, 24576, 62, 264.62
2026/08/01 16:40:53.015, NVIDIA GeForce RTX 3090, 4289, 24576, 58, 263.86
2026/08/01 16:40:54.111, NVIDIA GeForce RTX 3090, 4289, 24576, 57, 266.02
2026/08/01 16:40:55.162, NVIDIA GeForce RTX 3090, 4289, 24576, 61, 264.78
2026/08/01 16:40:56.231, NVIDIA GeForce RTX 3090, 4289, 24576, 50, 254.98
2026/08/01 16:40:57.294, NVIDIA GeForce RTX 3090, 4289, 24576, 62, 263.32
2026/08/01 16:40:58.362, NVIDIA GeForce RTX 3090, 4289, 24576, 47, 259.06
2026/08/01 16:40:59.410, NVIDIA GeForce RTX 3090, 4289, 24576, 58, 261.89
2026/08/01 16:41:00.459, NVIDIA GeForce RTX 3090, 4289, 24576, 40, 259.49
2026/08/01 16:41:01.503, NVIDIA GeForce RTX 3090, 4289, 24576, 62, 261.06
2026/08/01 16:41:02.569, NVIDIA GeForce RTX 3090, 4289, 24576, 40, 260.15
2026/08/01 16:41:03.646, NVIDIA GeForce RTX 3090, 4289, 24576, 61, 260.82
2026/08/01 16:41:04.717, NVIDIA GeForce RTX 3090, 4289, 24576, 52, 266.49
2026/08/01 16:41:05.763, NVIDIA GeForce RTX 3090, 4289, 24576, 62, 267.31
2026/08/01 16:41:06.815, NVIDIA GeForce RTX 3090, 4289, 24576, 61, 262.64
2026/08/01 16:41:07.887, NVIDIA GeForce RTX 3090, 4289, 24576, 43, 262.08
2026/08/01 16:41:08.958, NVIDIA GeForce RTX 3090, 4289, 24576, 41, 256.31
2026/08/01 16:41:10.007, NVIDIA GeForce RTX 3090, 4289, 24576, 60, 261.89
2026/08/01 16:41:11.098, NVIDIA GeForce RTX 3090, 4289, 24576, 49, 257.91
2026/08/01 16:41:12.147, NVIDIA GeForce RTX 3090, 4289, 24576, 58, 261.00
2026/08/01 16:41:13.203, NVIDIA GeForce RTX 3090, 4289, 24576, 52, 252.34
2026/08/01 16:41:14.274, NVIDIA GeForce RTX 3090, 4289, 24576, 42, 257.42
2026/08/01 16:41:15.319, NVIDIA GeForce RTX 3090, 4289, 24576, 54, 255.21
2026/08/01 16:41:16.363, NVIDIA GeForce RTX 3090, 4289, 24576, 61, 263.56
2026/08/01 16:41:17.450, NVIDIA GeForce RTX 3090, 4289, 24576, 51, 261.72
2026/08/01 16:41:18.513, NVIDIA GeForce RTX 3090, 4289, 24576, 55, 254.39
2026/08/01 16:41:19.564, NVIDIA GeForce RTX 3090, 4289, 24576, 47, 267.76
2026/08/01 16:41:20.591, NVIDIA GeForce RTX 3090, 4289, 24576, 62, 258.79
2026/08/01 16:41:21.684, NVIDIA GeForce RTX 3090, 4289, 24576, 39, 262.43
2026/08/01 16:41:22.754, NVIDIA GeForce RTX 3090, 4289, 24576, 60, 262.74
2026/08/01 16:41:23.842, NVIDIA GeForce RTX 3090, 4289, 24576, 58, 260.46
2026/08/01 16:41:24.891, NVIDIA GeForce RTX 3090, 4289, 24576, 59, 265.82
2026/08/01 16:41:25.939, NVIDIA GeForce RTX 3090, 4289, 24576, 58, 252.84
2026/08/01 16:41:27.010, NVIDIA GeForce RTX 3090, 4289, 24576, 58, 263.97
2026/08/01 16:41:28.056, NVIDIA GeForce RTX 3090, 4289, 24576, 44, 255.58
2026/08/01 16:41:29.127, NVIDIA GeForce RTX 3090, 4289, 24576, 60, 268.37
2026/08/01 16:41:30.218, NVIDIA GeForce RTX 3090, 4289, 24576, 43, 265.17
2026/08/01 16:41:31.272, NVIDIA GeForce RTX 3090, 4289, 24576, 47, 255.95
2026/08/01 16:41:32.346, NVIDIA GeForce RTX 3090, 4289, 24576, 61, 267.48
2026/08/01 16:41:33.438, NVIDIA GeForce RTX 3090, 4289, 24576, 58, 267.73
2026/08/01 16:41:34.492, NVIDIA GeForce RTX 3090, 4289, 24576, 40, 263.51
2026/08/01 16:41:35.580, NVIDIA GeForce RTX 3090, 4289, 24576, 48, 259.16
2026/08/01 16:41:36.628, NVIDIA GeForce RTX 3090, 4289, 24576, 61, 262.85
2026/08/01 16:41:37.679, NVIDIA GeForce RTX 3090, 4289, 24576, 58, 264.23
2026/08/01 16:41:38.763, NVIDIA GeForce RTX 3090, 4289, 24576, 58, 262.16
2026/08/01 16:41:39.813, NVIDIA GeForce RTX 3090, 4289, 24576, 35, 259.26
2026/08/01 16:41:40.860, NVIDIA GeForce RTX 3090, 4289, 24576, 55, 253.91
2026/08/01 16:41:41.907, NVIDIA GeForce RTX 3090, 4289, 24576, 58, 266.16
2026/08/01 16:41:42.951, NVIDIA GeForce RTX 3090, 4289, 24576, 58, 266.08
2026/08/01 16:41:44.017, NVIDIA GeForce RTX 3090, 4289, 24576, 53, 253.65
2026/08/01 16:41:45.102, NVIDIA GeForce RTX 3090, 4289, 24576, 62, 263.78
2026/08/01 16:41:46.151, NVIDIA GeForce RTX 3090, 4289, 24576, 49, 262.26
2026/08/01 16:41:47.225, NVIDIA GeForce RTX 3090, 4289, 24576, 41, 257.86
2026/08/01 16:41:48.318, NVIDIA GeForce RTX 3090, 4289, 24576, 51, 266.30
2026/08/01 16:41:49.392, NVIDIA GeForce RTX 3090, 4289, 24576, 58, 263.67
2026/08/01 16:41:50.466, NVIDIA GeForce RTX 3090, 4289, 24576, 58, 251.00
2026/08/01 16:41:51.535, NVIDIA GeForce RTX 3090, 4289, 24576, 37, 260.47
2026/08/01 16:41:52.589, NVIDIA GeForce RTX 3090, 4289, 24576, 41, 256.24
2026/08/01 16:41:53.666, NVIDIA GeForce RTX 3090, 4289, 24576, 50, 264.29
2026/08/01 16:41:54.716, NVIDIA GeForce RTX 3090, 4289, 24576, 48, 259.12
2026/08/01 16:41:55.779, NVIDIA GeForce RTX 3090, 4289, 24576, 56, 258.27
2026/08/01 16:41:56.879, NVIDIA GeForce RTX 3090, 4289, 24576, 38, 260.17
2026/08/01 16:41:57.946, NVIDIA GeForce RTX 3090, 4289, 24576, 41, 255.94
2026/08/01 16:41:59.042, NVIDIA GeForce RTX 3090, 4289, 24576, 58, 263.80
2026/08/01 16:42:00.143, NVIDIA GeForce RTX 3090, 4289, 24576, 62, 266.56
2026/08/01 16:42:01.247, NVIDIA GeForce RTX 3090, 4289, 24576, 58, 262.89
2026/08/01 16:42:02.318, NVIDIA GeForce RTX 3090, 4289, 24576, 62, 262.68
2026/08/01 16:42:03.372, NVIDIA GeForce RTX 3090, 4289, 24576, 47, 251.52
2026/08/01 16:42:04.475, NVIDIA GeForce RTX 3090, 4289, 24576, 55, 264.26
2026/08/01 16:42:05.524, NVIDIA GeForce RTX 3090, 4289, 24576, 41, 260.34
2026/08/01 16:42:06.590, NVIDIA GeForce RTX 3090, 4289, 24576, 43, 266.00
2026/08/01 16:42:07.662, NVIDIA GeForce RTX 3090, 4289, 24576, 35, 259.35
2026/08/01 16:42:08.734, NVIDIA GeForce RTX 3090, 4289, 24576, 54, 265.52
2026/08/01 16:42:09.810, NVIDIA GeForce RTX 3090, 4289, 24576, 49, 253.25
2026/08/01 16:42:10.883, NVIDIA GeForce RTX 3090, 4289, 24576, 56, 265.67
2026/08/01 16:42:11.936, NVIDIA GeForce RTX 3090, 4289, 24576, 51, 263.85
2026/08/01 16:42:13.026, NVIDIA GeForce RTX 3090, 4289, 24576, 58, 254.25
2026/08/01 16:42:14.098, NVIDIA GeForce RTX 3090, 4289, 24576, 61, 252.74
2026/08/01 16:42:15.149, NVIDIA GeForce RTX 3090, 4289, 24576, 61, 267.85
2026/08/01 16:42:16.234, NVIDIA GeForce RTX 3090, 4289, 24576, 50, 263.02
2026/08/01 16:42:17.306, NVIDIA GeForce RTX 3090, 4289, 24576, 47, 262.13
2026/08/01 16:42:18.374, NVIDIA GeForce RTX 3090, 4289, 24576, 57, 255.85
2026/08/01 16:42:19.420, NVIDIA GeForce RTX 3090, 4289, 24576, 58, 264.48
2026/08/01 16:42:20.490, NVIDIA GeForce RTX 3090, 4289, 24576, 62, 265.59
2026/08/01 16:42:21.540, NVIDIA GeForce RTX 3090, 4289, 24576, 39, 257.51
2026/08/01 16:42:22.630, NVIDIA GeForce RTX 3090, 4289, 24576, 62, 263.12
2026/08/01 16:42:23.706, NVIDIA GeForce RTX 3090, 4289, 24576, 58, 262.21
2026/08/01 16:42:24.799, NVIDIA GeForce RTX 3090, 4289, 24576, 47, 256.93
2026/08/01 16:42:25.849, NVIDIA GeForce RTX 3090, 4289, 24576, 62, 260.89
2026/08/01 16:42:26.926, NVIDIA GeForce RTX 3090, 4289, 24576, 58, 263.83
2026/08/01 16:42:28.019, NVIDIA GeForce RTX 3090, 4289, 24576, 48, 253.05
2026/08/01 16:42:29.099, NVIDIA GeForce RTX 3090, 4289, 24576, 53, 259.68
2026/08/01 16:42:30.148, NVIDIA GeForce RTX 3090, 4289, 24576, 39, 254.87
2026/08/01 16:42:31.230, NVIDIA GeForce RTX 3090, 4289, 24576, 56, 261.93
2026/08/01 16:42:32.297, NVIDIA GeForce RTX 3090, 4289, 24576, 43, 253.51
2026/08/01 16:42:33.367, NVIDIA GeForce RTX 3090, 4289, 24576, 58, 261.37
2026/08/01 16:42:34.463, NVIDIA GeForce RTX 3090, 4289, 24576, 62, 266.94
2026/08/01 16:42:35.539, NVIDIA GeForce RTX 3090, 4289, 24576, 53, 261.48
2026/08/01 16:42:36.587, NVIDIA GeForce RTX 3090, 4289, 24576, 58, 265.28
2026/08/01 16:42:37.650, NVIDIA GeForce RTX 3090, 4289, 24576, 49, 258.83
2026/08/01 16:42:38.747, NVIDIA GeForce RTX 3090, 4289, 24576, 58, 256.84
2026/08/01 16:42:39.822, NVIDIA GeForce RTX 3090, 4289, 24576, 36, 251.24
2026/08/01 16:42:40.876, NVIDIA GeForce RTX 3090, 4289, 24576, 58, 261.98
2026/08/01 16:42:41.970, NVIDIA GeForce RTX 3090, 4289, 24576, 42, 251.35
2026/08/01 16:42:43.020, NVIDIA GeForce RTX 3090, 4289, 24576, 56, 262.42
2026/08/01 16:42:44.068, NVIDIA GeForce RTX 3090, 4289, 24576, 35, 254.93
2026/08/01 16:42:45.143, NVIDIA GeForce RTX 3090, 4289, 24576, 44, 259.02
2026/08/01 16:42:46.231, NVIDIA GeForce RTX 3090, 4289, 24576, 62, 265.38
2026/08/01 16:42:47.322, NVIDIA GeForce RTX 3090, 4289, 24576, 53, 253.45
2026/08/01 16:42:48.371, NVIDIA GeForce RTX 3090, 4289, 24576, 57, 260.79
2026/08/01 16:42:49.454, NVIDIA GeForce RTX 3090, 4289, 24576, 60, 264.52
2026/08/01 16:42:50.503, NVIDIA GeForce RTX 3090, 4289, 24576, 58, 264.42
2026/08/01 16:42:51.552, NVIDIA GeForce RTX 3090, 4289, 24576, 58, 265.48
2026/08/01 16:42:52.603, NVIDIA GeForce RTX 3090, 4289, 24576, 48, 264.91
2026/08/01 16:42:53.651, NVIDIA GeForce RTX 3090, 4289, 24576, 40, 260.87
2026/08/01 16:42:54.704, NVIDIA GeForce RTX 3090, 4289, 24576, 41, 263.82
2026/08/01 16:42:55.756, NVIDIA GeForce RTX 3090, 4289, 24576, 52, 253.76
2026/08/01 16:42:56.806, NVIDIA GeForce RTX 3090, 4289, 24576, 50, 265.52
2026/08/01 16:42:57.890, NVIDIA GeForce RTX 3090, 4289, 24576, 42, 263.68
2026/08/01 16:42:58.941, NVIDIA GeForce RTX 3090, 4289, 24576, 62, 255.79
2026/08/01 16:42:59.988, NVIDIA GeForce RTX 3090, 4289, 24576, 50, 265.82
2026/08/01 16:43:01.036, NVIDIA GeForce RTX 3090, 4289, 24576, 61, 261.80
2026/08/01 16:43:02.087, NVIDIA GeForce RTX 3090, 4289, 24576, 62, 264.16
2026/08/01 16:43:03.154, NVIDIA GeForce RTX 3090, 4289, 24576, 50, 264.23
2026/08/01 16:43:04.199, NVIDIA GeForce RTX 3090, 4289, 24576, 58, 253.72
2026/08/01 16:43:05.270, NVIDIA GeForce RTX 3090, 4289, 24576, 62, 263.39
2026/08/01 16:43:06.323, NVIDIA GeForce RTX 3090, 4289, 24576, 43, 255.77
2026/08/01 16:43:07.375, NVIDIA GeForce RTX 3090, 4289, 24576, 58, 254.60
2026/08/01 16:43:08.423, NVIDIA GeForce RTX 3090, 4289, 24576, 42, 262.49
2026/08/01 16:43:09.467, NVIDIA GeForce RTX 3090, 4289, 24576, 49, 262.35
2026/08/01 16:43:10.562, NVIDIA GeForce RTX 3090, 4289, 24576, 55, 253.85
2026/08/01 16:43:11.626, NVIDIA GeForce RTX 3090, 4289, 24576, 62, 264.94
2026/08/01 16:43:12.703, NVIDIA GeForce RTX 3090, 4289, 24576, 51, 261.63
2026/08/01 16:43:13.775, NVIDIA GeForce RTX 3090, 4289, 24576, 57, 251.60
2026/08/01 16:43:14.824, NVIDIA GeForce RTX 3090, 4289, 24576, 51, 256.10
2026/08/01 16:43:15.870, NVIDIA GeForce RTX 3090, 4289, 24576, 45, 255.52
2026/08/01 16:43:16.920, NVIDIA GeForce RTX 3090, 4289, 24576, 58, 267.45
2026/08/01 16:43:18.015, NVIDIA GeForce RTX 3090, 4289, 24576, 38, 257.06
2026/08/01 16:43:19.110, NVIDIA GeForce RTX 3090, 4289, 24576, 58, 261.06
2026/08/01 16:43:20.159, NVIDIA GeForce RTX 3090, 4289, 24576, 58, 264.54
2026/08/01 16:43:21.207, NVIDIA GeForce RTX 3090, 4289, 24576, 52, 262.21
2026/08/01 16:43:22.259, NVIDIA GeForce RTX 3090, 4289, 24576, 72, 267.71
2026/08/01 16:43:23.330, NVIDIA GeForce RTX 3090, 4289, 24576, 51, 257.44
2026/08/01 16:43:24.402, NVIDIA GeForce RTX 3090, 4289, 24576, 53, 266.77
2026/08/01 16:43:25.474, NVIDIA GeForce RTX 3090, 4289, 24576, 37, 260.53
2026/08/01 16:43:26.570, NVIDIA GeForce RTX 3090, 4289, 24576, 58, 257.97
2026/08/01 16:43:27.619, NVIDIA GeForce RTX 3090, 4289, 24576, 62, 264.81
2026/08/01 16:43:28.686, NVIDIA GeForce RTX 3090, 4289, 24576, 37, 251.05
2026/08/01 16:43:29.731, NVIDIA GeForce RTX 3090, 4289, 24576, 56, 264.27
2026/08/01 16:43:30.826, NVIDIA GeForce RTX 3090, 4289, 24576, 61, 261.97
2026/08/01 16:43:31.875, NVIDIA GeForce RTX 3090, 4289, 24576, 38, 264.39
2026/08/01 16:43:32.923, NVIDIA GeForce RTX 3090, 4289, 24576, 45, 267.55
2026/08/01 16:43:33.967, NVIDIA GeForce RTX 3090, 4289, 24576, 55, 260.94
2026/08/01 16:43:35.010, NVIDIA GeForce RTX 3090, 4289, 24576, 57, 257.98
2026/08/01 16:43:36.056, NVIDIA GeForce RTX 3090, 4289, 24576, 37, 259.98
2026/08/01 16:43:37.099, NVIDIA GeForce RTX 3090, 4289, 24576, 58, 258.76
2026/08/01 16:43:38.147, NVIDIA GeForce RTX 3090, 4289, 24576, 72, 265.18
2026/08/01 16:43:39.237, NVIDIA GeForce RTX 3090, 4289, 24576, 47, 265.52
2026/08/01 16:43:40.285, NVIDIA GeForce RTX 3090, 4289, 24576, 50, 264.86
2026/08/01 16:43:41.362, NVIDIA GeForce RTX 3090, 4289, 24576, 41, 257.68
2026/08/01 16:43:42.454, NVIDIA GeForce RTX 3090, 4289, 24576, 50, 262.07
2026/08/01 16:43:43.518, NVIDIA GeForce RTX 3090, 4289, 24576, 58, 264.66
2026/08/01 16:43:44.607, NVIDIA GeForce RTX 3090, 4289, 24576, 43, 261.51
2026/08/01 16:43:45.673, NVIDIA GeForce RTX 3090, 4289, 24576, 37, 257.18
2026/08/01 16:43:46.737, NVIDIA GeForce RTX 3090, 4289, 24576, 58, 263.59
2026/08/01 16:43:47.791, NVIDIA GeForce RTX 3090, 4289, 24576, 60, 258.05
2026/08/01 16:43:48.838, NVIDIA GeForce RTX 3090, 4289, 24576, 62, 265.53
2026/08/01 16:43:49.910, NVIDIA GeForce RTX 3090, 4289, 24576, 58, 257.17
2026/08/01 16:43:50.964, NVIDIA GeForce RTX 3090, 4289, 24576, 58, 265.27
2026/08/01 16:43:52.012, NVIDIA GeForce RTX 3090, 4289, 24576, 58, 264.69
2026/08/01 16:43:53.067, NVIDIA GeForce RTX 3090, 4289, 24576, 39, 260.05
2026/08/01 16:43:54.162, NVIDIA GeForce RTX 3090, 4289, 24576, 39, 259.38
2026/08/01 16:43:55.212, NVIDIA GeForce RTX 3090, 4289, 24576, 55, 264.51
2026/08/01 16:43:56.282, NVIDIA GeForce RTX 3090, 4289, 24576, 53, 255.10
2026/08/01 16:43:57.358, NVIDIA GeForce RTX 3090, 4289, 24576, 47, 257.56
2026/08/01 16:43:58.453, NVIDIA GeForce RTX 3090, 4289, 24576, 63, 255.12
2026/08/01 16:43:59.527, NVIDIA GeForce RTX 3090, 4289, 24576, 58, 264.88
2026/08/01 16:44:00.580, NVIDIA GeForce RTX 3090, 4289, 24576, 38, 267.39
2026/08/01 16:44:01.658, NVIDIA GeForce RTX 3090, 4289, 24576, 61, 262.17
2026/08/01 16:44:02.708, NVIDIA GeForce RTX 3090, 4289, 24576, 57, 265.51
2026/08/01 16:44:03.802, NVIDIA GeForce RTX 3090, 4289, 24576, 48, 261.76
2026/08/01 16:44:04.847, NVIDIA GeForce RTX 3090, 4289, 24576, 49, 255.10
2026/08/01 16:44:05.947, NVIDIA GeForce RTX 3090, 4289, 24576, 49, 259.86
2026/08/01 16:44:07.023, NVIDIA GeForce RTX 3090, 4289, 24576, 61, 255.86
2026/08/01 16:44:08.111, NVIDIA GeForce RTX 3090, 4289, 24576, 55, 262.87
2026/08/01 16:44:09.161, NVIDIA GeForce RTX 3090, 4289, 24576, 43, 261.31
2026/08/01 16:44:10.261, NVIDIA GeForce RTX 3090, 4289, 24576, 56, 265.18
2026/08/01 16:44:11.333, NVIDIA GeForce RTX 3090, 4289, 24576, 45, 256.27
2026/08/01 16:44:12.427, NVIDIA GeForce RTX 3090, 4289, 24576, 63, 264.59
2026/08/01 16:44:13.491, NVIDIA GeForce RTX 3090, 4289, 24576, 58, 264.68
2026/08/01 16:44:14.579, NVIDIA GeForce RTX 3090, 4289, 24576, 36, 255.54
2026/08/01 16:44:15.628, NVIDIA GeForce RTX 3090, 4289, 24576, 35, 254.03
2026/08/01 16:44:16.727, NVIDIA GeForce RTX 3090, 4289, 24576, 57, 264.91
2026/08/01 16:44:17.776, NVIDIA GeForce RTX 3090, 4289, 24576, 57, 264.10
2026/08/01 16:44:18.824, NVIDIA GeForce RTX 3090, 4289, 24576, 49, 263.38
2026/08/01 16:44:19.872, NVIDIA GeForce RTX 3090, 4289, 24576, 63, 263.34
2026/08/01 16:44:20.925, NVIDIA GeForce RTX 3090, 4289, 24576, 58, 264.06
2026/08/01 16:44:22.018, NVIDIA GeForce RTX 3090, 4289, 24576, 36, 257.25
2026/08/01 16:44:23.069, NVIDIA GeForce RTX 3090, 4289, 24576, 53, 257.58
2026/08/01 16:44:24.120, NVIDIA GeForce RTX 3090, 4289, 24576, 43, 257.37
2026/08/01 16:44:25.191, NVIDIA GeForce RTX 3090, 4289, 24576, 49, 269.13
2026/08/01 16:44:26.255, NVIDIA GeForce RTX 3090, 4289, 24576, 58, 260.08
2026/08/01 16:44:27.302, NVIDIA GeForce RTX 3090, 4289, 24576, 47, 263.22
2026/08/01 16:44:28.366, NVIDIA GeForce RTX 3090, 4289, 24576, 62, 255.79
2026/08/01 16:44:29.416, NVIDIA GeForce RTX 3090, 4289, 24576, 38, 256.03
2026/08/01 16:44:30.507, NVIDIA GeForce RTX 3090, 4289, 24576, 42, 262.35
2026/08/01 16:44:31.578, NVIDIA GeForce RTX 3090, 4289, 24576, 42, 260.07
2026/08/01 16:44:32.642, NVIDIA GeForce RTX 3090, 4289, 24576, 58, 256.49
2026/08/01 16:44:33.739, NVIDIA GeForce RTX 3090, 4289, 24576, 44, 264.29
2026/08/01 16:44:34.810, NVIDIA GeForce RTX 3090, 4289, 24576, 52, 261.57
2026/08/01 16:44:35.883, NVIDIA GeForce RTX 3090, 4289, 24576, 44, 263.56
2026/08/01 16:44:36.932, NVIDIA GeForce RTX 3090, 4289, 24576, 45, 255.90
2026/08/01 16:44:38.018, NVIDIA GeForce RTX 3090, 4289, 24576, 61, 263.70
2026/08/01 16:44:39.102, NVIDIA GeForce RTX 3090, 4289, 24576, 44, 261.02
2026/08/01 16:44:40.153, NVIDIA GeForce RTX 3090, 4289, 24576, 37, 261.33
2026/08/01 16:44:41.226, NVIDIA GeForce RTX 3090, 4289, 24576, 61, 265.57
2026/08/01 16:44:42.278, NVIDIA GeForce RTX 3090, 4289, 24576, 58, 266.32
2026/08/01 16:44:43.347, NVIDIA GeForce RTX 3090, 4289, 24576, 48, 260.83
2026/08/01 16:44:44.415, NVIDIA GeForce RTX 3090, 4289, 24576, 49, 255.84
2026/08/01 16:44:45.478, NVIDIA GeForce RTX 3090, 4289, 24576, 42, 260.20
2026/08/01 16:44:46.566, NVIDIA GeForce RTX 3090, 4289, 24576, 62, 258.57
2026/08/01 16:44:47.663, NVIDIA GeForce RTX 3090, 4289, 24576, 41, 257.84
2026/08/01 16:44:48.759, NVIDIA GeForce RTX 3090, 4289, 24576, 59, 253.05
2026/08/01 16:44:49.821, NVIDIA GeForce RTX 3090, 4289, 24576, 62, 260.18
2026/08/01 16:44:50.868, NVIDIA GeForce RTX 3090, 4289, 24576, 52, 259.97
2026/08/01 16:44:51.933, NVIDIA GeForce RTX 3090, 4289, 24576, 48, 267.22
2026/08/01 16:44:52.983, NVIDIA GeForce RTX 3090, 4289, 24576, 61, 259.70
2026/08/01 16:44:54.050, NVIDIA GeForce RTX 3090, 4289, 24576, 56, 261.42
2026/08/01 16:44:55.103, NVIDIA GeForce RTX 3090, 4289, 24576, 58, 265.68
2026/08/01 16:44:56.198, NVIDIA GeForce RTX 3090, 4289, 24576, 62, 263.73
2026/08/01 16:44:57.248, NVIDIA GeForce RTX 3090, 4289, 24576, 41, 252.26
2026/08/01 16:44:58.334, NVIDIA GeForce RTX 3090, 4289, 24576, 47, 264.82
2026/08/01 16:44:59.422, NVIDIA GeForce RTX 3090, 4289, 24576, 56, 266.15
2026/08/01 16:45:00.471, NVIDIA GeForce RTX 3090, 4289, 24576, 58, 263.29
2026/08/01 16:45:01.523, NVIDIA GeForce RTX 3090, 4289, 24576, 61, 261.01
2026/08/01 16:45:02.572, NVIDIA GeForce RTX 3090, 4289, 24576, 40, 261.98
2026/08/01 16:45:03.620, NVIDIA GeForce RTX 3090, 4289, 24576, 58, 259.32
2026/08/01 16:45:04.671, NVIDIA GeForce RTX 3090, 4289, 24576, 58, 264.69
2026/08/01 16:45:05.742, NVIDIA GeForce RTX 3090, 4289, 24576, 39, 255.71
2026/08/01 16:45:06.814, NVIDIA GeForce RTX 3090, 4289, 24576, 62, 258.44
2026/08/01 16:45:07.863, NVIDIA GeForce RTX 3090, 4289, 24576, 51, 262.47
2026/08/01 16:45:08.912, NVIDIA GeForce RTX 3090, 4289, 24576, 52, 260.44
2026/08/01 16:45:10.010, NVIDIA GeForce RTX 3090, 4289, 24576, 62, 264.06
2026/08/01 16:45:11.103, NVIDIA GeForce RTX 3090, 4289, 24576, 58, 264.99
2026/08/01 16:45:12.151, NVIDIA GeForce RTX 3090, 4289, 24576, 49, 263.38
2026/08/01 16:45:13.222, NVIDIA GeForce RTX 3090, 4289, 24576, 52, 263.16
2026/08/01 16:45:14.322, NVIDIA GeForce RTX 3090, 4289, 24576, 61, 260.00
2026/08/01 16:45:15.394, NVIDIA GeForce RTX 3090, 4289, 24576, 48, 262.52
2026/08/01 16:45:16.445, NVIDIA GeForce RTX 3090, 4289, 24576, 58, 259.14
2026/08/01 16:45:17.495, NVIDIA GeForce RTX 3090, 4289, 24576, 54, 262.33
2026/08/01 16:45:18.570, NVIDIA GeForce RTX 3090, 4289, 24576, 49, 258.81
2026/08/01 16:45:19.642, NVIDIA GeForce RTX 3090, 4289, 24576, 47, 267.15
2026/08/01 16:45:20.692, NVIDIA GeForce RTX 3090, 4289, 24576, 58, 266.43
2026/08/01 16:45:21.766, NVIDIA GeForce RTX 3090, 4289, 24576, 54, 263.00
2026/08/01 16:45:22.842, NVIDIA GeForce RTX 3090, 4289, 24576, 58, 264.48
2026/08/01 16:45:23.933, NVIDIA GeForce RTX 3090, 4289, 24576, 62, 264.87
2026/08/01 16:45:24.987, NVIDIA GeForce RTX 3090, 4289, 24576, 62, 263.97
2026/08/01 16:45:26.039, NVIDIA GeForce RTX 3090, 4289, 24576, 50, 261.71
2026/08/01 16:45:27.082, NVIDIA GeForce RTX 3090, 4289, 24576, 55, 255.40
2026/08/01 16:45:28.131, NVIDIA GeForce RTX 3090, 4289, 24576, 61, 263.65
2026/08/01 16:45:29.227, NVIDIA GeForce RTX 3090, 4289, 24576, 54, 251.84
2026/08/01 16:45:30.284, NVIDIA GeForce RTX 3090, 4289, 24576, 56, 258.94
2026/08/01 16:45:31.360, NVIDIA GeForce RTX 3090, 4289, 24576, 58, 262.96
2026/08/01 16:45:32.430, NVIDIA GeForce RTX 3090, 4289, 24576, 58, 263.97
2026/08/01 16:45:33.502, NVIDIA GeForce RTX 3090, 4289, 24576, 47, 256.52
2026/08/01 16:45:34.570, NVIDIA GeForce RTX 3090, 4289, 24576, 52, 261.04
2026/08/01 16:45:35.642, NVIDIA GeForce RTX 3090, 4289, 24576, 56, 263.71
2026/08/01 16:45:36.709, NVIDIA GeForce RTX 3090, 4289, 24576, 60, 263.05
2026/08/01 16:45:37.755, NVIDIA GeForce RTX 3090, 4289, 24576, 60, 262.82
2026/08/01 16:45:38.806, NVIDIA GeForce RTX 3090, 4289, 24576, 54, 266.07
2026/08/01 16:45:39.873, NVIDIA GeForce RTX 3090, 4289, 24576, 63, 261.29
2026/08/01 16:45:40.926, NVIDIA GeForce RTX 3090, 4289, 24576, 63, 254.65
2026/08/01 16:45:41.976, NVIDIA GeForce RTX 3090, 4289, 24576, 41, 250.48
2026/08/01 16:45:43.045, NVIDIA GeForce RTX 3090, 4289, 24576, 56, 264.77
2026/08/01 16:45:44.143, NVIDIA GeForce RTX 3090, 4289, 24576, 58, 265.65
2026/08/01 16:45:45.234, NVIDIA GeForce RTX 3090, 4289, 24576, 40, 255.93
2026/08/01 16:45:46.318, NVIDIA GeForce RTX 3090, 4289, 24576, 38, 262.38
2026/08/01 16:45:47.390, NVIDIA GeForce RTX 3090, 4289, 24576, 61, 261.95
2026/08/01 16:45:48.454, NVIDIA GeForce RTX 3090, 4289, 24576, 42, 262.54
2026/08/01 16:45:49.503, NVIDIA GeForce RTX 3090, 4289, 24576, 56, 260.78
2026/08/01 16:45:50.551, NVIDIA GeForce RTX 3090, 4289, 24576, 58, 262.11
2026/08/01 16:45:51.603, NVIDIA GeForce RTX 3090, 4289, 24576, 43, 259.49
2026/08/01 16:45:52.651, NVIDIA GeForce RTX 3090, 4289, 24576, 52, 253.59
2026/08/01 16:45:53.742, NVIDIA GeForce RTX 3090, 4289, 24576, 62, 264.13
2026/08/01 16:45:54.791, NVIDIA GeForce RTX 3090, 4289, 24576, 60, 264.75
2026/08/01 16:45:55.836, NVIDIA GeForce RTX 3090, 4289, 24576, 37, 254.42
2026/08/01 16:45:56.901, NVIDIA GeForce RTX 3090, 4289, 24576, 58, 262.18
2026/08/01 16:45:57.948, NVIDIA GeForce RTX 3090, 4289, 24576, 55, 264.91
2026/08/01 16:45:59.034, NVIDIA GeForce RTX 3090, 4289, 24576, 36, 255.32
2026/08/01 16:46:00.122, NVIDIA GeForce RTX 3090, 4289, 24576, 50, 264.40
2026/08/01 16:46:01.173, NVIDIA GeForce RTX 3090, 4289, 24576, 71, 265.67
2026/08/01 16:46:02.228, NVIDIA GeForce RTX 3090, 4289, 24576, 58, 265.85
2026/08/01 16:46:03.295, NVIDIA GeForce RTX 3090, 4289, 24576, 55, 262.92
2026/08/01 16:46:04.371, NVIDIA GeForce RTX 3090, 4289, 24576, 41, 261.47
2026/08/01 16:46:05.438, NVIDIA GeForce RTX 3090, 4289, 24576, 41, 260.67
2026/08/01 16:46:06.492, NVIDIA GeForce RTX 3090, 4289, 24576, 62, 260.05
2026/08/01 16:46:07.587, NVIDIA GeForce RTX 3090, 4289, 24576, 39, 256.22
2026/08/01 16:46:08.674, NVIDIA GeForce RTX 3090, 4289, 24576, 62, 260.44
2026/08/01 16:46:09.724, NVIDIA GeForce RTX 3090, 4289, 24576, 61, 264.61
2026/08/01 16:46:10.772, NVIDIA GeForce RTX 3090, 4289, 24576, 59, 264.09
2026/08/01 16:46:11.842, NVIDIA GeForce RTX 3090, 4289, 24576, 52, 263.35
2026/08/01 16:46:12.911, NVIDIA GeForce RTX 3090, 4289, 24576, 37, 261.34
2026/08/01 16:46:13.983, NVIDIA GeForce RTX 3090, 4289, 24576, 65, 260.15
2026/08/01 16:46:15.060, NVIDIA GeForce RTX 3090, 4289, 24576, 55, 261.84
2026/08/01 16:46:16.117, NVIDIA GeForce RTX 3090, 4289, 24576, 47, 256.04
2026/08/01 16:46:17.190, NVIDIA GeForce RTX 3090, 4289, 24576, 54, 260.03
2026/08/01 16:46:18.236, NVIDIA GeForce RTX 3090, 4289, 24576, 58, 264.61
2026/08/01 16:46:19.335, NVIDIA GeForce RTX 3090, 4289, 24576, 37, 252.46
2026/08/01 16:46:20.403, NVIDIA GeForce RTX 3090, 4289, 24576, 51, 263.64
2026/08/01 16:46:21.495, NVIDIA GeForce RTX 3090, 4289, 24576, 39, 260.41
2026/08/01 16:46:22.561, NVIDIA GeForce RTX 3090, 4289, 24576, 46, 257.72
2026/08/01 16:46:23.626, NVIDIA GeForce RTX 3090, 4289, 24576, 58, 264.99
2026/08/01 16:46:24.690, NVIDIA GeForce RTX 3090, 4289, 24576, 59, 261.34
2026/08/01 16:46:25.767, NVIDIA GeForce RTX 3090, 4289, 24576, 59, 254.51
2026/08/01 16:46:26.855, NVIDIA GeForce RTX 3090, 4289, 24576, 58, 267.27
2026/08/01 16:46:27.927, NVIDIA GeForce RTX 3090, 4289, 24576, 58, 266.10
2026/08/01 16:46:28.999, NVIDIA GeForce RTX 3090, 4289, 24576, 45, 260.61
2026/08/01 16:46:30.051, NVIDIA GeForce RTX 3090, 4289, 24576, 64, 256.28
2026/08/01 16:46:31.127, NVIDIA GeForce RTX 3090, 4289, 24576, 57, 263.83
2026/08/01 16:46:32.176, NVIDIA GeForce RTX 3090, 4289, 24576, 58, 263.63
2026/08/01 16:46:33.225, NVIDIA GeForce RTX 3090, 4289, 24576, 53, 262.88
2026/08/01 16:46:34.295, NVIDIA GeForce RTX 3090, 4289, 24576, 62, 260.44
2026/08/01 16:46:35.347, NVIDIA GeForce RTX 3090, 4289, 24576, 37, 261.45
2026/08/01 16:46:36.395, NVIDIA GeForce RTX 3090, 4289, 24576, 52, 264.20
2026/08/01 16:46:37.440, NVIDIA GeForce RTX 3090, 4289, 24576, 53, 263.02
2026/08/01 16:46:38.531, NVIDIA GeForce RTX 3090, 4289, 24576, 62, 258.14
2026/08/01 16:46:39.585, NVIDIA GeForce RTX 3090, 4289, 24576, 60, 263.20
2026/08/01 16:46:40.655, NVIDIA GeForce RTX 3090, 4289, 24576, 52, 264.68
2026/08/01 16:46:41.723, NVIDIA GeForce RTX 3090, 4289, 24576, 62, 258.30
2026/08/01 16:46:42.799, NVIDIA GeForce RTX 3090, 4289, 24576, 52, 263.72
2026/08/01 16:46:43.866, NVIDIA GeForce RTX 3090, 4289, 24576, 47, 264.67
2026/08/01 16:46:44.935, NVIDIA GeForce RTX 3090, 4289, 24576, 62, 255.84
2026/08/01 16:46:45.984, NVIDIA GeForce RTX 3090, 4289, 24576, 37, 257.36
2026/08/01 16:46:47.055, NVIDIA GeForce RTX 3090, 4289, 24576, 50, 265.42
2026/08/01 16:46:48.122, NVIDIA GeForce RTX 3090, 4289, 24576, 50, 259.49
2026/08/01 16:46:49.168, NVIDIA GeForce RTX 3090, 4289, 24576, 40, 267.24
2026/08/01 16:46:50.216, NVIDIA GeForce RTX 3090, 4289, 24576, 38, 261.70
2026/08/01 16:46:51.307, NVIDIA GeForce RTX 3090, 4289, 24576, 56, 261.82
2026/08/01 16:46:52.395, NVIDIA GeForce RTX 3090, 4289, 24576, 52, 263.37
2026/08/01 16:46:53.490, NVIDIA GeForce RTX 3090, 4289, 24576, 50, 254.46
2026/08/01 16:46:54.583, NVIDIA GeForce RTX 3090, 4289, 24576, 62, 263.49
2026/08/01 16:46:55.636, NVIDIA GeForce RTX 3090, 4289, 24576, 52, 264.45
2026/08/01 16:46:56.678, NVIDIA GeForce RTX 3090, 4289, 24576, 40, 259.22
2026/08/01 16:46:57.331, NVIDIA GeForce RTX 3090, 4289, 24576, 37, 258.96
2026/08/01 16:46:58.399, NVIDIA GeForce RTX 3090, 4289, 24576, 42, 263.72
2026/08/01 16:46:59.448, NVIDIA GeForce RTX 3090, 4289, 24576, 47, 254.55
2026/08/01 16:47:00.493, NVIDIA GeForce RTX 3090, 4289, 24576, 51, 263.40
2026/08/01 16:47:01.545, NVIDIA GeForce RTX 3090, 4289, 24576, 50, 262.12
2026/08/01 16:47:02.588, NVIDIA GeForce RTX 3090, 4289, 24576, 58, 260.44
2026/08/01 16:47:03.683, NVIDIA GeForce RTX 3090, 4289, 24576, 58, 264.37
2026/08/01 16:47:04.750, NVIDIA GeForce RTX 3090, 4289, 24576, 50, 259.49
2026/08/01 16:47:05.823, NVIDIA GeForce RTX 3090, 4289, 24576, 53, 271.11
2026/08/01 16:47:06.870, NVIDIA GeForce RTX 3090, 4289, 24576, 42, 254.78
2026/08/01 16:47:07.942, NVIDIA GeForce RTX 3090, 4289, 24576, 62, 265.88
2026/08/01 16:47:09.044, NVIDIA GeForce RTX 3090, 4289, 24576, 42, 255.46
2026/08/01 16:47:10.093, NVIDIA GeForce RTX 3090, 4289, 24576, 58, 264.27
2026/08/01 16:47:11.155, NVIDIA GeForce RTX 3090, 4289, 24576, 35, 257.73
2026/08/01 16:47:12.227, NVIDIA GeForce RTX 3090, 4289, 24576, 45, 262.25
2026/08/01 16:47:13.320, NVIDIA GeForce RTX 3090, 4289, 24576, 61, 263.54
2026/08/01 16:47:14.372, NVIDIA GeForce RTX 3090, 4289, 24576, 62, 263.91
2026/08/01 16:47:15.424, NVIDIA GeForce RTX 3090, 4289, 24576, 52, 259.88
2026/08/01 16:47:16.472, NVIDIA GeForce RTX 3090, 4289, 24576, 55, 254.75
2026/08/01 16:47:17.567, NVIDIA GeForce RTX 3090, 4289, 24576, 38, 260.67
2026/08/01 16:47:18.613, NVIDIA GeForce RTX 3090, 4289, 24576, 53, 265.69
2026/08/01 16:47:19.664, NVIDIA GeForce RTX 3090, 4289, 24576, 44, 258.73
2026/08/01 16:47:20.710, NVIDIA GeForce RTX 3090, 4289, 24576, 61, 261.34
2026/08/01 16:47:21.762, NVIDIA GeForce RTX 3090, 4289, 24576, 48, 258.47
2026/08/01 16:47:22.809, NVIDIA GeForce RTX 3090, 4289, 24576, 58, 263.74
2026/08/01 16:47:23.907, NVIDIA GeForce RTX 3090, 4289, 24576, 52, 264.47
2026/08/01 16:47:24.957, NVIDIA GeForce RTX 3090, 4289, 24576, 62, 264.50
2026/08/01 16:47:26.027, NVIDIA GeForce RTX 3090, 4289, 24576, 58, 264.63
2026/08/01 16:47:27.081, NVIDIA GeForce RTX 3090, 4289, 24576, 40, 255.60
2026/08/01 16:47:28.147, NVIDIA GeForce RTX 3090, 4289, 24576, 62, 258.42
2026/08/01 16:47:29.247, NVIDIA GeForce RTX 3090, 4289, 24576, 43, 262.20
2026/08/01 16:47:30.297, NVIDIA GeForce RTX 3090, 4289, 24576, 61, 258.50
2026/08/01 16:47:31.381, NVIDIA GeForce RTX 3090, 4289, 24576, 61, 266.81
2026/08/01 16:47:32.479, NVIDIA GeForce RTX 3090, 4289, 24576, 53, 265.99
2026/08/01 16:47:33.552, NVIDIA GeForce RTX 3090, 4289, 24576, 59, 265.52
2026/08/01 16:47:34.606, NVIDIA GeForce RTX 3090, 4289, 24576, 37, 262.71
2026/08/01 16:47:35.677, NVIDIA GeForce RTX 3090, 4289, 24576, 62, 257.36
2026/08/01 16:47:36.726, NVIDIA GeForce RTX 3090, 4289, 24576, 53, 265.06
2026/08/01 16:47:37.776, NVIDIA GeForce RTX 3090, 4289, 24576, 52, 261.86
2026/08/01 16:47:38.826, NVIDIA GeForce RTX 3090, 4289, 24576, 38, 256.45
2026/08/01 16:47:39.892, NVIDIA GeForce RTX 3090, 4289, 24576, 51, 261.29
2026/08/01 16:47:40.963, NVIDIA GeForce RTX 3090, 4289, 24576, 56, 265.65
2026/08/01 16:47:42.008, NVIDIA GeForce RTX 3090, 4289, 24576, 53, 256.40
2026/08/01 16:47:43.103, NVIDIA GeForce RTX 3090, 4289, 24576, 59, 265.09
2026/08/01 16:47:44.189, NVIDIA GeForce RTX 3090, 4289, 24576, 52, 260.92
2026/08/01 16:47:45.259, NVIDIA GeForce RTX 3090, 4289, 24576, 62, 265.56
2026/08/01 16:47:46.306, NVIDIA GeForce RTX 3090, 4289, 24576, 62, 263.29
2026/08/01 16:47:47.356, NVIDIA GeForce RTX 3090, 4289, 24576, 58, 266.52
2026/08/01 16:47:48.426, NVIDIA GeForce RTX 3090, 4289, 24576, 51, 259.76
2026/08/01 16:47:49.513, NVIDIA GeForce RTX 3090, 4289, 24576, 56, 256.74
2026/08/01 16:47:50.570, NVIDIA GeForce RTX 3090, 4289, 24576, 54, 267.03
2026/08/01 16:47:51.616, NVIDIA GeForce RTX 3090, 4289, 24576, 48, 264.14
2026/08/01 16:47:52.707, NVIDIA GeForce RTX 3090, 4289, 24576, 40, 256.12
2026/08/01 16:47:53.784, NVIDIA GeForce RTX 3090, 4289, 24576, 51, 263.58
2026/08/01 16:47:54.832, NVIDIA GeForce RTX 3090, 4289, 24576, 58, 263.55
2026/08/01 16:47:55.900, NVIDIA GeForce RTX 3090, 4289, 24576, 35, 261.95
2026/08/01 16:47:56.971, NVIDIA GeForce RTX 3090, 4289, 24576, 58, 260.33
2026/08/01 16:47:58.017, NVIDIA GeForce RTX 3090, 4289, 24576, 57, 265.40
2026/08/01 16:47:59.079, NVIDIA GeForce RTX 3090, 4289, 24576, 62, 252.14
2026/08/01 16:48:00.129, NVIDIA GeForce RTX 3090, 4289, 24576, 53, 265.70
2026/08/01 16:48:01.203, NVIDIA GeForce RTX 3090, 4289, 24576, 40, 258.48
2026/08/01 16:48:02.258, NVIDIA GeForce RTX 3090, 4289, 24576, 54, 260.09
2026/08/01 16:48:03.354, NVIDIA GeForce RTX 3090, 4289, 24576, 49, 262.83
2026/08/01 16:48:04.456, NVIDIA GeForce RTX 3090, 4289, 24576, 37, 257.38
2026/08/01 16:48:05.509, NVIDIA GeForce RTX 3090, 4289, 24576, 58, 261.85
2026/08/01 16:48:06.600, NVIDIA GeForce RTX 3090, 4289, 24576, 42, 260.39
2026/08/01 16:48:07.668, NVIDIA GeForce RTX 3090, 4289, 24576, 53, 267.70
2026/08/01 16:48:08.736, NVIDIA GeForce RTX 3090, 4289, 24576, 51, 257.31
2026/08/01 16:48:09.786, NVIDIA GeForce RTX 3090, 4289, 24576, 57, 264.95
2026/08/01 16:48:10.856, NVIDIA GeForce RTX 3090, 4289, 24576, 58, 264.51
2026/08/01 16:48:11.923, NVIDIA GeForce RTX 3090, 4289, 24576, 49, 259.37
2026/08/01 16:48:13.016, NVIDIA GeForce RTX 3090, 4289, 24576, 58, 258.29
2026/08/01 16:48:14.092, NVIDIA GeForce RTX 3090, 4289, 24576, 63, 253.32
2026/08/01 16:48:15.146, NVIDIA GeForce RTX 3090, 4289, 24576, 61, 265.20
2026/08/01 16:48:16.212, NVIDIA GeForce RTX 3090, 4289, 24576, 58, 265.93
2026/08/01 16:48:17.280, NVIDIA GeForce RTX 3090, 4289, 24576, 49, 256.00
2026/08/01 16:48:18.372, NVIDIA GeForce RTX 3090, 4289, 24576, 58, 263.56
2026/08/01 16:48:19.418, NVIDIA GeForce RTX 3090, 4289, 24576, 50, 262.67
2026/08/01 16:48:20.469, NVIDIA GeForce RTX 3090, 4289, 24576, 64, 255.22
2026/08/01 16:48:21.536, NVIDIA GeForce RTX 3090, 4289, 24576, 37, 257.10
2026/08/01 16:48:22.603, NVIDIA GeForce RTX 3090, 4289, 24576, 49, 257.08
2026/08/01 16:48:23.700, NVIDIA GeForce RTX 3090, 4289, 24576, 48, 263.16
2026/08/01 16:48:24.746, NVIDIA GeForce RTX 3090, 4289, 24576, 58, 258.95
2026/08/01 16:48:25.794, NVIDIA GeForce RTX 3090, 4289, 24576, 54, 267.27
2026/08/01 16:48:26.845, NVIDIA GeForce RTX 3090, 4289, 24576, 60, 264.07
2026/08/01 16:48:27.933, NVIDIA GeForce RTX 3090, 4289, 24576, 46, 261.15
2026/08/01 16:48:29.000, NVIDIA GeForce RTX 3090, 4289, 24576, 44, 255.12
2026/08/01 16:48:30.084, NVIDIA GeForce RTX 3090, 4289, 24576, 34, 261.17
2026/08/01 16:48:31.152, NVIDIA GeForce RTX 3090, 4289, 24576, 49, 262.66
2026/08/01 16:48:32.244, NVIDIA GeForce RTX 3090, 4289, 24576, 60, 261.89
2026/08/01 16:48:33.340, NVIDIA GeForce RTX 3090, 4289, 24576, 58, 259.82
2026/08/01 16:48:34.390, NVIDIA GeForce RTX 3090, 4289, 24576, 43, 260.10
2026/08/01 16:48:35.446, NVIDIA GeForce RTX 3090, 4289, 24576, 59, 269.83
2026/08/01 16:48:36.536, NVIDIA GeForce RTX 3090, 4289, 24576, 46, 262.31
2026/08/01 16:48:37.590, NVIDIA GeForce RTX 3090, 4289, 24576, 58, 258.48
2026/08/01 16:48:38.638, NVIDIA GeForce RTX 3090, 4289, 24576, 58, 263.14
2026/08/01 16:48:39.693, NVIDIA GeForce RTX 3090, 4289, 24576, 44, 260.79
2026/08/01 16:48:40.788, NVIDIA GeForce RTX 3090, 4289, 24576, 37, 258.93
2026/08/01 16:48:41.838, NVIDIA GeForce RTX 3090, 4289, 24576, 62, 256.90
2026/08/01 16:48:42.928, NVIDIA GeForce RTX 3090, 4289, 24576, 54, 266.71
2026/08/01 16:48:44.028, NVIDIA GeForce RTX 3090, 4289, 24576, 48, 264.02
2026/08/01 16:48:45.074, NVIDIA GeForce RTX 3090, 4289, 24576, 37, 258.14
2026/08/01 16:48:46.129, NVIDIA GeForce RTX 3090, 4289, 24576, 43, 261.19
2026/08/01 16:48:47.182, NVIDIA GeForce RTX 3090, 4289, 24576, 58, 262.26
2026/08/01 16:48:48.234, NVIDIA GeForce RTX 3090, 4289, 24576, 36, 255.92
2026/08/01 16:48:49.285, NVIDIA GeForce RTX 3090, 4289, 24576, 61, 256.40
2026/08/01 16:48:50.334, NVIDIA GeForce RTX 3090, 4289, 24576, 50, 263.97
2026/08/01 16:48:51.386, NVIDIA GeForce RTX 3090, 4289, 24576, 42, 254.58
2026/08/01 16:48:52.484, NVIDIA GeForce RTX 3090, 4289, 24576, 62, 264.43
2026/08/01 16:48:53.572, NVIDIA GeForce RTX 3090, 4289, 24576, 56, 264.57
2026/08/01 16:48:54.620, NVIDIA GeForce RTX 3090, 4289, 24576, 54, 254.96
2026/08/01 16:48:55.705, NVIDIA GeForce RTX 3090, 4289, 24576, 53, 262.89
2026/08/01 16:48:56.772, NVIDIA GeForce RTX 3090, 4289, 24576, 41, 259.23
2026/08/01 16:48:57.840, NVIDIA GeForce RTX 3090, 4289, 24576, 54, 259.02
2026/08/01 16:48:58.889, NVIDIA GeForce RTX 3090, 4289, 24576, 59, 265.11
2026/08/01 16:48:59.963, NVIDIA GeForce RTX 3090, 4289, 24576, 73, 263.99
2026/08/01 16:49:01.036, NVIDIA GeForce RTX 3090, 4289, 24576, 51, 256.74
2026/08/01 16:49:02.107, NVIDIA GeForce RTX 3090, 4289, 24576, 62, 265.31
2026/08/01 16:49:03.157, NVIDIA GeForce RTX 3090, 4289, 24576, 51, 265.10
2026/08/01 16:49:04.227, NVIDIA GeForce RTX 3090, 4289, 24576, 58, 264.30
2026/08/01 16:49:05.292, NVIDIA GeForce RTX 3090, 4289, 24576, 62, 262.33
2026/08/01 16:49:06.360, NVIDIA GeForce RTX 3090, 4289, 24576, 52, 257.42
2026/08/01 16:49:07.409, NVIDIA GeForce RTX 3090, 4289, 24576, 52, 259.45
2026/08/01 16:49:08.457, NVIDIA GeForce RTX 3090, 4289, 24576, 39, 257.28
2026/08/01 16:49:09.508, NVIDIA GeForce RTX 3090, 4289, 24576, 58, 258.60
2026/08/01 16:49:10.554, NVIDIA GeForce RTX 3090, 4289, 24576, 58, 264.39
2026/08/01 16:49:11.624, NVIDIA GeForce RTX 3090, 4289, 24576, 50, 258.24
2026/08/01 16:49:12.692, NVIDIA GeForce RTX 3090, 4289, 24576, 52, 265.79
2026/08/01 16:49:13.736, NVIDIA GeForce RTX 3090, 4289, 24576, 57, 268.71
2026/08/01 16:49:14.831, NVIDIA GeForce RTX 3090, 4289, 24576, 54, 253.57
2026/08/01 16:49:15.881, NVIDIA GeForce RTX 3090, 4289, 24576, 58, 263.56
2026/08/01 16:49:16.963, NVIDIA GeForce RTX 3090, 4289, 24576, 55, 262.16
2026/08/01 16:49:18.018, NVIDIA GeForce RTX 3090, 4289, 24576, 52, 258.45
2026/08/01 16:49:19.065, NVIDIA GeForce RTX 3090, 4289, 24576, 54, 262.92
2026/08/01 16:49:20.159, NVIDIA GeForce RTX 3090, 4289, 24576, 62, 263.13
2026/08/01 16:49:21.223, NVIDIA GeForce RTX 3090, 4289, 24576, 58, 264.82
2026/08/01 16:49:22.291, NVIDIA GeForce RTX 3090, 4289, 24576, 55, 265.40
2026/08/01 16:49:23.359, NVIDIA GeForce RTX 3090, 4289, 24576, 54, 261.26
2026/08/01 16:49:24.436, NVIDIA GeForce RTX 3090, 4289, 24576, 52, 259.38
2026/08/01 16:49:25.509, NVIDIA GeForce RTX 3090, 4289, 24576, 62, 265.65
2026/08/01 16:49:26.580, NVIDIA GeForce RTX 3090, 4289, 24576, 44, 262.30
2026/08/01 16:49:27.672, NVIDIA GeForce RTX 3090, 4289, 24576, 38, 259.07
2026/08/01 16:49:28.763, NVIDIA GeForce RTX 3090, 4289, 24576, 58, 262.91
2026/08/01 16:49:29.813, NVIDIA GeForce RTX 3090, 4289, 24576, 55, 266.76
2026/08/01 16:49:30.899, NVIDIA GeForce RTX 3090, 4289, 24576, 61, 265.96
2026/08/01 16:49:31.971, NVIDIA GeForce RTX 3090, 4289, 24576, 41, 257.37
2026/08/01 16:49:33.017, NVIDIA GeForce RTX 3090, 4289, 24576, 58, 261.06
2026/08/01 16:49:34.065, NVIDIA GeForce RTX 3090, 4289, 24576, 49, 259.01
2026/08/01 16:49:35.130, NVIDIA GeForce RTX 3090, 4289, 24576, 58, 262.62
2026/08/01 16:49:36.200, NVIDIA GeForce RTX 3090, 4289, 24576, 57, 265.04
2026/08/01 16:49:37.252, NVIDIA GeForce RTX 3090, 4289, 24576, 62, 264.93
2026/08/01 16:49:38.307, NVIDIA GeForce RTX 3090, 4289, 24576, 40, 256.08
2026/08/01 16:49:39.358, NVIDIA GeForce RTX 3090, 4289, 24576, 58, 257.18
2026/08/01 16:49:40.410, NVIDIA GeForce RTX 3090, 4289, 24576, 37, 257.74
2026/08/01 16:49:41.465, NVIDIA GeForce RTX 3090, 4289, 24576, 43, 254.66
2026/08/01 16:49:42.564, NVIDIA GeForce RTX 3090, 4289, 24576, 52, 273.69
2026/08/01 16:49:43.628, NVIDIA GeForce RTX 3090, 4289, 24576, 58, 254.80
2026/08/01 16:49:44.699, NVIDIA GeForce RTX 3090, 4289, 24576, 62, 266.61
2026/08/01 16:49:45.763, NVIDIA GeForce RTX 3090, 4289, 24576, 35, 255.35
2026/08/01 16:49:46.809, NVIDIA GeForce RTX 3090, 4289, 24576, 58, 264.50
2026/08/01 16:49:47.900, NVIDIA GeForce RTX 3090, 4289, 24576, 62, 262.73
2026/08/01 16:49:48.967, NVIDIA GeForce RTX 3090, 4289, 24576, 38, 254.09
2026/08/01 16:49:50.032, NVIDIA GeForce RTX 3090, 4289, 24576, 58, 261.68
2026/08/01 16:49:51.105, NVIDIA GeForce RTX 3090, 4289, 24576, 51, 265.37
2026/08/01 16:49:52.162, NVIDIA GeForce RTX 3090, 4289, 24576, 42, 253.74
2026/08/01 16:49:53.250, NVIDIA GeForce RTX 3090, 4289, 24576, 41, 266.97
2026/08/01 16:49:54.343, NVIDIA GeForce RTX 3090, 4289, 24576, 45, 270.98
2026/08/01 16:49:55.388, NVIDIA GeForce RTX 3090, 4289, 24576, 37, 256.26
2026/08/01 16:49:56.459, NVIDIA GeForce RTX 3090, 4289, 24576, 43, 263.61
2026/08/01 16:49:57.508, NVIDIA GeForce RTX 3090, 4289, 24576, 58, 256.77
2026/08/01 16:49:58.571, NVIDIA GeForce RTX 3090, 4289, 24576, 49, 260.29
2026/08/01 16:49:59.618, NVIDIA GeForce RTX 3090, 4289, 24576, 56, 266.29
2026/08/01 16:50:00.669, NVIDIA GeForce RTX 3090, 4289, 24576, 41, 257.07
2026/08/01 16:50:01.735, NVIDIA GeForce RTX 3090, 4289, 24576, 61, 263.31
2026/08/01 16:50:02.784, NVIDIA GeForce RTX 3090, 4289, 24576, 47, 266.13
2026/08/01 16:50:03.830, NVIDIA GeForce RTX 3090, 4289, 24576, 36, 256.83
2026/08/01 16:50:04.930, NVIDIA GeForce RTX 3090, 4289, 24576, 62, 263.40
2026/08/01 16:50:06.019, NVIDIA GeForce RTX 3090, 4289, 24576, 38, 262.43
2026/08/01 16:50:07.096, NVIDIA GeForce RTX 3090, 4289, 24576, 48, 257.77
2026/08/01 16:50:08.150, NVIDIA GeForce RTX 3090, 4289, 24576, 41, 262.15
2026/08/01 16:50:09.239, NVIDIA GeForce RTX 3090, 4289, 24576, 58, 256.27
2026/08/01 16:50:10.308, NVIDIA GeForce RTX 3090, 4289, 24576, 44, 264.39
2026/08/01 16:50:11.376, NVIDIA GeForce RTX 3090, 4289, 24576, 60, 260.88
2026/08/01 16:50:12.451, NVIDIA GeForce RTX 3090, 4289, 24576, 58, 263.11
2026/08/01 16:50:13.516, NVIDIA GeForce RTX 3090, 4289, 24576, 40, 257.86
2026/08/01 16:50:14.584, NVIDIA GeForce RTX 3090, 4289, 24576, 65, 262.80
2026/08/01 16:50:15.634, NVIDIA GeForce RTX 3090, 4289, 24576, 53, 265.86
2026/08/01 16:50:16.686, NVIDIA GeForce RTX 3090, 4289, 24576, 60, 264.47
2026/08/01 16:50:17.780, NVIDIA GeForce RTX 3090, 4289, 24576, 48, 258.33
2026/08/01 16:50:18.838, NVIDIA GeForce RTX 3090, 4289, 24576, 64, 260.33
2026/08/01 16:50:19.911, NVIDIA GeForce RTX 3090, 4289, 24576, 56, 257.85
2026/08/01 16:50:20.962, NVIDIA GeForce RTX 3090, 4289, 24576, 58, 266.14
2026/08/01 16:50:22.040, NVIDIA GeForce RTX 3090, 4289, 24576, 49, 261.21
2026/08/01 16:50:23.128, NVIDIA GeForce RTX 3090, 4289, 24576, 43, 263.19
2026/08/01 16:50:24.180, NVIDIA GeForce RTX 3090, 4289, 24576, 58, 254.04
2026/08/01 16:50:25.229, NVIDIA GeForce RTX 3090, 4289, 24576, 42, 260.32
2026/08/01 16:50:26.300, NVIDIA GeForce RTX 3090, 4289, 24576, 44, 256.52
2026/08/01 16:50:27.346, NVIDIA GeForce RTX 3090, 4289, 24576, 40, 260.37
2026/08/01 16:50:28.410, NVIDIA GeForce RTX 3090, 4289, 24576, 62, 260.89
2026/08/01 16:50:29.462, NVIDIA GeForce RTX 3090, 4289, 24576, 62, 261.65
2026/08/01 16:50:30.514, NVIDIA GeForce RTX 3090, 4289, 24576, 45, 256.69
2026/08/01 16:50:31.600, NVIDIA GeForce RTX 3090, 4289, 24576, 62, 257.49
2026/08/01 16:50:32.688, NVIDIA GeForce RTX 3090, 4289, 24576, 43, 260.09
2026/08/01 16:50:33.738, NVIDIA GeForce RTX 3090, 4289, 24576, 63, 260.50
2026/08/01 16:50:34.824, NVIDIA GeForce RTX 3090, 4289, 24576, 61, 260.27
2026/08/01 16:50:35.874, NVIDIA GeForce RTX 3090, 4289, 24576, 58, 266.62
2026/08/01 16:50:36.922, NVIDIA GeForce RTX 3090, 4289, 24576, 63, 262.88
2026/08/01 16:50:37.988, NVIDIA GeForce RTX 3090, 4289, 24576, 62, 254.41
2026/08/01 16:50:39.084, NVIDIA GeForce RTX 3090, 4289, 24576, 59, 265.42
2026/08/01 16:50:40.138, NVIDIA GeForce RTX 3090, 4289, 24576, 57, 263.87
2026/08/01 16:50:41.194, NVIDIA GeForce RTX 3090, 4289, 24576, 47, 258.02
2026/08/01 16:50:42.265, NVIDIA GeForce RTX 3090, 4289, 24576, 57, 270.23
2026/08/01 16:50:43.350, NVIDIA GeForce RTX 3090, 4289, 24576, 63, 255.46
2026/08/01 16:50:44.402, NVIDIA GeForce RTX 3090, 4289, 24576, 50, 259.60
2026/08/01 16:50:45.450, NVIDIA GeForce RTX 3090, 4289, 24576, 55, 260.95
2026/08/01 16:50:46.502, NVIDIA GeForce RTX 3090, 4289, 24576, 58, 265.81
2026/08/01 16:50:47.577, NVIDIA GeForce RTX 3090, 4289, 24576, 49, 262.09
2026/08/01 16:50:48.649, NVIDIA GeForce RTX 3090, 4289, 24576, 61, 256.63
2026/08/01 16:50:49.720, NVIDIA GeForce RTX 3090, 4289, 24576, 58, 266.35
2026/08/01 16:50:50.808, NVIDIA GeForce RTX 3090, 4289, 24576, 40, 258.87
2026/08/01 16:50:51.862, NVIDIA GeForce RTX 3090, 4289, 24576, 58, 257.73
2026/08/01 16:50:52.932, NVIDIA GeForce RTX 3090, 4289, 24576, 74, 263.95
2026/08/01 16:50:54.032, NVIDIA GeForce RTX 3090, 4289, 24576, 62, 259.52
2026/08/01 16:50:55.090, NVIDIA GeForce RTX 3090, 4289, 24576, 51, 265.70
2026/08/01 16:50:56.142, NVIDIA GeForce RTX 3090, 4289, 24576, 58, 261.84
2026/08/01 16:50:57.236, NVIDIA GeForce RTX 3090, 4289, 24576, 45, 262.86
2026/08/01 16:50:58.300, NVIDIA GeForce RTX 3090, 4289, 24576, 58, 255.35
2026/08/01 16:50:59.348, NVIDIA GeForce RTX 3090, 4289, 24576, 41, 255.57
2026/08/01 16:51:00.433, NVIDIA GeForce RTX 3090, 4289, 24576, 61, 263.53
2026/08/01 16:51:01.463, NVIDIA GeForce RTX 3090, 4289, 24576, 62, 264.90
2026/08/01 16:51:02.514, NVIDIA GeForce RTX 3090, 4289, 24576, 63, 256.43
2026/08/01 16:51:03.565, NVIDIA GeForce RTX 3090, 4289, 24576, 53, 262.56
2026/08/01 16:51:04.660, NVIDIA GeForce RTX 3090, 4289, 24576, 62, 261.80
2026/08/01 16:51:05.708, NVIDIA GeForce RTX 3090, 4289, 24576, 58, 264.78
2026/08/01 16:51:06.807, NVIDIA GeForce RTX 3090, 4289, 24576, 62, 262.56
2026/08/01 16:51:07.862, NVIDIA GeForce RTX 3090, 4289, 24576, 56, 263.21
2026/08/01 16:51:08.955, NVIDIA GeForce RTX 3090, 4289, 24576, 41, 258.86
2026/08/01 16:51:10.027, NVIDIA GeForce RTX 3090, 4289, 24576, 49, 262.43
2026/08/01 16:51:11.053, NVIDIA GeForce RTX 3090, 4289, 24576, 49, 261.98
2026/08/01 16:51:12.116, NVIDIA GeForce RTX 3090, 4289, 24576, 43, 266.37
2026/08/01 16:51:13.165, NVIDIA GeForce RTX 3090, 4289, 24576, 58, 263.96
2026/08/01 16:51:14.215, NVIDIA GeForce RTX 3090, 4289, 24576, 38, 259.49
2026/08/01 16:51:15.266, NVIDIA GeForce RTX 3090, 4289, 24576, 52, 262.95
2026/08/01 16:51:16.367, NVIDIA GeForce RTX 3090, 4289, 24576, 58, 264.53
2026/08/01 16:51:17.412, NVIDIA GeForce RTX 3090, 4289, 24576, 55, 266.30
2026/08/01 16:51:18.462, NVIDIA GeForce RTX 3090, 4289, 24576, 41, 261.46
2026/08/01 16:51:19.513, NVIDIA GeForce RTX 3090, 4289, 24576, 51, 260.36
2026/08/01 16:51:20.579, NVIDIA GeForce RTX 3090, 4289, 24576, 62, 265.87
2026/08/01 16:51:21.624, NVIDIA GeForce RTX 3090, 4289, 24576, 38, 261.32
2026/08/01 16:51:22.677, NVIDIA GeForce RTX 3090, 4289, 24576, 52, 260.04
2026/08/01 16:51:23.752, NVIDIA GeForce RTX 3090, 4289, 24576, 58, 261.26
2026/08/01 16:51:24.839, NVIDIA GeForce RTX 3090, 4289, 24576, 62, 265.54
2026/08/01 16:51:25.917, NVIDIA GeForce RTX 3090, 4289, 24576, 52, 259.35
2026/08/01 16:51:26.965, NVIDIA GeForce RTX 3090, 4289, 24576, 50, 263.75
2026/08/01 16:51:28.060, NVIDIA GeForce RTX 3090, 4289, 24576, 38, 259.30
2026/08/01 16:51:29.106, NVIDIA GeForce RTX 3090, 4289, 24576, 55, 265.64
2026/08/01 16:51:30.157, NVIDIA GeForce RTX 3090, 4289, 24576, 56, 268.09
2026/08/01 16:51:31.223, NVIDIA GeForce RTX 3090, 4289, 24576, 41, 260.95
2026/08/01 16:51:32.269, NVIDIA GeForce RTX 3090, 4289, 24576, 50, 259.49
2026/08/01 16:51:33.317, NVIDIA GeForce RTX 3090, 4289, 24576, 56, 264.81
2026/08/01 16:51:34.379, NVIDIA GeForce RTX 3090, 4289, 24576, 50, 256.61
2026/08/01 16:51:35.433, NVIDIA GeForce RTX 3090, 4289, 24576, 59, 259.21
2026/08/01 16:51:36.499, NVIDIA GeForce RTX 3090, 4289, 24576, 58, 264.24
2026/08/01 16:51:37.549, NVIDIA GeForce RTX 3090, 4289, 24576, 41, 263.02
2026/08/01 16:51:38.647, NVIDIA GeForce RTX 3090, 4289, 24576, 61, 257.55
2026/08/01 16:51:39.696, NVIDIA GeForce RTX 3090, 4289, 24576, 52, 259.13
2026/08/01 16:51:40.744, NVIDIA GeForce RTX 3090, 4289, 24576, 51, 261.16
2026/08/01 16:51:41.836, NVIDIA GeForce RTX 3090, 4289, 24576, 44, 259.20
2026/08/01 16:51:42.890, NVIDIA GeForce RTX 3090, 4289, 24576, 58, 264.68
2026/08/01 16:51:43.961, NVIDIA GeForce RTX 3090, 4289, 24576, 40, 253.38
2026/08/01 16:51:45.052, NVIDIA GeForce RTX 3090, 4289, 24576, 62, 258.53
2026/08/01 16:51:46.147, NVIDIA GeForce RTX 3090, 4289, 24576, 51, 262.49
2026/08/01 16:51:47.197, NVIDIA GeForce RTX 3090, 4289, 24576, 39, 259.12
2026/08/01 16:51:48.244, NVIDIA GeForce RTX 3090, 4289, 24576, 58, 256.84
2026/08/01 16:51:49.288, NVIDIA GeForce RTX 3090, 4289, 24576, 58, 262.71
2026/08/01 16:51:50.332, NVIDIA GeForce RTX 3090, 4289, 24576, 40, 259.32
2026/08/01 16:51:51.400, NVIDIA GeForce RTX 3090, 4289, 24576, 61, 260.88
2026/08/01 16:51:52.448, NVIDIA GeForce RTX 3090, 4289, 24576, 59, 269.12
2026/08/01 16:51:53.536, NVIDIA GeForce RTX 3090, 4289, 24576, 38, 260.12
2026/08/01 16:51:54.585, NVIDIA GeForce RTX 3090, 4289, 24576, 60, 262.64
2026/08/01 16:51:55.634, NVIDIA GeForce RTX 3090, 4289, 24576, 62, 263.18
2026/08/01 16:51:56.686, NVIDIA GeForce RTX 3090, 4289, 24576, 43, 258.39
2026/08/01 16:51:57.738, NVIDIA GeForce RTX 3090, 4289, 24576, 57, 254.87
2026/08/01 16:51:58.816, NVIDIA GeForce RTX 3090, 4289, 24576, 62, 264.47
2026/08/01 16:51:59.887, NVIDIA GeForce RTX 3090, 4289, 24576, 62, 264.14
2026/08/01 16:52:00.937, NVIDIA GeForce RTX 3090, 4289, 24576, 51, 259.10
2026/08/01 16:52:02.000, NVIDIA GeForce RTX 3090, 4289, 24576, 63, 261.51
2026/08/01 16:52:03.063, NVIDIA GeForce RTX 3090, 4289, 24576, 49, 260.81
2026/08/01 16:52:04.135, NVIDIA GeForce RTX 3090, 4289, 24576, 54, 269.64
2026/08/01 16:52:05.224, NVIDIA GeForce RTX 3090, 4289, 24576, 37, 251.99
2026/08/01 16:52:06.322, NVIDIA GeForce RTX 3090, 4289, 24576, 53, 262.28
2026/08/01 16:52:07.412, NVIDIA GeForce RTX 3090, 4289, 24576, 49, 264.69
2026/08/01 16:52:08.461, NVIDIA GeForce RTX 3090, 4289, 24576, 35, 261.97
2026/08/01 16:52:09.552, NVIDIA GeForce RTX 3090, 4289, 24576, 44, 259.93
2026/08/01 16:52:10.648, NVIDIA GeForce RTX 3090, 4289, 24576, 62, 266.22
2026/08/01 16:52:11.744, NVIDIA GeForce RTX 3090, 4289, 24576, 54, 266.49
2026/08/01 16:52:12.841, NVIDIA GeForce RTX 3090, 4289, 24576, 38, 265.16
2026/08/01 16:52:13.891, NVIDIA GeForce RTX 3090, 4289, 24576, 50, 260.07
2026/08/01 16:52:14.980, NVIDIA GeForce RTX 3090, 4289, 24576, 58, 261.15
2026/08/01 16:52:16.076, NVIDIA GeForce RTX 3090, 4289, 24576, 39, 255.96
2026/08/01 16:52:17.126, NVIDIA GeForce RTX 3090, 4289, 24576, 41, 260.14
2026/08/01 16:52:18.178, NVIDIA GeForce RTX 3090, 4289, 24576, 53, 263.03
2026/08/01 16:52:19.269, NVIDIA GeForce RTX 3090, 4289, 24576, 50, 254.55
2026/08/01 16:52:20.317, NVIDIA GeForce RTX 3090, 4289, 24576, 38, 264.95
2026/08/01 16:52:21.412, NVIDIA GeForce RTX 3090, 4289, 24576, 58, 262.74
2026/08/01 16:52:22.462, NVIDIA GeForce RTX 3090, 4289, 24576, 56, 265.53
2026/08/01 16:52:23.528, NVIDIA GeForce RTX 3090, 4289, 24576, 43, 261.16
2026/08/01 16:52:24.620, NVIDIA GeForce RTX 3090, 4289, 24576, 44, 256.29
2026/08/01 16:52:25.673, NVIDIA GeForce RTX 3090, 4289, 24576, 47, 261.62
2026/08/01 16:52:26.726, NVIDIA GeForce RTX 3090, 4289, 24576, 53, 263.08
2026/08/01 16:52:27.797, NVIDIA GeForce RTX 3090, 4289, 24576, 58, 262.75
2026/08/01 16:52:28.850, NVIDIA GeForce RTX 3090, 4289, 24576, 41, 259.89
2026/08/01 16:52:29.897, NVIDIA GeForce RTX 3090, 4289, 24576, 37, 251.81
2026/08/01 16:52:30.968, NVIDIA GeForce RTX 3090, 4289, 24576, 49, 259.62
2026/08/01 16:52:32.064, NVIDIA GeForce RTX 3090, 4289, 24576, 61, 259.76
2026/08/01 16:52:33.164, NVIDIA GeForce RTX 3090, 4289, 24576, 45, 262.60
2026/08/01 16:52:34.214, NVIDIA GeForce RTX 3090, 4289, 24576, 40, 253.85
2026/08/01 16:52:35.262, NVIDIA GeForce RTX 3090, 4289, 24576, 59, 263.82
2026/08/01 16:52:36.340, NVIDIA GeForce RTX 3090, 4289, 24576, 56, 265.49
2026/08/01 16:52:37.412, NVIDIA GeForce RTX 3090, 4289, 24576, 52, 255.90
2026/08/01 16:52:38.457, NVIDIA GeForce RTX 3090, 4289, 24576, 62, 263.42
2026/08/01 16:52:39.549, NVIDIA GeForce RTX 3090, 4289, 24576, 51, 258.48
2026/08/01 16:52:40.606, NVIDIA GeForce RTX 3090, 4289, 24576, 56, 256.06
2026/08/01 16:52:41.658, NVIDIA GeForce RTX 3090, 4289, 24576, 62, 266.04
2026/08/01 16:52:42.710, NVIDIA GeForce RTX 3090, 4289, 24576, 61, 264.88
2026/08/01 16:52:43.805, NVIDIA GeForce RTX 3090, 4289, 24576, 49, 264.75
2026/08/01 16:52:44.876, NVIDIA GeForce RTX 3090, 4289, 24576, 64, 256.15
2026/08/01 16:52:45.911, NVIDIA GeForce RTX 3090, 4289, 24576, 39, 263.10
2026/08/01 16:52:47.007, NVIDIA GeForce RTX 3090, 4289, 24576, 42, 265.56
2026/08/01 16:52:48.100, NVIDIA GeForce RTX 3090, 4289, 24576, 44, 258.95
2026/08/01 16:52:49.176, NVIDIA GeForce RTX 3090, 4289, 24576, 40, 266.63
2026/08/01 16:52:50.225, NVIDIA GeForce RTX 3090, 4289, 24576, 53, 264.07
2026/08/01 16:52:51.273, NVIDIA GeForce RTX 3090, 4289, 24576, 61, 267.08
2026/08/01 16:52:52.330, NVIDIA GeForce RTX 3090, 4289, 24576, 50, 254.13
2026/08/01 16:52:53.379, NVIDIA GeForce RTX 3090, 4289, 24576, 46, 254.63
2026/08/01 16:52:54.472, NVIDIA GeForce RTX 3090, 4289, 24576, 61, 264.93
2026/08/01 16:52:55.522, NVIDIA GeForce RTX 3090, 4289, 24576, 49, 254.81
2026/08/01 16:52:56.608, NVIDIA GeForce RTX 3090, 4289, 24576, 55, 263.70
2026/08/01 16:52:57.657, NVIDIA GeForce RTX 3090, 4289, 24576, 61, 264.52
2026/08/01 16:52:58.744, NVIDIA GeForce RTX 3090, 4289, 24576, 62, 263.63
2026/08/01 16:52:59.794, NVIDIA GeForce RTX 3090, 4289, 24576, 55, 267.86
2026/08/01 16:53:00.864, NVIDIA GeForce RTX 3090, 4289, 24576, 60, 254.50
2026/08/01 16:53:01.959, NVIDIA GeForce RTX 3090, 4289, 24576, 57, 264.25
2026/08/01 16:53:03.006, NVIDIA GeForce RTX 3090, 4289, 24576, 56, 265.98
2026/08/01 16:53:04.097, NVIDIA GeForce RTX 3090, 4289, 24576, 60, 259.96
2026/08/01 16:53:05.142, NVIDIA GeForce RTX 3090, 4289, 24576, 59, 255.45
2026/08/01 16:53:06.221, NVIDIA GeForce RTX 3090, 4289, 24576, 46, 255.14
2026/08/01 16:53:07.295, NVIDIA GeForce RTX 3090, 4289, 24576, 42, 261.03
2026/08/01 16:53:08.391, NVIDIA GeForce RTX 3090, 4289, 24576, 40, 260.61
2026/08/01 16:53:09.460, NVIDIA GeForce RTX 3090, 4289, 24576, 58, 256.91
2026/08/01 16:53:10.504, NVIDIA GeForce RTX 3090, 4289, 24576, 62, 264.95
2026/08/01 16:53:11.553, NVIDIA GeForce RTX 3090, 4289, 24576, 41, 259.33
2026/08/01 16:53:12.601, NVIDIA GeForce RTX 3090, 4289, 24576, 41, 261.43
2026/08/01 16:53:13.654, NVIDIA GeForce RTX 3090, 4289, 24576, 51, 255.73
2026/08/01 16:53:14.704, NVIDIA GeForce RTX 3090, 4289, 24576, 61, 265.98
2026/08/01 16:53:15.749, NVIDIA GeForce RTX 3090, 4289, 24576, 50, 264.85
2026/08/01 16:53:16.792, NVIDIA GeForce RTX 3090, 4289, 24576, 53, 263.95
2026/08/01 16:53:17.884, NVIDIA GeForce RTX 3090, 4289, 24576, 53, 266.02
2026/08/01 16:53:18.980, NVIDIA GeForce RTX 3090, 4289, 24576, 61, 258.57
2026/08/01 16:53:20.048, NVIDIA GeForce RTX 3090, 4289, 24576, 52, 258.47
2026/08/01 16:53:21.097, NVIDIA GeForce RTX 3090, 4289, 24576, 49, 259.23
2026/08/01 16:53:22.144, NVIDIA GeForce RTX 3090, 4289, 24576, 59, 263.18
2026/08/01 16:53:23.212, NVIDIA GeForce RTX 3090, 4289, 24576, 58, 252.32
2026/08/01 16:53:24.279, NVIDIA GeForce RTX 3090, 4289, 24576, 43, 264.12
2026/08/01 16:53:25.329, NVIDIA GeForce RTX 3090, 4289, 24576, 61, 263.38
2026/08/01 16:53:26.415, NVIDIA GeForce RTX 3090, 4289, 24576, 58, 264.45
2026/08/01 16:53:27.461, NVIDIA GeForce RTX 3090, 4289, 24576, 52, 260.10
2026/08/01 16:53:28.527, NVIDIA GeForce RTX 3090, 4289, 24576, 62, 257.80
2026/08/01 16:53:29.596, NVIDIA GeForce RTX 3090, 4289, 24576, 48, 258.75
2026/08/01 16:53:30.672, NVIDIA GeForce RTX 3090, 4289, 24576, 49, 254.70
2026/08/01 16:53:31.744, NVIDIA GeForce RTX 3090, 4289, 24576, 37, 256.49
2026/08/01 16:53:32.812, NVIDIA GeForce RTX 3090, 4289, 24576, 58, 261.45
2026/08/01 16:53:33.862, NVIDIA GeForce RTX 3090, 4289, 24576, 58, 266.42
2026/08/01 16:53:34.917, NVIDIA GeForce RTX 3090, 4289, 24576, 41, 264.43
2026/08/01 16:53:35.983, NVIDIA GeForce RTX 3090, 4289, 24576, 44, 253.66
2026/08/01 16:53:37.028, NVIDIA GeForce RTX 3090, 4289, 24576, 58, 264.37
2026/08/01 16:53:38.072, NVIDIA GeForce RTX 3090, 4289, 24576, 53, 265.79
2026/08/01 16:53:39.148, NVIDIA GeForce RTX 3090, 4289, 24576, 49, 256.88
2026/08/01 16:53:40.202, NVIDIA GeForce RTX 3090, 4289, 24576, 62, 262.19
2026/08/01 16:53:41.296, NVIDIA GeForce RTX 3090, 4289, 24576, 43, 252.85
2026/08/01 16:53:42.345, NVIDIA GeForce RTX 3090, 4289, 24576, 62, 263.81
2026/08/01 16:53:43.440, NVIDIA GeForce RTX 3090, 4289, 24576, 64, 264.45
2026/08/01 16:53:44.484, NVIDIA GeForce RTX 3090, 4289, 24576, 52, 256.36
2026/08/01 16:53:45.551, NVIDIA GeForce RTX 3090, 4289, 24576, 60, 265.89
2026/08/01 16:53:46.644, NVIDIA GeForce RTX 3090, 4289, 24576, 51, 265.10
2026/08/01 16:53:47.698, NVIDIA GeForce RTX 3090, 4289, 24576, 58, 258.27
2026/08/01 16:53:48.753, NVIDIA GeForce RTX 3090, 4289, 24576, 37, 258.61
2026/08/01 16:53:49.804, NVIDIA GeForce RTX 3090, 4289, 24576, 48, 252.30
2026/08/01 16:53:50.853, NVIDIA GeForce RTX 3090, 4289, 24576, 39, 255.39
2026/08/01 16:53:51.951, NVIDIA GeForce RTX 3090, 4289, 24576, 42, 269.00
2026/08/01 16:53:53.001, NVIDIA GeForce RTX 3090, 4289, 24576, 39, 258.04
2026/08/01 16:53:54.075, NVIDIA GeForce RTX 3090, 4289, 24576, 61, 259.68
2026/08/01 16:53:55.125, NVIDIA GeForce RTX 3090, 4289, 24576, 61, 264.73
2026/08/01 16:53:56.173, NVIDIA GeForce RTX 3090, 4289, 24576, 60, 262.29
2026/08/01 16:53:57.217, NVIDIA GeForce RTX 3090, 4289, 24576, 51, 258.80
2026/08/01 16:53:58.311, NVIDIA GeForce RTX 3090, 4289, 24576, 58, 263.38
2026/08/01 16:53:59.356, NVIDIA GeForce RTX 3090, 4289, 24576, 61, 265.36
2026/08/01 16:54:00.441, NVIDIA GeForce RTX 3090, 4289, 24576, 50, 257.89
2026/08/01 16:54:01.489, NVIDIA GeForce RTX 3090, 4289, 24576, 41, 260.08
2026/08/01 16:54:02.536, NVIDIA GeForce RTX 3090, 4289, 24576, 61, 263.59
2026/08/01 16:54:03.584, NVIDIA GeForce RTX 3090, 4289, 24576, 61, 265.17
2026/08/01 16:54:04.657, NVIDIA GeForce RTX 3090, 4289, 24576, 57, 261.36
2026/08/01 16:54:05.728, NVIDIA GeForce RTX 3090, 4289, 24576, 34, 256.66
2026/08/01 16:54:06.776, NVIDIA GeForce RTX 3090, 4289, 24576, 61, 266.62
2026/08/01 16:54:07.820, NVIDIA GeForce RTX 3090, 4289, 24576, 55, 264.91
2026/08/01 16:54:08.869, NVIDIA GeForce RTX 3090, 4289, 24576, 58, 261.61
2026/08/01 16:54:09.916, NVIDIA GeForce RTX 3090, 4289, 24576, 62, 265.26
2026/08/01 16:54:10.986, NVIDIA GeForce RTX 3090, 4289, 24576, 60, 264.51
2026/08/01 16:54:12.032, NVIDIA GeForce RTX 3090, 4289, 24576, 52, 255.26
2026/08/01 16:54:13.096, NVIDIA GeForce RTX 3090, 4289, 24576, 62, 263.26
2026/08/01 16:54:14.164, NVIDIA GeForce RTX 3090, 4289, 24576, 40, 251.32
2026/08/01 16:54:15.240, NVIDIA GeForce RTX 3090, 4289, 24576, 58, 261.83
2026/08/01 16:54:16.332, NVIDIA GeForce RTX 3090, 4289, 24576, 49, 257.88
2026/08/01 16:54:17.404, NVIDIA GeForce RTX 3090, 4289, 24576, 45, 257.80
2026/08/01 16:54:18.458, NVIDIA GeForce RTX 3090, 4289, 24576, 59, 263.29
2026/08/01 16:54:19.505, NVIDIA GeForce RTX 3090, 4289, 24576, 60, 264.10
2026/08/01 16:54:20.554, NVIDIA GeForce RTX 3090, 4289, 24576, 50, 253.23
2026/08/01 16:54:21.632, NVIDIA GeForce RTX 3090, 4289, 24576, 58, 261.47
2026/08/01 16:54:22.678, NVIDIA GeForce RTX 3090, 4289, 24576, 62, 264.75
2026/08/01 16:54:23.776, NVIDIA GeForce RTX 3090, 4289, 24576, 40, 261.08
2026/08/01 16:54:24.847, NVIDIA GeForce RTX 3090, 4289, 24576, 62, 259.66
2026/08/01 16:54:25.898, NVIDIA GeForce RTX 3090, 4289, 24576, 51, 264.02
2026/08/01 16:54:26.987, NVIDIA GeForce RTX 3090, 4289, 24576, 41, 258.61
2026/08/01 16:54:28.038, NVIDIA GeForce RTX 3090, 4289, 24576, 60, 260.30
2026/08/01 16:54:29.132, NVIDIA GeForce RTX 3090, 4289, 24576, 62, 265.25
2026/08/01 16:54:30.182, NVIDIA GeForce RTX 3090, 4289, 24576, 54, 264.26
2026/08/01 16:54:31.281, NVIDIA GeForce RTX 3090, 4289, 24576, 35, 255.59
2026/08/01 16:54:32.348, NVIDIA GeForce RTX 3090, 4289, 24576, 58, 263.44
2026/08/01 16:54:33.421, NVIDIA GeForce RTX 3090, 4289, 24576, 58, 266.63
2026/08/01 16:54:34.478, NVIDIA GeForce RTX 3090, 4289, 24576, 39, 254.87
2026/08/01 16:54:35.576, NVIDIA GeForce RTX 3090, 4289, 24576, 58, 261.60
2026/08/01 16:54:36.630, NVIDIA GeForce RTX 3090, 4289, 24576, 59, 261.56
2026/08/01 16:54:37.728, NVIDIA GeForce RTX 3090, 4289, 24576, 36, 254.31
2026/08/01 16:54:38.801, NVIDIA GeForce RTX 3090, 4289, 24576, 58, 259.37
2026/08/01 16:54:39.896, NVIDIA GeForce RTX 3090, 4289, 24576, 62, 265.17
2026/08/01 16:54:40.965, NVIDIA GeForce RTX 3090, 4289, 24576, 40, 251.07
2026/08/01 16:54:42.013, NVIDIA GeForce RTX 3090, 4289, 24576, 58, 261.17
2026/08/01 16:54:43.084, NVIDIA GeForce RTX 3090, 4289, 24576, 35, 253.24
2026/08/01 16:54:44.179, NVIDIA GeForce RTX 3090, 4289, 24576, 53, 263.56
2026/08/01 16:54:45.257, NVIDIA GeForce RTX 3090, 4289, 24576, 50, 262.48
2026/08/01 16:54:46.310, NVIDIA GeForce RTX 3090, 4289, 24576, 59, 260.93
2026/08/01 16:54:47.362, NVIDIA GeForce RTX 3090, 4289, 24576, 58, 264.86
2026/08/01 16:54:48.456, NVIDIA GeForce RTX 3090, 4289, 24576, 48, 259.27
2026/08/01 16:54:49.552, NVIDIA GeForce RTX 3090, 4289, 24576, 58, 258.31
2026/08/01 16:54:50.629, NVIDIA GeForce RTX 3090, 4289, 24576, 36, 257.76
2026/08/01 16:54:51.696, NVIDIA GeForce RTX 3090, 4289, 24576, 38, 259.20
2026/08/01 16:54:52.781, NVIDIA GeForce RTX 3090, 4289, 24576, 58, 259.71
2026/08/01 16:54:53.876, NVIDIA GeForce RTX 3090, 4289, 24576, 47, 256.44
2026/08/01 16:54:54.926, NVIDIA GeForce RTX 3090, 4289, 24576, 58, 261.03
2026/08/01 16:54:56.005, NVIDIA GeForce RTX 3090, 4289, 24576, 58, 267.12
2026/08/01 16:54:57.076, NVIDIA GeForce RTX 3090, 4289, 24576, 55, 253.44
2026/08/01 16:54:58.177, NVIDIA GeForce RTX 3090, 4289, 24576, 52, 265.45
2026/08/01 16:54:59.226, NVIDIA GeForce RTX 3090, 4289, 24576, 62, 266.29
2026/08/01 16:55:00.269, NVIDIA GeForce RTX 3090, 4289, 24576, 37, 262.91
2026/08/01 16:55:01.356, NVIDIA GeForce RTX 3090, 4289, 24576, 50, 258.50
2026/08/01 16:55:02.409, NVIDIA GeForce RTX 3090, 4289, 24576, 58, 265.75
2026/08/01 16:55:03.480, NVIDIA GeForce RTX 3090, 4289, 24576, 37, 260.63
2026/08/01 16:55:04.544, NVIDIA GeForce RTX 3090, 4289, 24576, 48, 258.19
2026/08/01 16:55:05.633, NVIDIA GeForce RTX 3090, 4289, 24576, 38, 256.19
2026/08/01 16:55:06.686, NVIDIA GeForce RTX 3090, 4289, 24576, 62, 257.73
2026/08/01 16:55:07.734, NVIDIA GeForce RTX 3090, 4289, 24576, 39, 259.80
2026/08/01 16:55:08.804, NVIDIA GeForce RTX 3090, 4289, 24576, 62, 261.65
2026/08/01 16:55:09.875, NVIDIA GeForce RTX 3090, 4289, 24576, 61, 264.64
2026/08/01 16:55:10.906, NVIDIA GeForce RTX 3090, 4289, 24576, 56, 264.36
2026/08/01 16:55:11.993, NVIDIA GeForce RTX 3090, 4289, 24576, 36, 256.62
2026/08/01 16:55:13.084, NVIDIA GeForce RTX 3090, 4289, 24576, 47, 255.97
2026/08/01 16:55:14.136, NVIDIA GeForce RTX 3090, 4289, 24576, 39, 258.04
2026/08/01 16:55:15.180, NVIDIA GeForce RTX 3090, 4289, 24576, 59, 263.24
2026/08/01 16:55:16.267, NVIDIA GeForce RTX 3090, 4289, 24576, 62, 265.17
2026/08/01 16:55:17.331, NVIDIA GeForce RTX 3090, 4289, 24576, 43, 260.64
2026/08/01 16:55:18.378, NVIDIA GeForce RTX 3090, 4289, 24576, 51, 257.17
2026/08/01 16:55:19.432, NVIDIA GeForce RTX 3090, 4289, 24576, 49, 262.33
2026/08/01 16:55:20.477, NVIDIA GeForce RTX 3090, 4289, 24576, 58, 267.08
2026/08/01 16:55:21.520, NVIDIA GeForce RTX 3090, 4289, 24576, 58, 263.55
2026/08/01 16:55:22.574, NVIDIA GeForce RTX 3090, 0, 24576, 94, 181.60
2026/08/01 16:55:23.622, NVIDIA GeForce RTX 3090, 309, 24576, 5, 151.18
2026/08/01 16:55:24.711, NVIDIA GeForce RTX 3090, 689, 24576, 12, 145.32
2026/08/01 16:55:25.757, NVIDIA GeForce RTX 3090, 1015, 24576, 12, 123.92
2026/08/01 16:55:26.825, NVIDIA GeForce RTX 3090, 7891, 24576, 5, 154.11
2026/08/01 16:55:27.877, NVIDIA GeForce RTX 3090, 8259, 24576, 35, 212.75
2026/08/01 16:55:28.925, NVIDIA GeForce RTX 3090, 8259, 24576, 92, 227.51
2026/08/01 16:55:29.968, NVIDIA GeForce RTX 3090, 8261, 24576, 70, 228.93
2026/08/01 16:55:31.013, NVIDIA GeForce RTX 3090, 8261, 24576, 95, 229.73
2026/08/01 16:55:32.057, NVIDIA GeForce RTX 3090, 8261, 24576, 53, 230.54
2026/08/01 16:55:33.105, NVIDIA GeForce RTX 3090, 8261, 24576, 70, 232.19
2026/08/01 16:55:34.153, NVIDIA GeForce RTX 3090, 8261, 24576, 30, 225.59
2026/08/01 16:55:35.219, NVIDIA GeForce RTX 3090, 8261, 24576, 92, 226.97
2026/08/01 16:55:36.265, NVIDIA GeForce RTX 3090, 8261, 24576, 62, 229.03
2026/08/01 16:55:37.317, NVIDIA GeForce RTX 3090, 8261, 24576, 100, 228.68
2026/08/01 16:55:38.380, NVIDIA GeForce RTX 3090, 8261, 24576, 72, 230.57
2026/08/01 16:55:39.429, NVIDIA GeForce RTX 3090, 8261, 24576, 100, 229.41
2026/08/01 16:55:40.481, NVIDIA GeForce RTX 3090, 8261, 24576, 51, 230.40
2026/08/01 16:55:41.548, NVIDIA GeForce RTX 3090, 8261, 24576, 74, 232.86
2026/08/01 16:55:42.601, NVIDIA GeForce RTX 3090, 8261, 24576, 58, 228.18
2026/08/01 16:55:43.649, NVIDIA GeForce RTX 3090, 8261, 24576, 65, 228.57
2026/08/01 16:55:44.723, NVIDIA GeForce RTX 3090, 8261, 24576, 48, 225.96
2026/08/01 16:55:45.820, NVIDIA GeForce RTX 3090, 8261, 24576, 96, 233.74
2026/08/01 16:55:46.887, NVIDIA GeForce RTX 3090, 8261, 24576, 93, 227.85
2026/08/01 16:55:47.937, NVIDIA GeForce RTX 3090, 8261, 24576, 80, 230.01
2026/08/01 16:55:48.985, NVIDIA GeForce RTX 3090, 8261, 24576, 100, 229.30
2026/08/01 16:55:50.029, NVIDIA GeForce RTX 3090, 8261, 24576, 72, 230.59
2026/08/01 16:55:51.077, NVIDIA GeForce RTX 3090, 8261, 24576, 100, 229.22
2026/08/01 16:55:52.123, NVIDIA GeForce RTX 3090, 8261, 24576, 79, 229.75
2026/08/01 16:55:53.196, NVIDIA GeForce RTX 3090, 8261, 24576, 100, 228.64
2026/08/01 16:55:54.245, NVIDIA GeForce RTX 3090, 8261, 24576, 78, 229.56
2026/08/01 16:55:55.316, NVIDIA GeForce RTX 3090, 8261, 24576, 100, 229.00
2026/08/01 16:55:56.365, NVIDIA GeForce RTX 3090, 8261, 24576, 92, 227.72
2026/08/01 16:55:57.440, NVIDIA GeForce RTX 3090, 8261, 24576, 55, 230.41
2026/08/01 16:55:58.490, NVIDIA GeForce RTX 3090, 8261, 24576, 63, 228.79
2026/08/01 16:55:59.541, NVIDIA GeForce RTX 3090, 8261, 24576, 44, 225.65
2026/08/01 16:56:00.594, NVIDIA GeForce RTX 3090, 8261, 24576, 64, 229.48
2026/08/01 16:56:01.691, NVIDIA GeForce RTX 3090, 8261, 24576, 54, 229.04
2026/08/01 16:56:02.764, NVIDIA GeForce RTX 3090, 8261, 24576, 100, 230.28
2026/08/01 16:56:03.818, NVIDIA GeForce RTX 3090, 8261, 24576, 92, 230.21
2026/08/01 16:56:04.865, NVIDIA GeForce RTX 3090, 8261, 24576, 92, 231.33
2026/08/01 16:56:05.935, NVIDIA GeForce RTX 3090, 8261, 24576, 47, 229.40
2026/08/01 16:56:06.986, NVIDIA GeForce RTX 3090, 8261, 24576, 90, 230.12
2026/08/01 16:56:08.034, NVIDIA GeForce RTX 3090, 8261, 24576, 56, 226.24
2026/08/01 16:56:09.081, NVIDIA GeForce RTX 3090, 8261, 24576, 64, 230.10
2026/08/01 16:56:10.148, NVIDIA GeForce RTX 3090, 8261, 24576, 55, 225.98
2026/08/01 16:56:11.193, NVIDIA GeForce RTX 3090, 8261, 24576, 54, 229.79
2026/08/01 16:56:12.237, NVIDIA GeForce RTX 3090, 8261, 24576, 43, 226.09
2026/08/01 16:56:13.285, NVIDIA GeForce RTX 3090, 8261, 24576, 50, 228.26
2026/08/01 16:56:14.333, NVIDIA GeForce RTX 3090, 8261, 24576, 74, 231.75
2026/08/01 16:56:15.381, NVIDIA GeForce RTX 3090, 8261, 24576, 63, 230.01
2026/08/01 16:56:16.429, NVIDIA GeForce RTX 3090, 8261, 24576, 92, 231.21
2026/08/01 16:56:17.478, NVIDIA GeForce RTX 3090, 8261, 24576, 74, 228.12
2026/08/01 16:56:18.564, NVIDIA GeForce RTX 3090, 8261, 24576, 100, 228.50
2026/08/01 16:56:19.609, NVIDIA GeForce RTX 3090, 8261, 24576, 78, 229.62
2026/08/01 16:56:20.658, NVIDIA GeForce RTX 3090, 8261, 24576, 93, 229.65
2026/08/01 16:56:21.724, NVIDIA GeForce RTX 3090, 8261, 24576, 83, 229.51
2026/08/01 16:56:22.788, NVIDIA GeForce RTX 3090, 8261, 24576, 92, 229.22
2026/08/01 16:56:23.838, NVIDIA GeForce RTX 3090, 8261, 24576, 64, 225.76
2026/08/01 16:56:24.908, NVIDIA GeForce RTX 3090, 8261, 24576, 52, 228.34
2026/08/01 16:56:25.980, NVIDIA GeForce RTX 3090, 8261, 24576, 49, 229.38
2026/08/01 16:56:27.034, NVIDIA GeForce RTX 3090, 8261, 24576, 53, 229.82
2026/08/01 16:56:28.100, NVIDIA GeForce RTX 3090, 8261, 24576, 96, 230.65
2026/08/01 16:56:29.150, NVIDIA GeForce RTX 3090, 8261, 24576, 89, 230.72
2026/08/01 16:56:30.236, NVIDIA GeForce RTX 3090, 8261, 24576, 95, 228.08
2026/08/01 16:56:31.286, NVIDIA GeForce RTX 3090, 8261, 24576, 69, 229.31
2026/08/01 16:56:32.337, NVIDIA GeForce RTX 3090, 8261, 24576, 92, 229.88
2026/08/01 16:56:33.412, NVIDIA GeForce RTX 3090, 8261, 24576, 51, 227.63
2026/08/01 16:56:34.465, NVIDIA GeForce RTX 3090, 8261, 24576, 24, 237.69
2026/08/01 16:56:35.540, NVIDIA GeForce RTX 3090, 8261, 24576, 90, 241.42
2026/08/01 16:56:36.636, NVIDIA GeForce RTX 3090, 8261, 24576, 57, 232.17
2026/08/01 16:56:37.690, NVIDIA GeForce RTX 3090, 8261, 24576, 38, 225.63
2026/08/01 16:56:38.742, NVIDIA GeForce RTX 3090, 8261, 24576, 40, 227.33
2026/08/01 16:56:39.816, NVIDIA GeForce RTX 3090, 8261, 24576, 57, 229.43
2026/08/01 16:56:40.870, NVIDIA GeForce RTX 3090, 8261, 24576, 90, 226.01
2026/08/01 16:56:41.917, NVIDIA GeForce RTX 3090, 8261, 24576, 62, 229.30
2026/08/01 16:56:42.970, NVIDIA GeForce RTX 3090, 8261, 24576, 92, 227.31
2026/08/01 16:56:44.022, NVIDIA GeForce RTX 3090, 8261, 24576, 43, 225.51
2026/08/01 16:56:45.092, NVIDIA GeForce RTX 3090, 8261, 24576, 74, 229.52
2026/08/01 16:56:46.145, NVIDIA GeForce RTX 3090, 8261, 24576, 49, 228.54
2026/08/01 16:56:47.244, NVIDIA GeForce RTX 3090, 8261, 24576, 90, 227.45
2026/08/01 16:56:48.294, NVIDIA GeForce RTX 3090, 8261, 24576, 82, 231.27
2026/08/01 16:56:49.368, NVIDIA GeForce RTX 3090, 8261, 24576, 36, 224.15
2026/08/01 16:56:50.468, NVIDIA GeForce RTX 3090, 8261, 24576, 73, 230.53
2026/08/01 16:56:51.564, NVIDIA GeForce RTX 3090, 8261, 24576, 92, 228.07
2026/08/01 16:56:52.640, NVIDIA GeForce RTX 3090, 8261, 24576, 82, 228.09
2026/08/01 16:56:53.691, NVIDIA GeForce RTX 3090, 8261, 24576, 93, 227.48
2026/08/01 16:56:54.764, NVIDIA GeForce RTX 3090, 8261, 24576, 57, 228.32
2026/08/01 16:56:55.814, NVIDIA GeForce RTX 3090, 8261, 24576, 92, 228.16
2026/08/01 16:56:56.911, NVIDIA GeForce RTX 3090, 8261, 24576, 59, 226.93
2026/08/01 16:56:57.966, NVIDIA GeForce RTX 3090, 8261, 24576, 43, 227.03
2026/08/01 16:56:59.018, NVIDIA GeForce RTX 3090, 8261, 24576, 54, 226.12
2026/08/01 16:57:00.070, NVIDIA GeForce RTX 3090, 8261, 24576, 66, 229.70
2026/08/01 16:57:01.122, NVIDIA GeForce RTX 3090, 8261, 24576, 46, 224.69
2026/08/01 16:57:02.170, NVIDIA GeForce RTX 3090, 8261, 24576, 84, 230.27
2026/08/01 16:57:03.222, NVIDIA GeForce RTX 3090, 8261, 24576, 34, 223.65
2026/08/01 16:57:04.295, NVIDIA GeForce RTX 3090, 8261, 24576, 72, 230.36
2026/08/01 16:57:05.342, NVIDIA GeForce RTX 3090, 8261, 24576, 32, 225.98
2026/08/01 16:57:06.438, NVIDIA GeForce RTX 3090, 8261, 24576, 41, 225.62
2026/08/01 16:57:07.486, NVIDIA GeForce RTX 3090, 8261, 24576, 89, 227.86
2026/08/01 16:57:08.534, NVIDIA GeForce RTX 3090, 8261, 24576, 31, 223.77
2026/08/01 16:57:09.582, NVIDIA GeForce RTX 3090, 8261, 24576, 84, 231.46
2026/08/01 16:57:10.676, NVIDIA GeForce RTX 3090, 8261, 24576, 91, 227.99
2026/08/01 16:57:11.726, NVIDIA GeForce RTX 3090, 8261, 24576, 100, 229.74
2026/08/01 16:57:12.824, NVIDIA GeForce RTX 3090, 8261, 24576, 91, 227.55
2026/08/01 16:57:13.878, NVIDIA GeForce RTX 3090, 8261, 24576, 63, 224.57
2026/08/01 16:57:14.976, NVIDIA GeForce RTX 3090, 8261, 24576, 41, 225.32
2026/08/01 16:57:16.052, NVIDIA GeForce RTX 3090, 8261, 24576, 66, 227.89
2026/08/01 16:57:17.101, NVIDIA GeForce RTX 3090, 8261, 24576, 49, 223.89
2026/08/01 16:57:18.176, NVIDIA GeForce RTX 3090, 8261, 24576, 53, 229.10
2026/08/01 16:57:19.229, NVIDIA GeForce RTX 3090, 8261, 24576, 52, 226.99
2026/08/01 16:57:20.304, NVIDIA GeForce RTX 3090, 8261, 24576, 73, 230.79
2026/08/01 16:57:21.357, NVIDIA GeForce RTX 3090, 8261, 24576, 92, 229.01
2026/08/01 16:57:22.428, NVIDIA GeForce RTX 3090, 8261, 24576, 93, 228.44
2026/08/01 16:57:23.477, NVIDIA GeForce RTX 3090, 8261, 24576, 84, 228.47
2026/08/01 16:57:24.548, NVIDIA GeForce RTX 3090, 8261, 24576, 41, 226.84
2026/08/01 16:57:25.601, NVIDIA GeForce RTX 3090, 8261, 24576, 47, 227.06
2026/08/01 16:57:26.696, NVIDIA GeForce RTX 3090, 8261, 24576, 73, 229.79
2026/08/01 16:57:27.749, NVIDIA GeForce RTX 3090, 8261, 24576, 100, 227.20
2026/08/01 16:57:28.800, NVIDIA GeForce RTX 3090, 8261, 24576, 63, 229.21
2026/08/01 16:57:29.850, NVIDIA GeForce RTX 3090, 8261, 24576, 100, 229.01
2026/08/01 16:57:30.901, NVIDIA GeForce RTX 3090, 8261, 24576, 73, 230.03
2026/08/01 16:57:31.953, NVIDIA GeForce RTX 3090, 8261, 24576, 92, 228.02
2026/08/01 16:57:33.001, NVIDIA GeForce RTX 3090, 8261, 24576, 63, 226.46
2026/08/01 16:57:34.054, NVIDIA GeForce RTX 3090, 8261, 24576, 96, 228.94
2026/08/01 16:57:35.101, NVIDIA GeForce RTX 3090, 8261, 24576, 81, 229.49
2026/08/01 16:57:36.196, NVIDIA GeForce RTX 3090, 8261, 24576, 92, 227.48
2026/08/01 16:57:37.245, NVIDIA GeForce RTX 3090, 8261, 24576, 74, 227.91
2026/08/01 16:57:38.298, NVIDIA GeForce RTX 3090, 8261, 24576, 92, 228.02
2026/08/01 16:57:39.349, NVIDIA GeForce RTX 3090, 8261, 24576, 55, 227.40
2026/08/01 16:57:40.401, NVIDIA GeForce RTX 3090, 8261, 24576, 100, 225.80
2026/08/01 16:57:41.472, NVIDIA GeForce RTX 3090, 8261, 24576, 56, 230.43
2026/08/01 16:57:42.564, NVIDIA GeForce RTX 3090, 8261, 24576, 100, 227.93
2026/08/01 16:57:43.636, NVIDIA GeForce RTX 3090, 8261, 24576, 75, 228.18
2026/08/01 16:57:44.681, NVIDIA GeForce RTX 3090, 8261, 24576, 94, 227.41
2026/08/01 16:57:45.734, NVIDIA GeForce RTX 3090, 8261, 24576, 88, 227.89
2026/08/01 16:57:46.785, NVIDIA GeForce RTX 3090, 8261, 24576, 93, 229.12
2026/08/01 16:57:47.880, NVIDIA GeForce RTX 3090, 8261, 24576, 75, 228.11
2026/08/01 16:57:48.948, NVIDIA GeForce RTX 3090, 8261, 24576, 55, 228.95
2026/08/01 16:57:49.998, NVIDIA GeForce RTX 3090, 8261, 24576, 47, 224.37
2026/08/01 16:57:51.046, NVIDIA GeForce RTX 3090, 8261, 24576, 66, 229.16
2026/08/01 16:57:52.093, NVIDIA GeForce RTX 3090, 8261, 24576, 36, 223.56
2026/08/01 16:57:53.142, NVIDIA GeForce RTX 3090, 8261, 24576, 72, 230.12
2026/08/01 16:57:54.207, NVIDIA GeForce RTX 3090, 8261, 24576, 100, 227.19
2026/08/01 16:57:55.250, NVIDIA GeForce RTX 3090, 8261, 24576, 86, 230.04
2026/08/01 16:57:56.320, NVIDIA GeForce RTX 3090, 8261, 24576, 92, 227.01
2026/08/01 16:57:57.416, NVIDIA GeForce RTX 3090, 8261, 24576, 85, 227.78
2026/08/01 16:57:58.466, NVIDIA GeForce RTX 3090, 8261, 24576, 92, 228.65
2026/08/01 16:57:59.540, NVIDIA GeForce RTX 3090, 8261, 24576, 52, 227.85
2026/08/01 16:58:00.593, NVIDIA GeForce RTX 3090, 8261, 24576, 100, 223.29
2026/08/01 16:58:01.645, NVIDIA GeForce RTX 3090, 8261, 24576, 92, 225.83
2026/08/01 16:58:02.697, NVIDIA GeForce RTX 3090, 8261, 24576, 100, 225.95
2026/08/01 16:58:03.749, NVIDIA GeForce RTX 3090, 8261, 24576, 92, 225.40
2026/08/01 16:58:04.801, NVIDIA GeForce RTX 3090, 8261, 24576, 47, 226.48
2026/08/01 16:58:05.853, NVIDIA GeForce RTX 3090, 8261, 24576, 90, 229.27
2026/08/01 16:58:06.901, NVIDIA GeForce RTX 3090, 8261, 24576, 44, 223.59
2026/08/01 16:58:07.945, NVIDIA GeForce RTX 3090, 8261, 24576, 79, 228.97
2026/08/01 16:58:08.998, NVIDIA GeForce RTX 3090, 8261, 24576, 43, 223.88
2026/08/01 16:58:10.067, NVIDIA GeForce RTX 3090, 8261, 24576, 68, 228.20
2026/08/01 16:58:11.152, NVIDIA GeForce RTX 3090, 8261, 24576, 36, 223.27
2026/08/01 16:58:12.201, NVIDIA GeForce RTX 3090, 8261, 24576, 44, 228.05
2026/08/01 16:58:13.249, NVIDIA GeForce RTX 3090, 8261, 24576, 38, 224.86
2026/08/01 16:58:14.297, NVIDIA GeForce RTX 3090, 8261, 24576, 80, 229.27
2026/08/01 16:58:15.345, NVIDIA GeForce RTX 3090, 8261, 24576, 63, 227.55
2026/08/01 16:58:16.394, NVIDIA GeForce RTX 3090, 8261, 24576, 89, 227.07
2026/08/01 16:58:17.441, NVIDIA GeForce RTX 3090, 8261, 24576, 39, 223.83
2026/08/01 16:58:18.490, NVIDIA GeForce RTX 3090, 8261, 24576, 78, 227.78
2026/08/01 16:58:19.542, NVIDIA GeForce RTX 3090, 8261, 24576, 37, 223.49
2026/08/01 16:58:20.628, NVIDIA GeForce RTX 3090, 8261, 24576, 59, 228.41
2026/08/01 16:58:21.682, NVIDIA GeForce RTX 3090, 8261, 24576, 38, 226.77
2026/08/01 16:58:22.748, NVIDIA GeForce RTX 3090, 8261, 24576, 97, 229.11
2026/08/01 16:58:23.794, NVIDIA GeForce RTX 3090, 8261, 24576, 56, 228.71
2026/08/01 16:58:24.868, NVIDIA GeForce RTX 3090, 8261, 24576, 91, 230.78
2026/08/01 16:58:25.922, NVIDIA GeForce RTX 3090, 8261, 24576, 95, 227.34
2026/08/01 16:58:26.970, NVIDIA GeForce RTX 3090, 8261, 24576, 74, 230.77
2026/08/01 16:58:28.040, NVIDIA GeForce RTX 3090, 8261, 24576, 93, 227.28
2026/08/01 16:58:29.132, NVIDIA GeForce RTX 3090, 8261, 24576, 68, 228.13
2026/08/01 16:58:30.224, NVIDIA GeForce RTX 3090, 8261, 24576, 43, 225.09
2026/08/01 16:58:31.296, NVIDIA GeForce RTX 3090, 8261, 24576, 55, 226.94
2026/08/01 16:58:32.384, NVIDIA GeForce RTX 3090, 8261, 24576, 37, 224.05
2026/08/01 16:58:33.452, NVIDIA GeForce RTX 3090, 8261, 24576, 54, 228.33
2026/08/01 16:58:34.520, NVIDIA GeForce RTX 3090, 8261, 24576, 90, 233.76
2026/08/01 16:58:35.592, NVIDIA GeForce RTX 3090, 8261, 24576, 97, 229.23
2026/08/01 16:58:36.660, NVIDIA GeForce RTX 3090, 8261, 24576, 57, 228.37
2026/08/01 16:58:37.714, NVIDIA GeForce RTX 3090, 8261, 24576, 84, 229.34
2026/08/01 16:58:38.766, NVIDIA GeForce RTX 3090, 8261, 24576, 31, 223.19
2026/08/01 16:58:39.836, NVIDIA GeForce RTX 3090, 8261, 24576, 81, 228.94
2026/08/01 16:58:40.886, NVIDIA GeForce RTX 3090, 8261, 24576, 44, 223.94
2026/08/01 16:58:41.938, NVIDIA GeForce RTX 3090, 8261, 24576, 52, 227.59
2026/08/01 16:58:42.990, NVIDIA GeForce RTX 3090, 8261, 24576, 51, 228.26
2026/08/01 16:58:44.076, NVIDIA GeForce RTX 3090, 8261, 24576, 92, 226.43
2026/08/01 16:58:45.144, NVIDIA GeForce RTX 3090, 8261, 24576, 64, 227.75
2026/08/01 16:58:46.236, NVIDIA GeForce RTX 3090, 8261, 24576, 82, 226.05
2026/08/01 16:58:47.285, NVIDIA GeForce RTX 3090, 8261, 24576, 78, 231.68
2026/08/01 16:58:48.333, NVIDIA GeForce RTX 3090, 8261, 24576, 92, 227.71
2026/08/01 16:58:49.404, NVIDIA GeForce RTX 3090, 8261, 24576, 29, 223.73
2026/08/01 16:58:50.454, NVIDIA GeForce RTX 3090, 8261, 24576, 76, 227.71
2026/08/01 16:58:51.502, NVIDIA GeForce RTX 3090, 8261, 24576, 51, 224.45
2026/08/01 16:58:52.550, NVIDIA GeForce RTX 3090, 8261, 24576, 53, 227.57
2026/08/01 16:58:53.598, NVIDIA GeForce RTX 3090, 8261, 24576, 63, 228.29
2026/08/01 16:58:54.668, NVIDIA GeForce RTX 3090, 8261, 24576, 54, 228.44
2026/08/01 16:58:55.718, NVIDIA GeForce RTX 3090, 8261, 24576, 89, 230.24
2026/08/01 16:58:56.769, NVIDIA GeForce RTX 3090, 8261, 24576, 53, 228.92
2026/08/01 16:58:57.836, NVIDIA GeForce RTX 3090, 8261, 24576, 100, 229.16
2026/08/01 16:58:58.890, NVIDIA GeForce RTX 3090, 8261, 24576, 82, 227.99
2026/08/01 16:58:59.941, NVIDIA GeForce RTX 3090, 8261, 24576, 100, 227.87
2026/08/01 16:59:00.990, NVIDIA GeForce RTX 3090, 8261, 24576, 70, 228.37
2026/08/01 16:59:02.037, NVIDIA GeForce RTX 3090, 8261, 24576, 100, 226.37
2026/08/01 16:59:03.086, NVIDIA GeForce RTX 3090, 8261, 24576, 86, 228.87
2026/08/01 16:59:04.134, NVIDIA GeForce RTX 3090, 8261, 24576, 92, 230.11
2026/08/01 16:59:05.229, NVIDIA GeForce RTX 3090, 8261, 24576, 69, 226.86
2026/08/01 16:59:06.278, NVIDIA GeForce RTX 3090, 8261, 24576, 92, 226.92
2026/08/01 16:59:07.326, NVIDIA GeForce RTX 3090, 8261, 24576, 59, 225.07
2026/08/01 16:59:08.412, NVIDIA GeForce RTX 3090, 8261, 24576, 79, 230.93
2026/08/01 16:59:09.462, NVIDIA GeForce RTX 3090, 8261, 24576, 49, 227.88
2026/08/01 16:59:10.514, NVIDIA GeForce RTX 3090, 8261, 24576, 100, 229.71
2026/08/01 16:59:11.566, NVIDIA GeForce RTX 3090, 8261, 24576, 68, 228.95
2026/08/01 16:59:12.636, NVIDIA GeForce RTX 3090, 8261, 24576, 100, 227.42
2026/08/01 16:59:13.708, NVIDIA GeForce RTX 3090, 8261, 24576, 89, 227.75
2026/08/01 16:59:14.758, NVIDIA GeForce RTX 3090, 8261, 24576, 92, 229.06
2026/08/01 16:59:15.810, NVIDIA GeForce RTX 3090, 8261, 24576, 68, 227.28
2026/08/01 16:59:16.899, NVIDIA GeForce RTX 3090, 8261, 24576, 64, 228.26
2026/08/01 16:59:17.946, NVIDIA GeForce RTX 3090, 8261, 24576, 50, 227.54
2026/08/01 16:59:18.998, NVIDIA GeForce RTX 3090, 8261, 24576, 35, 223.25
2026/08/01 16:59:20.050, NVIDIA GeForce RTX 3090, 8261, 24576, 91, 225.50
2026/08/01 16:59:21.098, NVIDIA GeForce RTX 3090, 8261, 24576, 70, 225.29
2026/08/01 16:59:22.164, NVIDIA GeForce RTX 3090, 8261, 24576, 92, 227.05
2026/08/01 16:59:23.209, NVIDIA GeForce RTX 3090, 8261, 24576, 60, 227.85
2026/08/01 16:59:24.257, NVIDIA GeForce RTX 3090, 8261, 24576, 91, 227.76
2026/08/01 16:59:25.305, NVIDIA GeForce RTX 3090, 8261, 24576, 64, 226.66
2026/08/01 16:59:26.396, NVIDIA GeForce RTX 3090, 8261, 24576, 51, 226.51
2026/08/01 16:59:27.441, NVIDIA GeForce RTX 3090, 8261, 24576, 80, 227.73
2026/08/01 16:59:28.489, NVIDIA GeForce RTX 3090, 8261, 24576, 100, 223.46
2026/08/01 16:59:29.560, NVIDIA GeForce RTX 3090, 8261, 24576, 80, 228.87
2026/08/01 16:59:30.605, NVIDIA GeForce RTX 3090, 8261, 24576, 64, 228.48
2026/08/01 16:59:31.654, NVIDIA GeForce RTX 3090, 8261, 24576, 61, 232.89
2026/08/01 16:59:32.701, NVIDIA GeForce RTX 3090, 8261, 24576, 100, 228.58
2026/08/01 16:59:33.768, NVIDIA GeForce RTX 3090, 8261, 24576, 40, 225.05
2026/08/01 16:59:34.840, NVIDIA GeForce RTX 3090, 8261, 24576, 100, 232.44
2026/08/01 16:59:35.890, NVIDIA GeForce RTX 3090, 8261, 24576, 61, 228.66
2026/08/01 16:59:36.941, NVIDIA GeForce RTX 3090, 8261, 24576, 93, 228.80
2026/08/01 16:59:38.028, NVIDIA GeForce RTX 3090, 8261, 24576, 44, 228.03
2026/08/01 16:59:39.078, NVIDIA GeForce RTX 3090, 8261, 24576, 87, 228.69
2026/08/01 16:59:40.144, NVIDIA GeForce RTX 3090, 8261, 24576, 46, 223.42
2026/08/01 16:59:41.208, NVIDIA GeForce RTX 3090, 8261, 24576, 39, 227.45
2026/08/01 16:59:42.276, NVIDIA GeForce RTX 3090, 8261, 24576, 43, 224.98
2026/08/01 16:59:43.322, NVIDIA GeForce RTX 3090, 8261, 24576, 52, 227.69
2026/08/01 16:59:44.369, NVIDIA GeForce RTX 3090, 8261, 24576, 55, 223.39
2026/08/01 16:59:45.436, NVIDIA GeForce RTX 3090, 8261, 24576, 68, 229.79
2026/08/01 16:59:46.485, NVIDIA GeForce RTX 3090, 8261, 24576, 51, 227.36
2026/08/01 16:59:47.531, NVIDIA GeForce RTX 3090, 8261, 24576, 79, 226.79
2026/08/01 16:59:48.578, NVIDIA GeForce RTX 3090, 8261, 24576, 55, 225.48
2026/08/01 16:59:49.667, NVIDIA GeForce RTX 3090, 8261, 24576, 97, 230.26
2026/08/01 16:59:50.718, NVIDIA GeForce RTX 3090, 8261, 24576, 92, 225.57
2026/08/01 16:59:51.792, NVIDIA GeForce RTX 3090, 8261, 24576, 83, 227.97
2026/08/01 16:59:52.842, NVIDIA GeForce RTX 3090, 8261, 24576, 92, 229.20
2026/08/01 16:59:53.889, NVIDIA GeForce RTX 3090, 8261, 24576, 100, 229.23
2026/08/01 16:59:54.938, NVIDIA GeForce RTX 3090, 8261, 24576, 77, 228.34
2026/08/01 16:59:56.004, NVIDIA GeForce RTX 3090, 8261, 24576, 72, 228.15
2026/08/01 16:59:57.053, NVIDIA GeForce RTX 3090, 8261, 24576, 42, 223.17
2026/08/01 16:59:58.105, NVIDIA GeForce RTX 3090, 8261, 24576, 90, 228.39
2026/08/01 16:59:59.158, NVIDIA GeForce RTX 3090, 8261, 24576, 45, 223.44
2026/08/01 17:00:00.244, NVIDIA GeForce RTX 3090, 8261, 24576, 92, 226.88
2026/08/01 17:00:01.308, NVIDIA GeForce RTX 3090, 8261, 24576, 38, 225.63
2026/08/01 17:00:02.381, NVIDIA GeForce RTX 3090, 8261, 24576, 92, 224.36
2026/08/01 17:00:03.438, NVIDIA GeForce RTX 3090, 8261, 24576, 80, 226.39
2026/08/01 17:00:04.504, NVIDIA GeForce RTX 3090, 8261, 24576, 49, 227.11
2026/08/01 17:00:05.550, NVIDIA GeForce RTX 3090, 8261, 24576, 41, 227.02
2026/08/01 17:00:06.598, NVIDIA GeForce RTX 3090, 8261, 24576, 86, 228.90
2026/08/01 17:00:07.645, NVIDIA GeForce RTX 3090, 8261, 24576, 61, 226.86
2026/08/01 17:00:08.698, NVIDIA GeForce RTX 3090, 8261, 24576, 36, 228.02
2026/08/01 17:00:09.749, NVIDIA GeForce RTX 3090, 8261, 24576, 63, 229.32
2026/08/01 17:00:10.836, NVIDIA GeForce RTX 3090, 8261, 24576, 100, 228.24
2026/08/01 17:00:11.862, NVIDIA GeForce RTX 3090, 8261, 24576, 76, 230.73
2026/08/01 17:00:12.924, NVIDIA GeForce RTX 3090, 8261, 24576, 100, 227.22
2026/08/01 17:00:13.970, NVIDIA GeForce RTX 3090, 8261, 24576, 100, 233.31
2026/08/01 17:00:15.018, NVIDIA GeForce RTX 3090, 8261, 24576, 37, 224.41
2026/08/01 17:00:16.066, NVIDIA GeForce RTX 3090, 8261, 24576, 79, 229.53
2026/08/01 17:00:17.113, NVIDIA GeForce RTX 3090, 8261, 24576, 41, 226.59
2026/08/01 17:00:18.162, NVIDIA GeForce RTX 3090, 8261, 24576, 100, 231.20
2026/08/01 17:00:19.209, NVIDIA GeForce RTX 3090, 8261, 24576, 78, 230.71
2026/08/01 17:00:20.304, NVIDIA GeForce RTX 3090, 8261, 24576, 92, 227.94
2026/08/01 17:00:21.353, NVIDIA GeForce RTX 3090, 8261, 24576, 73, 227.29
2026/08/01 17:00:22.401, NVIDIA GeForce RTX 3090, 8261, 24576, 92, 230.92
2026/08/01 17:00:23.450, NVIDIA GeForce RTX 3090, 8261, 24576, 56, 224.03
2026/08/01 17:00:24.502, NVIDIA GeForce RTX 3090, 8261, 24576, 75, 229.84
2026/08/01 17:00:25.550, NVIDIA GeForce RTX 3090, 8261, 24576, 38, 223.96
2026/08/01 17:00:26.601, NVIDIA GeForce RTX 3090, 8261, 24576, 92, 226.39
2026/08/01 17:00:27.654, NVIDIA GeForce RTX 3090, 8261, 24576, 35, 224.47
2026/08/01 17:00:28.702, NVIDIA GeForce RTX 3090, 8261, 24576, 75, 228.02
2026/08/01 17:00:29.749, NVIDIA GeForce RTX 3090, 8261, 24576, 37, 224.48
2026/08/01 17:00:30.804, NVIDIA GeForce RTX 3090, 8261, 24576, 81, 227.48
2026/08/01 17:00:31.858, NVIDIA GeForce RTX 3090, 8261, 24576, 49, 223.28
2026/08/01 17:00:32.952, NVIDIA GeForce RTX 3090, 8261, 24576, 49, 226.72
2026/08/01 17:00:34.040, NVIDIA GeForce RTX 3090, 8261, 24576, 100, 229.76
2026/08/01 17:00:35.104, NVIDIA GeForce RTX 3090, 8261, 24576, 41, 224.82
2026/08/01 17:00:36.154, NVIDIA GeForce RTX 3090, 8261, 24576, 57, 227.11
2026/08/01 17:00:37.201, NVIDIA GeForce RTX 3090, 8261, 24576, 51, 228.00
2026/08/01 17:00:38.250, NVIDIA GeForce RTX 3090, 8261, 24576, 100, 229.19
2026/08/01 17:00:39.298, NVIDIA GeForce RTX 3090, 8261, 24576, 80, 230.66
2026/08/01 17:00:40.346, NVIDIA GeForce RTX 3090, 8261, 24576, 100, 226.34
2026/08/01 17:00:41.416, NVIDIA GeForce RTX 3090, 8261, 24576, 60, 228.77
2026/08/01 17:00:42.467, NVIDIA GeForce RTX 3090, 8261, 24576, 97, 229.10
2026/08/01 17:00:43.514, NVIDIA GeForce RTX 3090, 8261, 24576, 91, 228.39
2026/08/01 17:00:44.584, NVIDIA GeForce RTX 3090, 8261, 24576, 92, 226.29
2026/08/01 17:00:45.672, NVIDIA GeForce RTX 3090, 8261, 24576, 64, 228.04
2026/08/01 17:00:46.726, NVIDIA GeForce RTX 3090, 8261, 24576, 39, 224.18
2026/08/01 17:00:47.800, NVIDIA GeForce RTX 3090, 8261, 24576, 88, 227.54
2026/08/01 17:00:48.868, NVIDIA GeForce RTX 3090, 8261, 24576, 56, 223.82
2026/08/01 17:00:49.918, NVIDIA GeForce RTX 3090, 8261, 24576, 75, 230.29
2026/08/01 17:00:50.966, NVIDIA GeForce RTX 3090, 8261, 24576, 39, 224.16
2026/08/01 17:00:52.013, NVIDIA GeForce RTX 3090, 8261, 24576, 43, 230.09
2026/08/01 17:00:53.062, NVIDIA GeForce RTX 3090, 8261, 24576, 52, 224.77
2026/08/01 17:00:54.128, NVIDIA GeForce RTX 3090, 8261, 24576, 100, 232.07
2026/08/01 17:00:55.182, NVIDIA GeForce RTX 3090, 8261, 24576, 80, 231.02
2026/08/01 17:00:56.234, NVIDIA GeForce RTX 3090, 8261, 24576, 92, 227.25
2026/08/01 17:00:57.282, NVIDIA GeForce RTX 3090, 8261, 24576, 91, 229.62
2026/08/01 17:00:58.330, NVIDIA GeForce RTX 3090, 8261, 24576, 92, 228.04
2026/08/01 17:00:59.378, NVIDIA GeForce RTX 3090, 8261, 24576, 100, 229.12
2026/08/01 17:01:00.430, NVIDIA GeForce RTX 3090, 8261, 24576, 65, 228.93
2026/08/01 17:01:01.478, NVIDIA GeForce RTX 3090, 8261, 24576, 96, 227.02
2026/08/01 17:01:02.544, NVIDIA GeForce RTX 3090, 8261, 24576, 86, 228.09
2026/08/01 17:01:03.590, NVIDIA GeForce RTX 3090, 8261, 24576, 62, 229.36
2026/08/01 17:01:04.637, NVIDIA GeForce RTX 3090, 8261, 24576, 52, 227.11
2026/08/01 17:01:05.682, NVIDIA GeForce RTX 3090, 8261, 24576, 73, 226.82
2026/08/01 17:01:06.730, NVIDIA GeForce RTX 3090, 8261, 24576, 73, 228.47
2026/08/01 17:01:07.778, NVIDIA GeForce RTX 3090, 8261, 24576, 42, 228.12
2026/08/01 17:01:08.844, NVIDIA GeForce RTX 3090, 8261, 24576, 51, 228.89
2026/08/01 17:01:09.912, NVIDIA GeForce RTX 3090, 8261, 24576, 87, 225.86
2026/08/01 17:01:10.962, NVIDIA GeForce RTX 3090, 8261, 24576, 51, 228.80
2026/08/01 17:01:12.052, NVIDIA GeForce RTX 3090, 8261, 24576, 100, 228.91
2026/08/01 17:01:13.144, NVIDIA GeForce RTX 3090, 8261, 24576, 91, 226.40
2026/08/01 17:01:14.211, NVIDIA GeForce RTX 3090, 8261, 24576, 60, 225.95
2026/08/01 17:01:15.284, NVIDIA GeForce RTX 3090, 8261, 24576, 92, 230.46
2026/08/01 17:01:16.353, NVIDIA GeForce RTX 3090, 8261, 24576, 53, 224.77
2026/08/01 17:01:17.444, NVIDIA GeForce RTX 3090, 8261, 24576, 52, 225.93
2026/08/01 17:01:18.494, NVIDIA GeForce RTX 3090, 8261, 24576, 65, 227.72
2026/08/01 17:01:19.542, NVIDIA GeForce RTX 3090, 8261, 24576, 63, 229.35
2026/08/01 17:01:20.590, NVIDIA GeForce RTX 3090, 8261, 24576, 73, 228.93
2026/08/01 17:01:21.638, NVIDIA GeForce RTX 3090, 8261, 24576, 76, 225.76
2026/08/01 17:01:22.704, NVIDIA GeForce RTX 3090, 8261, 24576, 45, 227.05
2026/08/01 17:01:23.754, NVIDIA GeForce RTX 3090, 8261, 24576, 82, 229.62
2026/08/01 17:01:24.840, NVIDIA GeForce RTX 3090, 8261, 24576, 92, 230.64
2026/08/01 17:01:25.886, NVIDIA GeForce RTX 3090, 8261, 24576, 100, 228.69
2026/08/01 17:01:26.933, NVIDIA GeForce RTX 3090, 8261, 24576, 66, 228.76
2026/08/01 17:01:27.977, NVIDIA GeForce RTX 3090, 8261, 24576, 92, 227.92
2026/08/01 17:01:29.022, NVIDIA GeForce RTX 3090, 8261, 24576, 53, 227.64
2026/08/01 17:01:30.069, NVIDIA GeForce RTX 3090, 8261, 24576, 92, 227.70
2026/08/01 17:01:31.136, NVIDIA GeForce RTX 3090, 8261, 24576, 42, 226.92
2026/08/01 17:01:32.204, NVIDIA GeForce RTX 3090, 8261, 24576, 70, 229.38
2026/08/01 17:01:33.250, NVIDIA GeForce RTX 3090, 8261, 24576, 64, 228.49
2026/08/01 17:01:34.297, NVIDIA GeForce RTX 3090, 8261, 24576, 100, 229.84
2026/08/01 17:01:35.368, NVIDIA GeForce RTX 3090, 8261, 24576, 73, 228.51
2026/08/01 17:01:36.417, NVIDIA GeForce RTX 3090, 8261, 24576, 100, 227.09
2026/08/01 17:01:37.470, NVIDIA GeForce RTX 3090, 8261, 24576, 87, 228.92
2026/08/01 17:01:38.545, NVIDIA GeForce RTX 3090, 8261, 24576, 51, 223.86
2026/08/01 17:01:39.594, NVIDIA GeForce RTX 3090, 8261, 24576, 36, 225.26
2026/08/01 17:01:40.650, NVIDIA GeForce RTX 3090, 8261, 24576, 75, 226.66
2026/08/01 17:01:41.697, NVIDIA GeForce RTX 3090, 8261, 24576, 53, 228.24
2026/08/01 17:01:42.746, NVIDIA GeForce RTX 3090, 8261, 24576, 48, 227.12
2026/08/01 17:01:43.793, NVIDIA GeForce RTX 3090, 8261, 24576, 98, 234.47
2026/08/01 17:01:44.859, NVIDIA GeForce RTX 3090, 8261, 24576, 87, 228.44
2026/08/01 17:01:45.924, NVIDIA GeForce RTX 3090, 8261, 24576, 100, 229.42
2026/08/01 17:01:46.971, NVIDIA GeForce RTX 3090, 8261, 24576, 72, 228.66
2026/08/01 17:01:48.018, NVIDIA GeForce RTX 3090, 8261, 24576, 92, 227.66
2026/08/01 17:01:49.065, NVIDIA GeForce RTX 3090, 8261, 24576, 46, 228.83
2026/08/01 17:01:50.132, NVIDIA GeForce RTX 3090, 8261, 24576, 92, 231.55
2026/08/01 17:01:51.196, NVIDIA GeForce RTX 3090, 8261, 24576, 36, 224.13
2026/08/01 17:01:52.246, NVIDIA GeForce RTX 3090, 8261, 24576, 45, 227.97
2026/08/01 17:01:53.294, NVIDIA GeForce RTX 3090, 8261, 24576, 53, 229.45
2026/08/01 17:01:54.341, NVIDIA GeForce RTX 3090, 8261, 24576, 80, 226.58
2026/08/01 17:01:55.408, NVIDIA GeForce RTX 3090, 8261, 24576, 39, 227.32
2026/08/01 17:01:56.493, NVIDIA GeForce RTX 3090, 8261, 24576, 78, 229.51
2026/08/01 17:01:57.541, NVIDIA GeForce RTX 3090, 8261, 24576, 92, 229.82
2026/08/01 17:01:58.604, NVIDIA GeForce RTX 3090, 8261, 24576, 100, 225.99
2026/08/01 17:01:59.649, NVIDIA GeForce RTX 3090, 8261, 24576, 93, 227.28
2026/08/01 17:02:00.693, NVIDIA GeForce RTX 3090, 8261, 24576, 100, 225.65
2026/08/01 17:02:01.742, NVIDIA GeForce RTX 3090, 8261, 24576, 68, 228.81
2026/08/01 17:02:02.789, NVIDIA GeForce RTX 3090, 8261, 24576, 86, 229.45
2026/08/01 17:02:03.838, NVIDIA GeForce RTX 3090, 8261, 24576, 43, 223.79
2026/08/01 17:02:04.886, NVIDIA GeForce RTX 3090, 8261, 24576, 89, 228.70
2026/08/01 17:02:05.934, NVIDIA GeForce RTX 3090, 8261, 24576, 46, 224.12
2026/08/01 17:02:06.981, NVIDIA GeForce RTX 3090, 8261, 24576, 81, 229.84
2026/08/01 17:02:08.068, NVIDIA GeForce RTX 3090, 8261, 24576, 45, 225.25
2026/08/01 17:02:09.114, NVIDIA GeForce RTX 3090, 8261, 24576, 70, 228.89
2026/08/01 17:02:10.161, NVIDIA GeForce RTX 3090, 8261, 24576, 92, 228.11
2026/08/01 17:02:11.205, NVIDIA GeForce RTX 3090, 8261, 24576, 92, 229.65
2026/08/01 17:02:12.267, NVIDIA GeForce RTX 3090, 8261, 24576, 99, 225.58
2026/08/01 17:02:13.332, NVIDIA GeForce RTX 3090, 8261, 24576, 92, 229.51
2026/08/01 17:02:14.377, NVIDIA GeForce RTX 3090, 8261, 24576, 56, 223.84
2026/08/01 17:02:15.426, NVIDIA GeForce RTX 3090, 8261, 24576, 92, 229.59
2026/08/01 17:02:16.492, NVIDIA GeForce RTX 3090, 8261, 24576, 45, 224.76
2026/08/01 17:02:17.560, NVIDIA GeForce RTX 3090, 8261, 24576, 87, 228.91
2026/08/01 17:02:18.610, NVIDIA GeForce RTX 3090, 8261, 24576, 44, 223.38
2026/08/01 17:02:19.657, NVIDIA GeForce RTX 3090, 8261, 24576, 60, 229.10
2026/08/01 17:02:20.706, NVIDIA GeForce RTX 3090, 8261, 24576, 39, 224.33
2026/08/01 17:02:21.753, NVIDIA GeForce RTX 3090, 8261, 24576, 70, 229.11
2026/08/01 17:02:22.820, NVIDIA GeForce RTX 3090, 8261, 24576, 46, 223.65
2026/08/01 17:02:23.865, NVIDIA GeForce RTX 3090, 8261, 24576, 62, 228.53
2026/08/01 17:02:24.914, NVIDIA GeForce RTX 3090, 8261, 24576, 50, 227.15
2026/08/01 17:02:25.961, NVIDIA GeForce RTX 3090, 8261, 24576, 67, 229.94
2026/08/01 17:02:27.028, NVIDIA GeForce RTX 3090, 8261, 24576, 53, 226.80
2026/08/01 17:02:28.078, NVIDIA GeForce RTX 3090, 8261, 24576, 100, 230.10
2026/08/01 17:02:29.144, NVIDIA GeForce RTX 3090, 8261, 24576, 92, 227.12
2026/08/01 17:02:30.189, NVIDIA GeForce RTX 3090, 8261, 24576, 93, 230.82
2026/08/01 17:02:31.255, NVIDIA GeForce RTX 3090, 8261, 24576, 53, 226.87
2026/08/01 17:02:32.302, NVIDIA GeForce RTX 3090, 8261, 24576, 90, 230.09
2026/08/01 17:02:33.373, NVIDIA GeForce RTX 3090, 8261, 24576, 42, 224.64
2026/08/01 17:02:34.422, NVIDIA GeForce RTX 3090, 8261, 24576, 70, 228.13
2026/08/01 17:02:35.468, NVIDIA GeForce RTX 3090, 8261, 24576, 40, 225.21
2026/08/01 17:02:36.537, NVIDIA GeForce RTX 3090, 8261, 24576, 82, 229.58
2026/08/01 17:02:37.624, NVIDIA GeForce RTX 3090, 8261, 24576, 57, 227.18
2026/08/01 17:02:38.686, NVIDIA GeForce RTX 3090, 8261, 24576, 88, 228.74
2026/08/01 17:02:39.733, NVIDIA GeForce RTX 3090, 8261, 24576, 92, 227.73
2026/08/01 17:02:40.820, NVIDIA GeForce RTX 3090, 8261, 24576, 97, 227.41
2026/08/01 17:02:41.869, NVIDIA GeForce RTX 3090, 8261, 24576, 64, 230.20
2026/08/01 17:02:42.936, NVIDIA GeForce RTX 3090, 8261, 24576, 56, 227.92
2026/08/01 17:02:44.004, NVIDIA GeForce RTX 3090, 8261, 24576, 59, 227.16
2026/08/01 17:02:45.054, NVIDIA GeForce RTX 3090, 8261, 24576, 46, 224.49
2026/08/01 17:02:46.082, NVIDIA GeForce RTX 3090, 8261, 24576, 77, 228.29
2026/08/01 17:02:47.129, NVIDIA GeForce RTX 3090, 8261, 24576, 44, 226.02
2026/08/01 17:02:48.196, NVIDIA GeForce RTX 3090, 8261, 24576, 59, 227.08
2026/08/01 17:02:49.242, NVIDIA GeForce RTX 3090, 8261, 24576, 40, 228.20
2026/08/01 17:02:50.308, NVIDIA GeForce RTX 3090, 8261, 24576, 31, 229.81
2026/08/01 17:02:51.358, NVIDIA GeForce RTX 3090, 8261, 24576, 64, 229.60
2026/08/01 17:02:52.444, NVIDIA GeForce RTX 3090, 8261, 24576, 92, 230.34
2026/08/01 17:02:53.490, NVIDIA GeForce RTX 3090, 8261, 24576, 89, 226.56
2026/08/01 17:02:54.537, NVIDIA GeForce RTX 3090, 8261, 24576, 90, 230.99
2026/08/01 17:02:55.586, NVIDIA GeForce RTX 3090, 8261, 24576, 100, 228.20
2026/08/01 17:02:56.634, NVIDIA GeForce RTX 3090, 8261, 24576, 84, 229.03
2026/08/01 17:02:57.682, NVIDIA GeForce RTX 3090, 8261, 24576, 100, 228.57
2026/08/01 17:02:58.730, NVIDIA GeForce RTX 3090, 8261, 24576, 54, 228.58
2026/08/01 17:02:59.816, NVIDIA GeForce RTX 3090, 8261, 24576, 50, 228.54
2026/08/01 17:03:00.886, NVIDIA GeForce RTX 3090, 8261, 24576, 39, 227.37
2026/08/01 17:03:01.976, NVIDIA GeForce RTX 3090, 8261, 24576, 43, 225.85
2026/08/01 17:03:03.040, NVIDIA GeForce RTX 3090, 8261, 24576, 100, 230.96
2026/08/01 17:03:04.090, NVIDIA GeForce RTX 3090, 8261, 24576, 56, 228.38
2026/08/01 17:03:05.138, NVIDIA GeForce RTX 3090, 8261, 24576, 100, 228.40
2026/08/01 17:03:06.224, NVIDIA GeForce RTX 3090, 8261, 24576, 91, 227.48
2026/08/01 17:03:07.269, NVIDIA GeForce RTX 3090, 8261, 24576, 100, 229.22
2026/08/01 17:03:08.318, NVIDIA GeForce RTX 3090, 8261, 24576, 75, 228.21
2026/08/01 17:03:09.365, NVIDIA GeForce RTX 3090, 8261, 24576, 100, 227.39
2026/08/01 17:03:10.410, NVIDIA GeForce RTX 3090, 8261, 24576, 51, 228.40
2026/08/01 17:03:11.496, NVIDIA GeForce RTX 3090, 8261, 24576, 45, 226.97
2026/08/01 17:03:12.542, NVIDIA GeForce RTX 3090, 8261, 24576, 67, 225.64
2026/08/01 17:03:13.608, NVIDIA GeForce RTX 3090, 8261, 24576, 49, 228.41
2026/08/01 17:03:14.653, NVIDIA GeForce RTX 3090, 8261, 24576, 38, 225.92
2026/08/01 17:03:15.740, NVIDIA GeForce RTX 3090, 8261, 24576, 100, 233.41
2026/08/01 17:03:16.825, NVIDIA GeForce RTX 3090, 8261, 24576, 33, 225.16
2026/08/01 17:03:17.874, NVIDIA GeForce RTX 3090, 8261, 24576, 64, 229.76
2026/08/01 17:03:18.922, NVIDIA GeForce RTX 3090, 8261, 24576, 47, 224.65
2026/08/01 17:03:19.970, NVIDIA GeForce RTX 3090, 8261, 24576, 78, 230.32
2026/08/01 17:03:21.018, NVIDIA GeForce RTX 3090, 8261, 24576, 39, 225.29
2026/08/01 17:03:22.066, NVIDIA GeForce RTX 3090, 8261, 24576, 100, 232.84
2026/08/01 17:03:23.114, NVIDIA GeForce RTX 3090, 8261, 24576, 71, 230.54
2026/08/01 17:03:24.183, NVIDIA GeForce RTX 3090, 8261, 24576, 92, 228.01
2026/08/01 17:03:25.233, NVIDIA GeForce RTX 3090, 8261, 24576, 97, 230.06
2026/08/01 17:03:26.282, NVIDIA GeForce RTX 3090, 8261, 24576, 92, 229.37
2026/08/01 17:03:27.330, NVIDIA GeForce RTX 3090, 8261, 24576, 96, 227.67
2026/08/01 17:03:28.378, NVIDIA GeForce RTX 3090, 8261, 24576, 92, 225.78
2026/08/01 17:03:29.425, NVIDIA GeForce RTX 3090, 8261, 24576, 100, 231.14
2026/08/01 17:03:30.474, NVIDIA GeForce RTX 3090, 8261, 24576, 92, 226.39
2026/08/01 17:03:31.521, NVIDIA GeForce RTX 3090, 8261, 24576, 93, 229.95
2026/08/01 17:03:32.608, NVIDIA GeForce RTX 3090, 8261, 24576, 88, 228.13
2026/08/01 17:03:33.654, NVIDIA GeForce RTX 3090, 8261, 24576, 62, 227.01
2026/08/01 17:03:34.720, NVIDIA GeForce RTX 3090, 8261, 24576, 43, 228.14
2026/08/01 17:03:35.766, NVIDIA GeForce RTX 3090, 8261, 24576, 51, 227.34
2026/08/01 17:03:36.817, NVIDIA GeForce RTX 3090, 8261, 24576, 62, 227.14
2026/08/01 17:03:37.866, NVIDIA GeForce RTX 3090, 8261, 24576, 52, 228.23
2026/08/01 17:03:38.913, NVIDIA GeForce RTX 3090, 8261, 24576, 47, 225.28
2026/08/01 17:03:39.961, NVIDIA GeForce RTX 3090, 8261, 24576, 89, 231.00
2026/08/01 17:03:41.005, NVIDIA GeForce RTX 3090, 8261, 24576, 50, 228.75
2026/08/01 17:03:42.072, NVIDIA GeForce RTX 3090, 8261, 24576, 95, 227.72
2026/08/01 17:03:43.122, NVIDIA GeForce RTX 3090, 8261, 24576, 92, 229.69
2026/08/01 17:03:44.188, NVIDIA GeForce RTX 3090, 8261, 24576, 95, 229.54
2026/08/01 17:03:45.231, NVIDIA GeForce RTX 3090, 8261, 24576, 71, 228.48
2026/08/01 17:03:46.296, NVIDIA GeForce RTX 3090, 8261, 24576, 100, 227.39
2026/08/01 17:03:47.341, NVIDIA GeForce RTX 3090, 8261, 24576, 66, 228.71
2026/08/01 17:03:48.389, NVIDIA GeForce RTX 3090, 8261, 24576, 92, 228.91
2026/08/01 17:03:49.438, NVIDIA GeForce RTX 3090, 8261, 24576, 35, 226.78
2026/08/01 17:03:50.504, NVIDIA GeForce RTX 3090, 8261, 24576, 46, 233.86
2026/08/01 17:03:51.550, NVIDIA GeForce RTX 3090, 8261, 24576, 59, 229.38
2026/08/01 17:03:52.598, NVIDIA GeForce RTX 3090, 8261, 24576, 50, 225.67
2026/08/01 17:03:53.684, NVIDIA GeForce RTX 3090, 8261, 24576, 62, 229.67
2026/08/01 17:03:54.772, NVIDIA GeForce RTX 3090, 8261, 24576, 100, 228.45
2026/08/01 17:03:55.822, NVIDIA GeForce RTX 3090, 8261, 24576, 59, 229.16
2026/08/01 17:03:56.871, NVIDIA GeForce RTX 3090, 8261, 24576, 93, 229.96
2026/08/01 17:03:57.917, NVIDIA GeForce RTX 3090, 8261, 24576, 51, 225.62
2026/08/01 17:03:58.966, NVIDIA GeForce RTX 3090, 8261, 24576, 80, 230.46
2026/08/01 17:04:00.013, NVIDIA GeForce RTX 3090, 8261, 24576, 46, 224.39
2026/08/01 17:04:01.062, NVIDIA GeForce RTX 3090, 8261, 24576, 52, 228.69
2026/08/01 17:04:02.109, NVIDIA GeForce RTX 3090, 8261, 24576, 38, 225.92
2026/08/01 17:04:03.158, NVIDIA GeForce RTX 3090, 8261, 24576, 44, 226.80
2026/08/01 17:04:04.205, NVIDIA GeForce RTX 3090, 8261, 24576, 62, 229.71
2026/08/01 17:04:05.254, NVIDIA GeForce RTX 3090, 8261, 24576, 39, 224.28
2026/08/01 17:04:06.302, NVIDIA GeForce RTX 3090, 8261, 24576, 46, 228.33
2026/08/01 17:04:07.368, NVIDIA GeForce RTX 3090, 8261, 24576, 64, 228.53
2026/08/01 17:04:08.456, NVIDIA GeForce RTX 3090, 8261, 24576, 92, 230.70
2026/08/01 17:04:09.524, NVIDIA GeForce RTX 3090, 8261, 24576, 85, 228.30
2026/08/01 17:04:10.570, NVIDIA GeForce RTX 3090, 8261, 24576, 94, 225.32
2026/08/01 17:04:11.636, NVIDIA GeForce RTX 3090, 8261, 24576, 47, 228.42
2026/08/01 17:04:12.682, NVIDIA GeForce RTX 3090, 8261, 24576, 42, 228.45
2026/08/01 17:04:13.729, NVIDIA GeForce RTX 3090, 8261, 24576, 44, 224.32
2026/08/01 17:04:14.777, NVIDIA GeForce RTX 3090, 8261, 24576, 53, 228.59
2026/08/01 17:04:15.844, NVIDIA GeForce RTX 3090, 8261, 24576, 43, 228.00
2026/08/01 17:04:16.889, NVIDIA GeForce RTX 3090, 8261, 24576, 97, 231.23
2026/08/01 17:04:17.938, NVIDIA GeForce RTX 3090, 8261, 24576, 39, 227.71
2026/08/01 17:04:18.985, NVIDIA GeForce RTX 3090, 8261, 24576, 93, 228.75
2026/08/01 17:04:20.033, NVIDIA GeForce RTX 3090, 8261, 24576, 53, 228.56
2026/08/01 17:04:21.082, NVIDIA GeForce RTX 3090, 8261, 24576, 66, 225.15
2026/08/01 17:04:22.130, NVIDIA GeForce RTX 3090, 8261, 24576, 28, 223.92
2026/08/01 17:04:23.196, NVIDIA GeForce RTX 3090, 8261, 24576, 74, 230.53
2026/08/01 17:04:24.263, NVIDIA GeForce RTX 3090, 8261, 24576, 53, 229.37
2026/08/01 17:04:25.309, NVIDIA GeForce RTX 3090, 8261, 24576, 67, 231.49
2026/08/01 17:04:26.376, NVIDIA GeForce RTX 3090, 8261, 24576, 100, 233.78
2026/08/01 17:04:27.464, NVIDIA GeForce RTX 3090, 8261, 24576, 92, 226.34
2026/08/01 17:04:28.509, NVIDIA GeForce RTX 3090, 8261, 24576, 100, 229.21
2026/08/01 17:04:29.558, NVIDIA GeForce RTX 3090, 8261, 24576, 92, 225.36
2026/08/01 17:04:30.605, NVIDIA GeForce RTX 3090, 8261, 24576, 100, 231.59
2026/08/01 17:04:31.654, NVIDIA GeForce RTX 3090, 8261, 24576, 81, 229.72
2026/08/01 17:04:32.701, NVIDIA GeForce RTX 3090, 8261, 24576, 95, 228.83
2026/08/01 17:04:33.768, NVIDIA GeForce RTX 3090, 8261, 24576, 61, 228.90
2026/08/01 17:04:34.815, NVIDIA GeForce RTX 3090, 8261, 24576, 99, 227.47
2026/08/01 17:04:35.880, NVIDIA GeForce RTX 3090, 8261, 24576, 86, 228.76
2026/08/01 17:04:36.944, NVIDIA GeForce RTX 3090, 8261, 24576, 54, 223.90
2026/08/01 17:04:38.028, NVIDIA GeForce RTX 3090, 8261, 24576, 92, 226.43
2026/08/01 17:04:39.078, NVIDIA GeForce RTX 3090, 8261, 24576, 53, 228.02
2026/08/01 17:04:40.126, NVIDIA GeForce RTX 3090, 8261, 24576, 88, 229.44
2026/08/01 17:04:41.173, NVIDIA GeForce RTX 3090, 8261, 24576, 62, 223.52
2026/08/01 17:04:42.222, NVIDIA GeForce RTX 3090, 8261, 24576, 92, 227.19
2026/08/01 17:04:43.270, NVIDIA GeForce RTX 3090, 8261, 24576, 51, 228.19
2026/08/01 17:04:44.317, NVIDIA GeForce RTX 3090, 8261, 24576, 95, 225.78
2026/08/01 17:04:45.404, NVIDIA GeForce RTX 3090, 8261, 24576, 65, 228.36
2026/08/01 17:04:46.454, NVIDIA GeForce RTX 3090, 8261, 24576, 48, 228.93
2026/08/01 17:04:47.502, NVIDIA GeForce RTX 3090, 8261, 24576, 44, 223.93
2026/08/01 17:04:48.550, NVIDIA GeForce RTX 3090, 8261, 24576, 67, 230.36
2026/08/01 17:04:49.602, NVIDIA GeForce RTX 3090, 8261, 24576, 46, 224.09
2026/08/01 17:04:50.654, NVIDIA GeForce RTX 3090, 8261, 24576, 90, 231.37
2026/08/01 17:04:51.699, NVIDIA GeForce RTX 3090, 8261, 24576, 41, 228.42
2026/08/01 17:04:52.746, NVIDIA GeForce RTX 3090, 8261, 24576, 88, 227.21
2026/08/01 17:04:53.791, NVIDIA GeForce RTX 3090, 8261, 24576, 56, 229.37
2026/08/01 17:04:54.842, NVIDIA GeForce RTX 3090, 8261, 24576, 88, 226.20
2026/08/01 17:04:55.895, NVIDIA GeForce RTX 3090, 8261, 24576, 72, 229.19
2026/08/01 17:04:56.941, NVIDIA GeForce RTX 3090, 8261, 24576, 91, 226.89
2026/08/01 17:04:58.008, NVIDIA GeForce RTX 3090, 8261, 24576, 92, 226.51
2026/08/01 17:04:59.076, NVIDIA GeForce RTX 3090, 8261, 24576, 75, 228.49
2026/08/01 17:05:00.126, NVIDIA GeForce RTX 3090, 8261, 24576, 92, 228.38
2026/08/01 17:05:01.192, NVIDIA GeForce RTX 3090, 8261, 24576, 90, 228.46
2026/08/01 17:05:02.241, NVIDIA GeForce RTX 3090, 8261, 24576, 69, 231.60
2026/08/01 17:05:03.289, NVIDIA GeForce RTX 3090, 8261, 24576, 92, 229.89
2026/08/01 17:05:04.356, NVIDIA GeForce RTX 3090, 8261, 24576, 51, 226.51
2026/08/01 17:05:05.406, NVIDIA GeForce RTX 3090, 8261, 24576, 39, 226.27
2026/08/01 17:05:06.492, NVIDIA GeForce RTX 3090, 8261, 24576, 61, 229.48
2026/08/01 17:05:07.564, NVIDIA GeForce RTX 3090, 8261, 24576, 72, 230.93
2026/08/01 17:05:08.614, NVIDIA GeForce RTX 3090, 8261, 24576, 92, 228.78
2026/08/01 17:05:09.684, NVIDIA GeForce RTX 3090, 8261, 24576, 68, 226.44
2026/08/01 17:05:10.748, NVIDIA GeForce RTX 3090, 8261, 24576, 100, 228.13
2026/08/01 17:05:11.798, NVIDIA GeForce RTX 3090, 8261, 24576, 92, 228.01
2026/08/01 17:05:12.884, NVIDIA GeForce RTX 3090, 8261, 24576, 73, 225.17
2026/08/01 17:05:13.934, NVIDIA GeForce RTX 3090, 8261, 24576, 92, 227.94
2026/08/01 17:05:15.020, NVIDIA GeForce RTX 3090, 8261, 24576, 54, 228.61
2026/08/01 17:05:16.064, NVIDIA GeForce RTX 3090, 8261, 24576, 91, 227.30
2026/08/01 17:05:17.128, NVIDIA GeForce RTX 3090, 8261, 24576, 46, 227.29
2026/08/01 17:05:18.179, NVIDIA GeForce RTX 3090, 8261, 24576, 82, 229.48
2026/08/01 17:05:19.230, NVIDIA GeForce RTX 3090, 8261, 24576, 44, 224.26
2026/08/01 17:05:20.278, NVIDIA GeForce RTX 3090, 8261, 24576, 92, 227.81
2026/08/01 17:05:21.352, NVIDIA GeForce RTX 3090, 8261, 24576, 100, 224.74
2026/08/01 17:05:22.428, NVIDIA GeForce RTX 3090, 8261, 24576, 86, 229.23
2026/08/01 17:05:23.486, NVIDIA GeForce RTX 3090, 8261, 24576, 92, 224.44
2026/08/01 17:05:24.538, NVIDIA GeForce RTX 3090, 8261, 24576, 50, 228.51
2026/08/01 17:05:25.632, NVIDIA GeForce RTX 3090, 8261, 24576, 42, 228.53
2026/08/01 17:05:26.700, NVIDIA GeForce RTX 3090, 8261, 24576, 49, 224.05
2026/08/01 17:05:27.750, NVIDIA GeForce RTX 3090, 8261, 24576, 51, 228.73
2026/08/01 17:05:28.821, NVIDIA GeForce RTX 3090, 8261, 24576, 43, 225.76
2026/08/01 17:05:29.888, NVIDIA GeForce RTX 3090, 8261, 24576, 52, 229.20
2026/08/01 17:05:30.938, NVIDIA GeForce RTX 3090, 8261, 24576, 48, 226.15
2026/08/01 17:05:31.990, NVIDIA GeForce RTX 3090, 8261, 24576, 100, 229.21
2026/08/01 17:05:33.046, NVIDIA GeForce RTX 3090, 8261, 24576, 59, 229.07
2026/08/01 17:05:34.097, NVIDIA GeForce RTX 3090, 8261, 24576, 95, 229.70
2026/08/01 17:05:35.145, NVIDIA GeForce RTX 3090, 8261, 24576, 100, 232.84
2026/08/01 17:05:36.212, NVIDIA GeForce RTX 3090, 8261, 24576, 92, 228.16
2026/08/01 17:05:37.261, NVIDIA GeForce RTX 3090, 8261, 24576, 100, 227.95
2026/08/01 17:05:38.324, NVIDIA GeForce RTX 3090, 8261, 24576, 92, 226.37
2026/08/01 17:05:39.408, NVIDIA GeForce RTX 3090, 8261, 24576, 69, 227.90
2026/08/01 17:05:40.483, NVIDIA GeForce RTX 3090, 8261, 24576, 43, 224.51
2026/08/01 17:05:41.534, NVIDIA GeForce RTX 3090, 8261, 24576, 34, 228.19
2026/08/01 17:05:42.604, NVIDIA GeForce RTX 3090, 8261, 24576, 38, 225.02
2026/08/01 17:05:43.654, NVIDIA GeForce RTX 3090, 8261, 24576, 41, 227.48
2026/08/01 17:05:44.706, NVIDIA GeForce RTX 3090, 8261, 24576, 67, 229.73
2026/08/01 17:05:45.754, NVIDIA GeForce RTX 3090, 8261, 24576, 41, 224.25
2026/08/01 17:05:46.828, NVIDIA GeForce RTX 3090, 8261, 24576, 56, 228.68
2026/08/01 17:05:47.878, NVIDIA GeForce RTX 3090, 8261, 24576, 52, 229.15
2026/08/01 17:05:48.926, NVIDIA GeForce RTX 3090, 8261, 24576, 85, 226.07
2026/08/01 17:05:49.973, NVIDIA GeForce RTX 3090, 8261, 24576, 44, 226.48
2026/08/01 17:05:51.040, NVIDIA GeForce RTX 3090, 8261, 24576, 89, 229.04
2026/08/01 17:05:52.088, NVIDIA GeForce RTX 3090, 8261, 24576, 87, 231.67
2026/08/01 17:05:53.156, NVIDIA GeForce RTX 3090, 8261, 24576, 94, 229.27
2026/08/01 17:05:54.201, NVIDIA GeForce RTX 3090, 8261, 24576, 72, 228.37
2026/08/01 17:05:55.245, NVIDIA GeForce RTX 3090, 8261, 24576, 95, 227.70
2026/08/01 17:05:56.294, NVIDIA GeForce RTX 3090, 8261, 24576, 54, 230.07
2026/08/01 17:05:57.342, NVIDIA GeForce RTX 3090, 8261, 24576, 46, 228.40
2026/08/01 17:05:58.408, NVIDIA GeForce RTX 3090, 8261, 24576, 66, 229.69
2026/08/01 17:05:59.457, NVIDIA GeForce RTX 3090, 8261, 24576, 53, 225.12
2026/08/01 17:06:00.505, NVIDIA GeForce RTX 3090, 8261, 24576, 93, 233.96
2026/08/01 17:06:01.572, NVIDIA GeForce RTX 3090, 8261, 24576, 57, 228.67
2026/08/01 17:06:02.617, NVIDIA GeForce RTX 3090, 8261, 24576, 96, 226.73
2026/08/01 17:06:03.666, NVIDIA GeForce RTX 3090, 8261, 24576, 57, 228.94
2026/08/01 17:06:04.713, NVIDIA GeForce RTX 3090, 8261, 24576, 63, 229.18
2026/08/01 17:06:05.762, NVIDIA GeForce RTX 3090, 8261, 24576, 39, 227.61
2026/08/01 17:06:06.809, NVIDIA GeForce RTX 3090, 8261, 24576, 55, 225.44
2026/08/01 17:06:07.876, NVIDIA GeForce RTX 3090, 8261, 24576, 53, 229.15
2026/08/01 17:06:08.925, NVIDIA GeForce RTX 3090, 8261, 24576, 55, 227.56
2026/08/01 17:06:09.974, NVIDIA GeForce RTX 3090, 8261, 24576, 88, 227.97
2026/08/01 17:06:11.022, NVIDIA GeForce RTX 3090, 8261, 24576, 50, 224.99
2026/08/01 17:06:12.108, NVIDIA GeForce RTX 3090, 8261, 24576, 91, 230.88
2026/08/01 17:06:13.192, NVIDIA GeForce RTX 3090, 8261, 24576, 92, 228.28
2026/08/01 17:06:14.256, NVIDIA GeForce RTX 3090, 8261, 24576, 62, 226.60
2026/08/01 17:06:15.305, NVIDIA GeForce RTX 3090, 8261, 24576, 92, 227.20
2026/08/01 17:06:16.353, NVIDIA GeForce RTX 3090, 8261, 24576, 75, 228.34
2026/08/01 17:06:17.428, NVIDIA GeForce RTX 3090, 8261, 24576, 93, 227.49
2026/08/01 17:06:18.477, NVIDIA GeForce RTX 3090, 8261, 24576, 83, 228.02
2026/08/01 17:06:19.526, NVIDIA GeForce RTX 3090, 8261, 24576, 96, 228.93
2026/08/01 17:06:20.577, NVIDIA GeForce RTX 3090, 8261, 24576, 43, 228.27
2026/08/01 17:06:21.644, NVIDIA GeForce RTX 3090, 8261, 24576, 57, 229.09
2026/08/01 17:06:22.697, NVIDIA GeForce RTX 3090, 8261, 24576, 46, 224.26
2026/08/01 17:06:23.792, NVIDIA GeForce RTX 3090, 8261, 24576, 72, 230.23
2026/08/01 17:06:24.843, NVIDIA GeForce RTX 3090, 8261, 24576, 100, 227.40
2026/08/01 17:06:25.912, NVIDIA GeForce RTX 3090, 8261, 24576, 41, 228.32
2026/08/01 17:06:26.942, NVIDIA GeForce RTX 3090, 8261, 24576, 92, 227.55
2026/08/01 17:06:27.989, NVIDIA GeForce RTX 3090, 8261, 24576, 69, 230.30
2026/08/01 17:06:29.042, NVIDIA GeForce RTX 3090, 8261, 24576, 100, 228.27
2026/08/01 17:06:30.108, NVIDIA GeForce RTX 3090, 8261, 24576, 42, 226.91
2026/08/01 17:06:31.154, NVIDIA GeForce RTX 3090, 8261, 24576, 100, 230.02
2026/08/01 17:06:32.201, NVIDIA GeForce RTX 3090, 8261, 24576, 36, 227.34
2026/08/01 17:06:33.250, NVIDIA GeForce RTX 3090, 8261, 24576, 54, 225.82
2026/08/01 17:06:34.298, NVIDIA GeForce RTX 3090, 8261, 24576, 45, 223.71
2026/08/01 17:06:35.346, NVIDIA GeForce RTX 3090, 8261, 24576, 53, 229.24
2026/08/01 17:06:36.394, NVIDIA GeForce RTX 3090, 8261, 24576, 33, 223.95
2026/08/01 17:06:37.441, NVIDIA GeForce RTX 3090, 8261, 24576, 100, 229.88
2026/08/01 17:06:38.512, NVIDIA GeForce RTX 3090, 8261, 24576, 87, 231.43
2026/08/01 17:06:39.580, NVIDIA GeForce RTX 3090, 8261, 24576, 92, 228.91
2026/08/01 17:06:40.634, NVIDIA GeForce RTX 3090, 8261, 24576, 35, 226.95
2026/08/01 17:06:41.686, NVIDIA GeForce RTX 3090, 8261, 24576, 87, 228.39
2026/08/01 17:06:42.734, NVIDIA GeForce RTX 3090, 8261, 24576, 34, 224.46
2026/08/01 17:06:43.790, NVIDIA GeForce RTX 3090, 8261, 24576, 72, 228.51
2026/08/01 17:06:44.876, NVIDIA GeForce RTX 3090, 8261, 24576, 52, 224.71
2026/08/01 17:06:45.924, NVIDIA GeForce RTX 3090, 8261, 24576, 51, 228.55
2026/08/01 17:06:46.992, NVIDIA GeForce RTX 3090, 8261, 24576, 50, 223.98
2026/08/01 17:06:48.042, NVIDIA GeForce RTX 3090, 8261, 24576, 53, 228.72
2026/08/01 17:06:49.108, NVIDIA GeForce RTX 3090, 8261, 24576, 45, 228.89
2026/08/01 17:06:50.162, NVIDIA GeForce RTX 3090, 8261, 24576, 100, 234.63
2026/08/01 17:06:51.210, NVIDIA GeForce RTX 3090, 8261, 24576, 65, 228.76
2026/08/01 17:06:52.258, NVIDIA GeForce RTX 3090, 8261, 24576, 100, 229.05
2026/08/01 17:06:53.332, NVIDIA GeForce RTX 3090, 8261, 24576, 61, 228.82
2026/08/01 17:06:54.396, NVIDIA GeForce RTX 3090, 8261, 24576, 91, 228.38
2026/08/01 17:06:55.446, NVIDIA GeForce RTX 3090, 8261, 24576, 53, 231.35
2026/08/01 17:06:56.532, NVIDIA GeForce RTX 3090, 8261, 24576, 100, 230.54
2026/08/01 17:06:57.582, NVIDIA GeForce RTX 3090, 8261, 24576, 68, 230.21
2026/08/01 17:06:58.634, NVIDIA GeForce RTX 3090, 8261, 24576, 100, 227.82
2026/08/01 17:06:59.681, NVIDIA GeForce RTX 3090, 8261, 24576, 54, 227.71
2026/08/01 17:07:00.748, NVIDIA GeForce RTX 3090, 8261, 24576, 100, 228.69
2026/08/01 17:07:01.799, NVIDIA GeForce RTX 3090, 8261, 24576, 38, 226.43
2026/08/01 17:07:02.888, NVIDIA GeForce RTX 3090, 8261, 24576, 46, 225.89
2026/08/01 17:07:03.938, NVIDIA GeForce RTX 3090, 8261, 24576, 67, 225.00
2026/08/01 17:07:05.024, NVIDIA GeForce RTX 3090, 8261, 24576, 48, 224.94
2026/08/01 17:07:06.108, NVIDIA GeForce RTX 3090, 8261, 24576, 58, 228.34
2026/08/01 17:07:07.184, NVIDIA GeForce RTX 3090, 8261, 24576, 95, 227.12
2026/08/01 17:07:08.284, NVIDIA GeForce RTX 3090, 8261, 24576, 90, 230.29
2026/08/01 17:07:09.330, NVIDIA GeForce RTX 3090, 8261, 24576, 100, 228.67
2026/08/01 17:07:10.378, NVIDIA GeForce RTX 3090, 8261, 24576, 71, 229.36
2026/08/01 17:07:11.448, NVIDIA GeForce RTX 3090, 8261, 24576, 52, 227.62
2026/08/01 17:07:12.516, NVIDIA GeForce RTX 3090, 8261, 24576, 43, 227.73
2026/08/01 17:07:13.584, NVIDIA GeForce RTX 3090, 8261, 24576, 47, 228.22
2026/08/01 17:07:14.632, NVIDIA GeForce RTX 3090, 8261, 24576, 39, 225.30
2026/08/01 17:07:15.678, NVIDIA GeForce RTX 3090, 8261, 24576, 97, 231.73
2026/08/01 17:07:16.748, NVIDIA GeForce RTX 3090, 8261, 24576, 91, 225.92
2026/08/01 17:07:17.820, NVIDIA GeForce RTX 3090, 8261, 24576, 71, 227.02
2026/08/01 17:07:18.888, NVIDIA GeForce RTX 3090, 8261, 24576, 92, 228.04
2026/08/01 17:07:19.938, NVIDIA GeForce RTX 3090, 8261, 24576, 100, 230.98
2026/08/01 17:07:21.012, NVIDIA GeForce RTX 3090, 8261, 24576, 88, 228.34
2026/08/01 17:07:22.061, NVIDIA GeForce RTX 3090, 8261, 24576, 50, 223.70
2026/08/01 17:07:23.114, NVIDIA GeForce RTX 3090, 8261, 24576, 92, 225.64
2026/08/01 17:07:24.162, NVIDIA GeForce RTX 3090, 8261, 24576, 57, 228.40
2026/08/01 17:07:25.190, NVIDIA GeForce RTX 3090, 8261, 24576, 91, 226.69
2026/08/01 17:07:26.238, NVIDIA GeForce RTX 3090, 8261, 24576, 100, 231.95
2026/08/01 17:07:27.286, NVIDIA GeForce RTX 3090, 8261, 24576, 82, 228.66
2026/08/01 17:07:28.338, NVIDIA GeForce RTX 3090, 8261, 24576, 93, 226.64
2026/08/01 17:07:29.390, NVIDIA GeForce RTX 3090, 8261, 24576, 91, 226.63
2026/08/01 17:07:30.460, NVIDIA GeForce RTX 3090, 8261, 24576, 79, 227.91
2026/08/01 17:07:31.524, NVIDIA GeForce RTX 3090, 8261, 24576, 92, 228.44
2026/08/01 17:07:32.579, NVIDIA GeForce RTX 3090, 8261, 24576, 92, 227.27
2026/08/01 17:07:33.626, NVIDIA GeForce RTX 3090, 8261, 24576, 95, 227.04
2026/08/01 17:07:34.670, NVIDIA GeForce RTX 3090, 8261, 24576, 78, 230.78
2026/08/01 17:07:35.721, NVIDIA GeForce RTX 3090, 8261, 24576, 96, 228.04
2026/08/01 17:07:36.774, NVIDIA GeForce RTX 3090, 8261, 24576, 82, 228.32
2026/08/01 17:07:37.821, NVIDIA GeForce RTX 3090, 8261, 24576, 100, 228.36
2026/08/01 17:07:38.912, NVIDIA GeForce RTX 3090, 8261, 24576, 92, 226.75
2026/08/01 17:07:39.957, NVIDIA GeForce RTX 3090, 8261, 24576, 45, 225.49
2026/08/01 17:07:41.010, NVIDIA GeForce RTX 3090, 8261, 24576, 67, 229.51
2026/08/01 17:07:42.062, NVIDIA GeForce RTX 3090, 8261, 24576, 50, 225.31
2026/08/01 17:07:43.109, NVIDIA GeForce RTX 3090, 8261, 24576, 52, 228.43
2026/08/01 17:07:44.139, NVIDIA GeForce RTX 3090, 8261, 24576, 82, 230.45
2026/08/01 17:07:45.203, NVIDIA GeForce RTX 3090, 8261, 24576, 55, 225.24
2026/08/01 17:07:46.250, NVIDIA GeForce RTX 3090, 8261, 24576, 33, 227.76
2026/08/01 17:07:47.298, NVIDIA GeForce RTX 3090, 8261, 24576, 53, 225.75
2026/08/01 17:07:48.364, NVIDIA GeForce RTX 3090, 8261, 24576, 92, 230.20
2026/08/01 17:07:49.413, NVIDIA GeForce RTX 3090, 8261, 24576, 71, 230.65
2026/08/01 17:07:50.504, NVIDIA GeForce RTX 3090, 8261, 24576, 92, 228.40
2026/08/01 17:07:51.553, NVIDIA GeForce RTX 3090, 8261, 24576, 57, 228.55
2026/08/01 17:07:52.597, NVIDIA GeForce RTX 3090, 8261, 24576, 92, 227.32
2026/08/01 17:07:53.646, NVIDIA GeForce RTX 3090, 8261, 24576, 92, 228.00
2026/08/01 17:07:54.697, NVIDIA GeForce RTX 3090, 8261, 24576, 92, 227.00
2026/08/01 17:07:55.746, NVIDIA GeForce RTX 3090, 8261, 24576, 89, 228.13
2026/08/01 17:07:56.793, NVIDIA GeForce RTX 3090, 8261, 24576, 92, 230.55
2026/08/01 17:07:57.842, NVIDIA GeForce RTX 3090, 8261, 24576, 92, 231.56
2026/08/01 17:07:58.889, NVIDIA GeForce RTX 3090, 8261, 24576, 38, 226.87
2026/08/01 17:07:59.976, NVIDIA GeForce RTX 3090, 8261, 24576, 84, 231.16
2026/08/01 17:08:01.026, NVIDIA GeForce RTX 3090, 8261, 24576, 37, 225.63
2026/08/01 17:08:02.096, NVIDIA GeForce RTX 3090, 8261, 24576, 100, 232.73
2026/08/01 17:08:03.146, NVIDIA GeForce RTX 3090, 8261, 24576, 71, 230.77
2026/08/01 17:08:04.193, NVIDIA GeForce RTX 3090, 8261, 24576, 92, 228.63
2026/08/01 17:08:05.237, NVIDIA GeForce RTX 3090, 8261, 24576, 88, 227.93
2026/08/01 17:08:06.281, NVIDIA GeForce RTX 3090, 8261, 24576, 92, 228.96
2026/08/01 17:08:07.348, NVIDIA GeForce RTX 3090, 8261, 24576, 100, 230.40
2026/08/01 17:08:08.393, NVIDIA GeForce RTX 3090, 8261, 24576, 89, 228.68
2026/08/01 17:08:09.446, NVIDIA GeForce RTX 3090, 8261, 24576, 97, 229.61
2026/08/01 17:08:10.497, NVIDIA GeForce RTX 3090, 8261, 24576, 45, 228.75
2026/08/01 17:08:11.588, NVIDIA GeForce RTX 3090, 8261, 24576, 51, 229.10
2026/08/01 17:08:12.656, NVIDIA GeForce RTX 3090, 8261, 24576, 33, 225.62
2026/08/01 17:08:13.724, NVIDIA GeForce RTX 3090, 8261, 24576, 42, 226.27
2026/08/01 17:08:14.792, NVIDIA GeForce RTX 3090, 8261, 24576, 46, 226.93
2026/08/01 17:08:15.842, NVIDIA GeForce RTX 3090, 8261, 24576, 30, 224.08
2026/08/01 17:08:16.889, NVIDIA GeForce RTX 3090, 8261, 24576, 45, 228.07
2026/08/01 17:08:17.956, NVIDIA GeForce RTX 3090, 8261, 24576, 45, 225.65
2026/08/01 17:08:19.006, NVIDIA GeForce RTX 3090, 8261, 24576, 75, 231.35
2026/08/01 17:08:20.072, NVIDIA GeForce RTX 3090, 8261, 24576, 40, 228.04
2026/08/01 17:08:21.124, NVIDIA GeForce RTX 3090, 8261, 24576, 100, 230.93
2026/08/01 17:08:22.173, NVIDIA GeForce RTX 3090, 8261, 24576, 92, 225.18
2026/08/01 17:08:23.226, NVIDIA GeForce RTX 3090, 8261, 24576, 95, 228.68
2026/08/01 17:08:24.274, NVIDIA GeForce RTX 3090, 8261, 24576, 39, 225.97
2026/08/01 17:08:25.322, NVIDIA GeForce RTX 3090, 8261, 24576, 73, 230.21
2026/08/01 17:08:26.370, NVIDIA GeForce RTX 3090, 8261, 24576, 45, 225.86
2026/08/01 17:08:27.418, NVIDIA GeForce RTX 3090, 8261, 24576, 63, 227.80
2026/08/01 17:08:28.466, NVIDIA GeForce RTX 3090, 8261, 24576, 41, 226.37
2026/08/01 17:08:29.532, NVIDIA GeForce RTX 3090, 8261, 24576, 59, 227.07
2026/08/01 17:08:30.600, NVIDIA GeForce RTX 3090, 8261, 24576, 100, 228.65
2026/08/01 17:08:31.650, NVIDIA GeForce RTX 3090, 8261, 24576, 84, 231.47
2026/08/01 17:08:32.716, NVIDIA GeForce RTX 3090, 8261, 24576, 81, 232.20
2026/08/01 17:08:33.766, NVIDIA GeForce RTX 3090, 8261, 24576, 92, 229.82
2026/08/01 17:08:34.816, NVIDIA GeForce RTX 3090, 8261, 24576, 57, 227.52
2026/08/01 17:08:35.882, NVIDIA GeForce RTX 3090, 8261, 24576, 88, 229.52
2026/08/01 17:08:36.933, NVIDIA GeForce RTX 3090, 8261, 24576, 62, 227.61
2026/08/01 17:08:37.978, NVIDIA GeForce RTX 3090, 8261, 24576, 47, 230.61
2026/08/01 17:08:39.025, NVIDIA GeForce RTX 3090, 8261, 24576, 48, 229.06
2026/08/01 17:08:40.112, NVIDIA GeForce RTX 3090, 8261, 24576, 78, 226.06
2026/08/01 17:08:41.157, NVIDIA GeForce RTX 3090, 8261, 24576, 63, 229.58
2026/08/01 17:08:42.228, NVIDIA GeForce RTX 3090, 8261, 24576, 100, 229.10
2026/08/01 17:08:43.278, NVIDIA GeForce RTX 3090, 8261, 24576, 66, 229.49
2026/08/01 17:08:44.348, NVIDIA GeForce RTX 3090, 8261, 24576, 91, 226.93
2026/08/01 17:08:45.402, NVIDIA GeForce RTX 3090, 8261, 24576, 92, 227.21
2026/08/01 17:08:46.468, NVIDIA GeForce RTX 3090, 8261, 24576, 86, 227.78
2026/08/01 17:08:47.536, NVIDIA GeForce RTX 3090, 8261, 24576, 92, 228.11
2026/08/01 17:08:48.604, NVIDIA GeForce RTX 3090, 8261, 24576, 70, 228.27
2026/08/01 17:08:49.691, NVIDIA GeForce RTX 3090, 8261, 24576, 32, 224.13
2026/08/01 17:08:50.776, NVIDIA GeForce RTX 3090, 8261, 24576, 45, 228.93
2026/08/01 17:08:51.809, NVIDIA GeForce RTX 3090, 8261, 24576, 91, 231.30
2026/08/01 17:08:52.884, NVIDIA GeForce RTX 3090, 8261, 24576, 85, 228.65
2026/08/01 17:08:53.938, NVIDIA GeForce RTX 3090, 8261, 24576, 92, 227.90
2026/08/01 17:08:54.985, NVIDIA GeForce RTX 3090, 8261, 24576, 98, 228.41
2026/08/01 17:08:56.056, NVIDIA GeForce RTX 3090, 8261, 24576, 91, 227.99
2026/08/01 17:08:57.105, NVIDIA GeForce RTX 3090, 8261, 24576, 35, 226.40
2026/08/01 17:08:58.158, NVIDIA GeForce RTX 3090, 8261, 24576, 77, 228.49
2026/08/01 17:08:59.210, NVIDIA GeForce RTX 3090, 8261, 24576, 33, 223.89
2026/08/01 17:09:00.276, NVIDIA GeForce RTX 3090, 8261, 24576, 92, 224.45
2026/08/01 17:09:01.330, NVIDIA GeForce RTX 3090, 8261, 24576, 53, 228.44
2026/08/01 17:09:02.378, NVIDIA GeForce RTX 3090, 8261, 24576, 76, 230.87
2026/08/01 17:09:03.426, NVIDIA GeForce RTX 3090, 8261, 24576, 39, 226.05
2026/08/01 17:09:04.474, NVIDIA GeForce RTX 3090, 8261, 24576, 52, 227.67
2026/08/01 17:09:05.540, NVIDIA GeForce RTX 3090, 8261, 24576, 41, 228.09
2026/08/01 17:09:06.608, NVIDIA GeForce RTX 3090, 8261, 24576, 68, 226.05
2026/08/01 17:09:07.658, NVIDIA GeForce RTX 3090, 8261, 24576, 38, 224.35
2026/08/01 17:09:08.744, NVIDIA GeForce RTX 3090, 8261, 24576, 63, 229.15
2026/08/01 17:09:09.794, NVIDIA GeForce RTX 3090, 8261, 24576, 51, 229.50
2026/08/01 17:09:10.884, NVIDIA GeForce RTX 3090, 8261, 24576, 58, 228.08
2026/08/01 17:09:11.913, NVIDIA GeForce RTX 3090, 8261, 24576, 100, 228.87
2026/08/01 17:09:12.984, NVIDIA GeForce RTX 3090, 8261, 24576, 68, 230.37
2026/08/01 17:09:14.056, NVIDIA GeForce RTX 3090, 8261, 24576, 100, 227.60
2026/08/01 17:09:15.120, NVIDIA GeForce RTX 3090, 8261, 24576, 78, 229.55
2026/08/01 17:09:16.166, NVIDIA GeForce RTX 3090, 8261, 24576, 93, 228.72
2026/08/01 17:09:17.257, NVIDIA GeForce RTX 3090, 8261, 24576, 48, 228.67
2026/08/01 17:09:18.344, NVIDIA GeForce RTX 3090, 8261, 24576, 54, 228.92
2026/08/01 17:09:19.394, NVIDIA GeForce RTX 3090, 8261, 24576, 39, 227.58
2026/08/01 17:09:20.460, NVIDIA GeForce RTX 3090, 8261, 24576, 57, 229.87
2026/08/01 17:09:21.510, NVIDIA GeForce RTX 3090, 8261, 24576, 95, 227.97
2026/08/01 17:09:22.580, NVIDIA GeForce RTX 3090, 8261, 24576, 71, 231.17
2026/08/01 17:09:23.630, NVIDIA GeForce RTX 3090, 8261, 24576, 91, 228.70
2026/08/01 17:09:24.681, NVIDIA GeForce RTX 3090, 8261, 24576, 95, 229.01
2026/08/01 17:09:25.730, NVIDIA GeForce RTX 3090, 8261, 24576, 92, 227.90
2026/08/01 17:09:26.778, NVIDIA GeForce RTX 3090, 8261, 24576, 100, 229.89
2026/08/01 17:09:27.826, NVIDIA GeForce RTX 3090, 8261, 24576, 91, 226.13
2026/08/01 17:09:28.892, NVIDIA GeForce RTX 3090, 8261, 24576, 100, 228.42
2026/08/01 17:09:29.956, NVIDIA GeForce RTX 3090, 8261, 24576, 92, 227.62
2026/08/01 17:09:31.003, NVIDIA GeForce RTX 3090, 8261, 24576, 41, 226.74
2026/08/01 17:09:32.068, NVIDIA GeForce RTX 3090, 8261, 24576, 91, 229.18
2026/08/01 17:09:33.118, NVIDIA GeForce RTX 3090, 8261, 24576, 67, 224.37
2026/08/01 17:09:34.172, NVIDIA GeForce RTX 3090, 8261, 24576, 92, 229.41
2026/08/01 17:09:35.222, NVIDIA GeForce RTX 3090, 8261, 24576, 64, 227.21
2026/08/01 17:09:36.293, NVIDIA GeForce RTX 3090, 8261, 24576, 91, 231.96
2026/08/01 17:09:37.346, NVIDIA GeForce RTX 3090, 8261, 24576, 70, 224.25
2026/08/01 17:09:38.432, NVIDIA GeForce RTX 3090, 8261, 24576, 63, 229.88
2026/08/01 17:09:39.480, NVIDIA GeForce RTX 3090, 8261, 24576, 43, 226.95
2026/08/01 17:09:40.548, NVIDIA GeForce RTX 3090, 8261, 24576, 71, 230.29
2026/08/01 17:09:41.594, NVIDIA GeForce RTX 3090, 8261, 24576, 39, 224.55
2026/08/01 17:09:42.641, NVIDIA GeForce RTX 3090, 8261, 24576, 99, 232.89
2026/08/01 17:09:43.690, NVIDIA GeForce RTX 3090, 8261, 24576, 50, 229.30
2026/08/01 17:09:44.741, NVIDIA GeForce RTX 3090, 8261, 24576, 100, 229.39
2026/08/01 17:09:45.793, NVIDIA GeForce RTX 3090, 8261, 24576, 79, 231.29
2026/08/01 17:09:46.845, NVIDIA GeForce RTX 3090, 8261, 24576, 78, 232.40
2026/08/01 17:09:47.890, NVIDIA GeForce RTX 3090, 8261, 24576, 92, 228.17
2026/08/01 17:09:48.941, NVIDIA GeForce RTX 3090, 8261, 24576, 54, 228.88
2026/08/01 17:09:50.028, NVIDIA GeForce RTX 3090, 8261, 24576, 80, 229.59
2026/08/01 17:09:51.078, NVIDIA GeForce RTX 3090, 8261, 24576, 41, 229.73
2026/08/01 17:09:52.125, NVIDIA GeForce RTX 3090, 8261, 24576, 64, 229.19
2026/08/01 17:09:53.174, NVIDIA GeForce RTX 3090, 8261, 24576, 42, 225.52
2026/08/01 17:09:54.221, NVIDIA GeForce RTX 3090, 8261, 24576, 65, 229.18
2026/08/01 17:09:55.270, NVIDIA GeForce RTX 3090, 8261, 24576, 32, 224.39
2026/08/01 17:09:56.317, NVIDIA GeForce RTX 3090, 8261, 24576, 55, 229.63
2026/08/01 17:09:57.366, NVIDIA GeForce RTX 3090, 8261, 24576, 44, 224.61
2026/08/01 17:09:58.432, NVIDIA GeForce RTX 3090, 8261, 24576, 49, 227.84
2026/08/01 17:09:59.504, NVIDIA GeForce RTX 3090, 8261, 24576, 49, 229.35
2026/08/01 17:10:00.557, NVIDIA GeForce RTX 3090, 8261, 24576, 92, 230.49
2026/08/01 17:10:01.606, NVIDIA GeForce RTX 3090, 8261, 24576, 59, 228.45
2026/08/01 17:10:02.672, NVIDIA GeForce RTX 3090, 8261, 24576, 97, 229.80
2026/08/01 17:10:03.718, NVIDIA GeForce RTX 3090, 8261, 24576, 69, 228.70
2026/08/01 17:10:04.764, NVIDIA GeForce RTX 3090, 8261, 24576, 94, 225.62
2026/08/01 17:10:05.814, NVIDIA GeForce RTX 3090, 8261, 24576, 92, 229.83
2026/08/01 17:10:06.861, NVIDIA GeForce RTX 3090, 8261, 24576, 100, 229.04
2026/08/01 17:10:07.928, NVIDIA GeForce RTX 3090, 8261, 24576, 87, 229.02
2026/08/01 17:10:08.974, NVIDIA GeForce RTX 3090, 8261, 24576, 76, 234.05
2026/08/01 17:10:10.021, NVIDIA GeForce RTX 3090, 8261, 24576, 40, 225.17
2026/08/01 17:10:11.108, NVIDIA GeForce RTX 3090, 8261, 24576, 73, 230.53
2026/08/01 17:10:12.157, NVIDIA GeForce RTX 3090, 8261, 24576, 64, 228.96
2026/08/01 17:10:13.224, NVIDIA GeForce RTX 3090, 8261, 24576, 100, 230.22
2026/08/01 17:10:14.274, NVIDIA GeForce RTX 3090, 8261, 24576, 50, 229.22
2026/08/01 17:10:15.321, NVIDIA GeForce RTX 3090, 8261, 24576, 75, 226.34
2026/08/01 17:10:16.404, NVIDIA GeForce RTX 3090, 8261, 24576, 97, 227.83
2026/08/01 17:10:17.453, NVIDIA GeForce RTX 3090, 8261, 24576, 100, 232.85
2026/08/01 17:10:18.502, NVIDIA GeForce RTX 3090, 8261, 24576, 79, 229.69
2026/08/01 17:10:19.549, NVIDIA GeForce RTX 3090, 8261, 24576, 98, 227.07
2026/08/01 17:10:20.598, NVIDIA GeForce RTX 3090, 8261, 24576, 87, 230.51
2026/08/01 17:10:21.645, NVIDIA GeForce RTX 3090, 8261, 24576, 100, 229.30
2026/08/01 17:10:22.732, NVIDIA GeForce RTX 3090, 8261, 24576, 68, 229.82
2026/08/01 17:10:23.782, NVIDIA GeForce RTX 3090, 8261, 24576, 47, 228.78
2026/08/01 17:10:24.829, NVIDIA GeForce RTX 3090, 8261, 24576, 48, 224.40
2026/08/01 17:10:25.878, NVIDIA GeForce RTX 3090, 8261, 24576, 60, 229.79
2026/08/01 17:10:26.929, NVIDIA GeForce RTX 3090, 8261, 24576, 43, 225.12
2026/08/01 17:10:27.978, NVIDIA GeForce RTX 3090, 8261, 24576, 75, 230.68
2026/08/01 17:10:29.025, NVIDIA GeForce RTX 3090, 8261, 24576, 34, 224.30
2026/08/01 17:10:30.092, NVIDIA GeForce RTX 3090, 8261, 24576, 51, 229.35
2026/08/01 17:10:31.142, NVIDIA GeForce RTX 3090, 8261, 24576, 34, 229.26
2026/08/01 17:10:32.208, NVIDIA GeForce RTX 3090, 8261, 24576, 88, 232.05
2026/08/01 17:10:33.258, NVIDIA GeForce RTX 3090, 8261, 24576, 68, 232.56
2026/08/01 17:10:34.328, NVIDIA GeForce RTX 3090, 8261, 24576, 92, 230.64
2026/08/01 17:10:35.374, NVIDIA GeForce RTX 3090, 8261, 24576, 54, 226.50
2026/08/01 17:10:36.421, NVIDIA GeForce RTX 3090, 8261, 24576, 93, 226.57
2026/08/01 17:10:37.450, NVIDIA GeForce RTX 3090, 8261, 24576, 62, 228.96
2026/08/01 17:10:38.497, NVIDIA GeForce RTX 3090, 8261, 24576, 96, 227.98
2026/08/01 17:10:39.558, NVIDIA GeForce RTX 3090, 8261, 24576, 83, 229.39
2026/08/01 17:10:40.605, NVIDIA GeForce RTX 3090, 8261, 24576, 92, 230.95
2026/08/01 17:10:41.648, NVIDIA GeForce RTX 3090, 8261, 24576, 65, 228.24
2026/08/01 17:10:42.693, NVIDIA GeForce RTX 3090, 8261, 24576, 92, 231.49
2026/08/01 17:10:43.781, NVIDIA GeForce RTX 3090, 8261, 24576, 45, 226.33
2026/08/01 17:10:44.829, NVIDIA GeForce RTX 3090, 8261, 24576, 50, 229.81
2026/08/01 17:10:45.896, NVIDIA GeForce RTX 3090, 8261, 24576, 58, 224.83
2026/08/01 17:10:46.945, NVIDIA GeForce RTX 3090, 8261, 24576, 52, 226.88
2026/08/01 17:10:47.994, NVIDIA GeForce RTX 3090, 8261, 24576, 59, 229.25
2026/08/01 17:10:49.042, NVIDIA GeForce RTX 3090, 8261, 24576, 52, 228.70
2026/08/01 17:10:50.094, NVIDIA GeForce RTX 3090, 8261, 24576, 34, 227.80
2026/08/01 17:10:51.142, NVIDIA GeForce RTX 3090, 8261, 24576, 49, 230.02
2026/08/01 17:10:52.212, NVIDIA GeForce RTX 3090, 8261, 24576, 63, 231.04
2026/08/01 17:10:53.308, NVIDIA GeForce RTX 3090, 8261, 24576, 86, 229.08
2026/08/01 17:10:54.357, NVIDIA GeForce RTX 3090, 8261, 24576, 91, 229.49
2026/08/01 17:10:55.410, NVIDIA GeForce RTX 3090, 8261, 24576, 94, 228.51
2026/08/01 17:10:56.480, NVIDIA GeForce RTX 3090, 8261, 24576, 81, 232.33
2026/08/01 17:10:57.576, NVIDIA GeForce RTX 3090, 8261, 24576, 38, 225.37
2026/08/01 17:10:58.648, NVIDIA GeForce RTX 3090, 8261, 24576, 77, 231.78
2026/08/01 17:10:59.677, NVIDIA GeForce RTX 3090, 8261, 24576, 31, 224.75
2026/08/01 17:11:00.726, NVIDIA GeForce RTX 3090, 8261, 24576, 39, 227.03
2026/08/01 17:11:01.778, NVIDIA GeForce RTX 3090, 8261, 24576, 84, 227.69
2026/08/01 17:11:02.828, NVIDIA GeForce RTX 3090, 8261, 24576, 53, 228.82
2026/08/01 17:11:03.878, NVIDIA GeForce RTX 3090, 8261, 24576, 55, 228.29
2026/08/01 17:11:04.964, NVIDIA GeForce RTX 3090, 8261, 24576, 54, 230.44
2026/08/01 17:11:06.052, NVIDIA GeForce RTX 3090, 8261, 24576, 55, 231.16
2026/08/01 17:11:07.120, NVIDIA GeForce RTX 3090, 8261, 24576, 61, 228.90
2026/08/01 17:11:08.192, NVIDIA GeForce RTX 3090, 8261, 24576, 78, 229.21
2026/08/01 17:11:09.242, NVIDIA GeForce RTX 3090, 8261, 24576, 43, 225.45
2026/08/01 17:11:10.288, NVIDIA GeForce RTX 3090, 8261, 24576, 78, 229.37
2026/08/01 17:11:11.334, NVIDIA GeForce RTX 3090, 8261, 24576, 53, 230.08
2026/08/01 17:11:12.400, NVIDIA GeForce RTX 3090, 8261, 24576, 89, 227.34
2026/08/01 17:11:13.454, NVIDIA GeForce RTX 3090, 8261, 24576, 89, 232.74
2026/08/01 17:11:14.502, NVIDIA GeForce RTX 3090, 8261, 24576, 92, 228.15
2026/08/01 17:11:15.550, NVIDIA GeForce RTX 3090, 8261, 24576, 100, 233.29
2026/08/01 17:11:16.602, NVIDIA GeForce RTX 3090, 8261, 24576, 68, 229.93
2026/08/01 17:11:17.654, NVIDIA GeForce RTX 3090, 8261, 24576, 98, 228.70
2026/08/01 17:11:18.728, NVIDIA GeForce RTX 3090, 8261, 24576, 71, 229.46
2026/08/01 17:11:19.782, NVIDIA GeForce RTX 3090, 8261, 24576, 91, 229.88
2026/08/01 17:11:20.838, NVIDIA GeForce RTX 3090, 8261, 24576, 78, 228.15
2026/08/01 17:11:21.912, NVIDIA GeForce RTX 3090, 8261, 24576, 37, 224.93
2026/08/01 17:11:22.962, NVIDIA GeForce RTX 3090, 8261, 24576, 91, 229.59
2026/08/01 17:11:24.014, NVIDIA GeForce RTX 3090, 8261, 24576, 47, 225.03
2026/08/01 17:11:25.088, NVIDIA GeForce RTX 3090, 8261, 24576, 48, 229.66
2026/08/01 17:11:26.188, NVIDIA GeForce RTX 3090, 8261, 24576, 63, 230.61
2026/08/01 17:11:27.264, NVIDIA GeForce RTX 3090, 8261, 24576, 68, 227.24
2026/08/01 17:11:28.318, NVIDIA GeForce RTX 3090, 8261, 24576, 100, 228.34
2026/08/01 17:11:29.392, NVIDIA GeForce RTX 3090, 8261, 24576, 82, 230.27
2026/08/01 17:11:30.442, NVIDIA GeForce RTX 3090, 8261, 24576, 100, 229.26
2026/08/01 17:11:31.494, NVIDIA GeForce RTX 3090, 8261, 24576, 95, 225.35
2026/08/01 17:11:32.546, NVIDIA GeForce RTX 3090, 8261, 24576, 51, 227.72
2026/08/01 17:11:33.598, NVIDIA GeForce RTX 3090, 8261, 24576, 100, 229.99
2026/08/01 17:11:34.695, NVIDIA GeForce RTX 3090, 8261, 24576, 90, 229.87
2026/08/01 17:11:35.746, NVIDIA GeForce RTX 3090, 8261, 24576, 100, 228.53
2026/08/01 17:11:36.820, NVIDIA GeForce RTX 3090, 8261, 24576, 92, 227.95
2026/08/01 17:11:37.892, NVIDIA GeForce RTX 3090, 8261, 24576, 79, 227.62
2026/08/01 17:11:38.988, NVIDIA GeForce RTX 3090, 8261, 24576, 44, 225.67
2026/08/01 17:11:40.060, NVIDIA GeForce RTX 3090, 8261, 24576, 46, 228.85
2026/08/01 17:11:41.128, NVIDIA GeForce RTX 3090, 8261, 24576, 83, 232.13
2026/08/01 17:11:42.177, NVIDIA GeForce RTX 3090, 8261, 24576, 61, 229.06
2026/08/01 17:11:43.230, NVIDIA GeForce RTX 3090, 8261, 24576, 95, 229.43
2026/08/01 17:11:44.281, NVIDIA GeForce RTX 3090, 8261, 24576, 91, 228.44
2026/08/01 17:11:45.334, NVIDIA GeForce RTX 3090, 8261, 24576, 100, 229.03
2026/08/01 17:11:46.385, NVIDIA GeForce RTX 3090, 8261, 24576, 92, 227.95
2026/08/01 17:11:47.480, NVIDIA GeForce RTX 3090, 8261, 24576, 53, 227.66
2026/08/01 17:11:48.529, NVIDIA GeForce RTX 3090, 8261, 24576, 89, 229.96
2026/08/01 17:11:49.628, NVIDIA GeForce RTX 3090, 8261, 24576, 53, 224.77
2026/08/01 17:11:50.678, NVIDIA GeForce RTX 3090, 8261, 24576, 73, 229.55
2026/08/01 17:11:51.726, NVIDIA GeForce RTX 3090, 8261, 24576, 49, 229.29
2026/08/01 17:11:52.758, NVIDIA GeForce RTX 3090, 8261, 24576, 92, 230.24
2026/08/01 17:11:53.844, NVIDIA GeForce RTX 3090, 8261, 24576, 36, 225.55
2026/08/01 17:11:54.912, NVIDIA GeForce RTX 3090, 8261, 24576, 75, 231.77
2026/08/01 17:11:55.961, NVIDIA GeForce RTX 3090, 8261, 24576, 38, 226.79
2026/08/01 17:11:57.009, NVIDIA GeForce RTX 3090, 8261, 24576, 72, 229.53
2026/08/01 17:11:58.080, NVIDIA GeForce RTX 3090, 8261, 24576, 92, 228.82
2026/08/01 17:11:59.153, NVIDIA GeForce RTX 3090, 8261, 24576, 92, 232.05
2026/08/01 17:12:00.201, NVIDIA GeForce RTX 3090, 8261, 24576, 70, 229.17
2026/08/01 17:12:01.249, NVIDIA GeForce RTX 3090, 8261, 24576, 87, 232.85
2026/08/01 17:12:02.301, NVIDIA GeForce RTX 3090, 8261, 24576, 44, 224.34
2026/08/01 17:12:03.353, NVIDIA GeForce RTX 3090, 8261, 24576, 91, 229.48
2026/08/01 17:12:04.402, NVIDIA GeForce RTX 3090, 8261, 24576, 37, 224.71
2026/08/01 17:12:05.449, NVIDIA GeForce RTX 3090, 8261, 24576, 43, 228.88
2026/08/01 17:12:06.494, NVIDIA GeForce RTX 3090, 8261, 24576, 72, 231.09
2026/08/01 17:12:07.560, NVIDIA GeForce RTX 3090, 8261, 24576, 38, 227.76
2026/08/01 17:12:08.606, NVIDIA GeForce RTX 3090, 8261, 24576, 84, 228.62
2026/08/01 17:12:09.652, NVIDIA GeForce RTX 3090, 8261, 24576, 38, 224.58
2026/08/01 17:12:10.744, NVIDIA GeForce RTX 3090, 8261, 24576, 68, 230.27
2026/08/01 17:12:11.793, NVIDIA GeForce RTX 3090, 8261, 24576, 89, 233.14
2026/08/01 17:12:12.842, NVIDIA GeForce RTX 3090, 8261, 24576, 59, 230.59
2026/08/01 17:12:13.894, NVIDIA GeForce RTX 3090, 8261, 24576, 33, 224.57
2026/08/01 17:12:14.941, NVIDIA GeForce RTX 3090, 8261, 24576, 68, 228.94
2026/08/01 17:12:15.990, NVIDIA GeForce RTX 3090, 8261, 24576, 42, 227.60
2026/08/01 17:12:17.041, NVIDIA GeForce RTX 3090, 8261, 24576, 48, 225.91
2026/08/01 17:12:18.094, NVIDIA GeForce RTX 3090, 8261, 24576, 39, 225.83
2026/08/01 17:12:19.146, NVIDIA GeForce RTX 3090, 8261, 24576, 75, 227.71
2026/08/01 17:12:20.194, NVIDIA GeForce RTX 3090, 8261, 24576, 35, 224.52
2026/08/01 17:12:21.288, NVIDIA GeForce RTX 3090, 8261, 24576, 37, 225.98
2026/08/01 17:12:22.388, NVIDIA GeForce RTX 3090, 8261, 24576, 83, 230.26
2026/08/01 17:12:23.438, NVIDIA GeForce RTX 3090, 8261, 24576, 43, 228.71
2026/08/01 17:12:24.536, NVIDIA GeForce RTX 3090, 8261, 24576, 100, 230.95
2026/08/01 17:12:25.585, NVIDIA GeForce RTX 3090, 8261, 24576, 65, 229.11
2026/08/01 17:12:26.637, NVIDIA GeForce RTX 3090, 8261, 24576, 92, 228.02
2026/08/01 17:12:27.690, NVIDIA GeForce RTX 3090, 8261, 24576, 73, 228.87
2026/08/01 17:12:28.741, NVIDIA GeForce RTX 3090, 8261, 24576, 100, 227.95
2026/08/01 17:12:29.815, NVIDIA GeForce RTX 3090, 8261, 24576, 57, 228.90
2026/08/01 17:12:30.870, NVIDIA GeForce RTX 3090, 8261, 24576, 51, 227.65
2026/08/01 17:12:31.921, NVIDIA GeForce RTX 3090, 8261, 24576, 56, 228.28
2026/08/01 17:12:32.969, NVIDIA GeForce RTX 3090, 8261, 24576, 56, 229.79
2026/08/01 17:12:34.060, NVIDIA GeForce RTX 3090, 8261, 24576, 92, 230.33
2026/08/01 17:12:35.114, NVIDIA GeForce RTX 3090, 8261, 24576, 99, 229.62
2026/08/01 17:12:36.180, NVIDIA GeForce RTX 3090, 8261, 24576, 92, 228.14
2026/08/01 17:12:37.256, NVIDIA GeForce RTX 3090, 8261, 24576, 99, 226.79
2026/08/01 17:12:38.305, NVIDIA GeForce RTX 3090, 8261, 24576, 92, 227.53
2026/08/01 17:12:39.357, NVIDIA GeForce RTX 3090, 8261, 24576, 100, 226.87
2026/08/01 17:12:40.405, NVIDIA GeForce RTX 3090, 8261, 24576, 78, 230.01
2026/08/01 17:12:41.458, NVIDIA GeForce RTX 3090, 8261, 24576, 53, 225.15
2026/08/01 17:12:42.509, NVIDIA GeForce RTX 3090, 8261, 24576, 73, 228.89
2026/08/01 17:12:43.558, NVIDIA GeForce RTX 3090, 8261, 24576, 54, 229.34
2026/08/01 17:12:44.609, NVIDIA GeForce RTX 3090, 8261, 24576, 47, 225.77
2026/08/01 17:12:45.676, NVIDIA GeForce RTX 3090, 8261, 24576, 38, 226.29
2026/08/01 17:12:46.726, NVIDIA GeForce RTX 3090, 8261, 24576, 38, 226.79
2026/08/01 17:12:47.816, NVIDIA GeForce RTX 3090, 8261, 24576, 43, 224.44
2026/08/01 17:12:48.866, NVIDIA GeForce RTX 3090, 8261, 24576, 73, 230.16
2026/08/01 17:12:49.914, NVIDIA GeForce RTX 3090, 8261, 24576, 50, 227.93
2026/08/01 17:12:50.962, NVIDIA GeForce RTX 3090, 8261, 24576, 96, 231.29
2026/08/01 17:12:52.009, NVIDIA GeForce RTX 3090, 8261, 24576, 78, 229.74
2026/08/01 17:12:53.081, NVIDIA GeForce RTX 3090, 8261, 24576, 99, 227.33
2026/08/01 17:12:54.148, NVIDIA GeForce RTX 3090, 8261, 24576, 100, 228.33
2026/08/01 17:12:55.220, NVIDIA GeForce RTX 3090, 8261, 24576, 92, 225.91
2026/08/01 17:12:56.274, NVIDIA GeForce RTX 3090, 8261, 24576, 31, 226.98
2026/08/01 17:12:57.326, NVIDIA GeForce RTX 3090, 8261, 24576, 58, 228.53
2026/08/01 17:12:58.375, NVIDIA GeForce RTX 3090, 8261, 24576, 72, 230.98
2026/08/01 17:12:59.426, NVIDIA GeForce RTX 3090, 8261, 24576, 42, 228.86
2026/08/01 17:13:00.474, NVIDIA GeForce RTX 3090, 8261, 24576, 83, 226.85
2026/08/01 17:13:01.522, NVIDIA GeForce RTX 3090, 8261, 24576, 50, 229.31
2026/08/01 17:13:02.570, NVIDIA GeForce RTX 3090, 8261, 24576, 88, 226.67
2026/08/01 17:13:03.636, NVIDIA GeForce RTX 3090, 8261, 24576, 50, 228.70
2026/08/01 17:13:04.690, NVIDIA GeForce RTX 3090, 8261, 24576, 100, 230.04
2026/08/01 17:13:05.764, NVIDIA GeForce RTX 3090, 8261, 24576, 85, 229.00
2026/08/01 17:13:06.835, NVIDIA GeForce RTX 3090, 8261, 24576, 100, 228.63
2026/08/01 17:13:07.882, NVIDIA GeForce RTX 3090, 8261, 24576, 85, 229.21
2026/08/01 17:13:08.934, NVIDIA GeForce RTX 3090, 8261, 24576, 99, 227.44
2026/08/01 17:13:10.000, NVIDIA GeForce RTX 3090, 8261, 24576, 92, 225.95
2026/08/01 17:13:11.046, NVIDIA GeForce RTX 3090, 8261, 24576, 76, 228.52
2026/08/01 17:13:12.116, NVIDIA GeForce RTX 3090, 8261, 24576, 91, 230.50
2026/08/01 17:13:13.167, NVIDIA GeForce RTX 3090, 8261, 24576, 48, 227.01
2026/08/01 17:13:14.217, NVIDIA GeForce RTX 3090, 8261, 24576, 48, 228.58
2026/08/01 17:13:15.266, NVIDIA GeForce RTX 3090, 8261, 24576, 55, 229.26
2026/08/01 17:13:16.354, NVIDIA GeForce RTX 3090, 8261, 24576, 99, 229.24
2026/08/01 17:13:17.402, NVIDIA GeForce RTX 3090, 8261, 24576, 54, 227.76
2026/08/01 17:13:18.450, NVIDIA GeForce RTX 3090, 8261, 24576, 86, 226.04
2026/08/01 17:13:19.516, NVIDIA GeForce RTX 3090, 8261, 24576, 100, 230.23
2026/08/01 17:13:20.562, NVIDIA GeForce RTX 3090, 8261, 24576, 92, 226.19
2026/08/01 17:13:21.610, NVIDIA GeForce RTX 3090, 8261, 24576, 88, 227.16
2026/08/01 17:13:22.696, NVIDIA GeForce RTX 3090, 8261, 24576, 92, 227.30
2026/08/01 17:13:23.746, NVIDIA GeForce RTX 3090, 8261, 24576, 65, 228.63
2026/08/01 17:13:24.794, NVIDIA GeForce RTX 3090, 8261, 24576, 92, 229.70
2026/08/01 17:13:25.864, NVIDIA GeForce RTX 3090, 8261, 24576, 73, 226.45
2026/08/01 17:13:26.930, NVIDIA GeForce RTX 3090, 8261, 24576, 93, 227.84
2026/08/01 17:13:27.996, NVIDIA GeForce RTX 3090, 8261, 24576, 37, 228.86
2026/08/01 17:13:29.064, NVIDIA GeForce RTX 3090, 8261, 24576, 56, 229.25
2026/08/01 17:13:30.132, NVIDIA GeForce RTX 3090, 8261, 24576, 41, 229.88
2026/08/01 17:13:31.182, NVIDIA GeForce RTX 3090, 8261, 24576, 62, 228.43
2026/08/01 17:13:32.230, NVIDIA GeForce RTX 3090, 8261, 24576, 42, 227.93
2026/08/01 17:13:33.278, NVIDIA GeForce RTX 3090, 8261, 24576, 89, 227.19
2026/08/01 17:13:34.348, NVIDIA GeForce RTX 3090, 8261, 24576, 51, 231.83
2026/08/01 17:13:35.440, NVIDIA GeForce RTX 3090, 8261, 24576, 38, 224.69
2026/08/01 17:13:36.490, NVIDIA GeForce RTX 3090, 8261, 24576, 89, 228.33
2026/08/01 17:13:37.576, NVIDIA GeForce RTX 3090, 8261, 24576, 44, 226.35
2026/08/01 17:13:38.626, NVIDIA GeForce RTX 3090, 8261, 24576, 61, 227.04
2026/08/01 17:13:39.692, NVIDIA GeForce RTX 3090, 8261, 24576, 52, 228.96
2026/08/01 17:13:40.742, NVIDIA GeForce RTX 3090, 8261, 24576, 100, 229.77
2026/08/01 17:13:41.790, NVIDIA GeForce RTX 3090, 8261, 24576, 74, 231.41
2026/08/01 17:13:42.856, NVIDIA GeForce RTX 3090, 8261, 24576, 92, 224.92
2026/08/01 17:13:43.906, NVIDIA GeForce RTX 3090, 8261, 24576, 52, 229.24
2026/08/01 17:13:44.954, NVIDIA GeForce RTX 3090, 8261, 24576, 100, 229.64
2026/08/01 17:13:46.001, NVIDIA GeForce RTX 3090, 8261, 24576, 61, 229.79
2026/08/01 17:13:47.049, NVIDIA GeForce RTX 3090, 8261, 24576, 100, 229.47
2026/08/01 17:13:48.097, NVIDIA GeForce RTX 3090, 8261, 24576, 50, 228.87
2026/08/01 17:13:49.145, NVIDIA GeForce RTX 3090, 8261, 24576, 94, 227.99
2026/08/01 17:13:50.193, NVIDIA GeForce RTX 3090, 8261, 24576, 49, 229.23
2026/08/01 17:13:51.256, NVIDIA GeForce RTX 3090, 8261, 24576, 100, 229.25
2026/08/01 17:13:52.305, NVIDIA GeForce RTX 3090, 8261, 24576, 52, 229.08
2026/08/01 17:13:53.350, NVIDIA GeForce RTX 3090, 8261, 24576, 64, 224.56
2026/08/01 17:13:54.398, NVIDIA GeForce RTX 3090, 8261, 24576, 34, 223.93
2026/08/01 17:13:55.445, NVIDIA GeForce RTX 3090, 8261, 24576, 59, 229.38
2026/08/01 17:13:56.533, NVIDIA GeForce RTX 3090, 8261, 24576, 90, 226.49
2026/08/01 17:13:57.582, NVIDIA GeForce RTX 3090, 8261, 24576, 47, 228.87
2026/08/01 17:13:58.648, NVIDIA GeForce RTX 3090, 8261, 24576, 96, 227.89
2026/08/01 17:13:59.698, NVIDIA GeForce RTX 3090, 8261, 24576, 70, 230.73
2026/08/01 17:14:00.745, NVIDIA GeForce RTX 3090, 8261, 24576, 100, 227.75
2026/08/01 17:14:01.794, NVIDIA GeForce RTX 3090, 8261, 24576, 67, 230.54
2026/08/01 17:14:02.842, NVIDIA GeForce RTX 3090, 8261, 24576, 92, 230.84
2026/08/01 17:14:03.890, NVIDIA GeForce RTX 3090, 8261, 24576, 92, 230.95
2026/08/01 17:14:04.941, NVIDIA GeForce RTX 3090, 8261, 24576, 36, 228.31
2026/08/01 17:14:05.989, NVIDIA GeForce RTX 3090, 8261, 24576, 49, 228.73
2026/08/01 17:14:07.037, NVIDIA GeForce RTX 3090, 8261, 24576, 43, 228.81
2026/08/01 17:14:08.100, NVIDIA GeForce RTX 3090, 8261, 24576, 53, 225.20
2026/08/01 17:14:09.150, NVIDIA GeForce RTX 3090, 8261, 24576, 43, 228.46
2026/08/01 17:14:10.216, NVIDIA GeForce RTX 3090, 8261, 24576, 56, 224.52
2026/08/01 17:14:11.262, NVIDIA GeForce RTX 3090, 8261, 24576, 93, 232.33
2026/08/01 17:14:12.310, NVIDIA GeForce RTX 3090, 8261, 24576, 61, 229.87
2026/08/01 17:14:13.362, NVIDIA GeForce RTX 3090, 8261, 24576, 100, 228.61
2026/08/01 17:14:14.432, NVIDIA GeForce RTX 3090, 8261, 24576, 85, 229.27
2026/08/01 17:14:15.478, NVIDIA GeForce RTX 3090, 8261, 24576, 100, 228.13
2026/08/01 17:14:16.568, NVIDIA GeForce RTX 3090, 8261, 24576, 92, 228.73
2026/08/01 17:14:17.640, NVIDIA GeForce RTX 3090, 8261, 24576, 51, 226.90
2026/08/01 17:14:18.689, NVIDIA GeForce RTX 3090, 8261, 24576, 44, 228.70
2026/08/01 17:14:19.737, NVIDIA GeForce RTX 3090, 8261, 24576, 58, 229.87
2026/08/01 17:14:20.786, NVIDIA GeForce RTX 3090, 8261, 24576, 35, 224.32
2026/08/01 17:14:21.832, NVIDIA GeForce RTX 3090, 8261, 24576, 65, 229.86
2026/08/01 17:14:22.882, NVIDIA GeForce RTX 3090, 8261, 24576, 37, 225.82
2026/08/01 17:14:23.931, NVIDIA GeForce RTX 3090, 8261, 24576, 79, 231.01
2026/08/01 17:14:24.978, NVIDIA GeForce RTX 3090, 8261, 24576, 44, 228.53
2026/08/01 17:14:26.026, NVIDIA GeForce RTX 3090, 8261, 24576, 100, 230.36
2026/08/01 17:14:27.096, NVIDIA GeForce RTX 3090, 8261, 24576, 87, 227.85
2026/08/01 17:14:28.145, NVIDIA GeForce RTX 3090, 8261, 24576, 79, 232.30
2026/08/01 17:14:29.236, NVIDIA GeForce RTX 3090, 8261, 24576, 49, 225.79
2026/08/01 17:14:30.286, NVIDIA GeForce RTX 3090, 8261, 24576, 54, 228.63
2026/08/01 17:14:31.333, NVIDIA GeForce RTX 3090, 8261, 24576, 42, 225.53
2026/08/01 17:14:32.382, NVIDIA GeForce RTX 3090, 8261, 24576, 69, 227.13
2026/08/01 17:14:33.434, NVIDIA GeForce RTX 3090, 8261, 24576, 43, 224.18
2026/08/01 17:14:34.482, NVIDIA GeForce RTX 3090, 8261, 24576, 92, 228.26
2026/08/01 17:14:35.530, NVIDIA GeForce RTX 3090, 8261, 24576, 56, 227.54
2026/08/01 17:14:36.578, NVIDIA GeForce RTX 3090, 8261, 24576, 52, 228.90
2026/08/01 17:14:37.626, NVIDIA GeForce RTX 3090, 8261, 24576, 42, 226.20
2026/08/01 17:14:38.713, NVIDIA GeForce RTX 3090, 8261, 24576, 52, 230.02
2026/08/01 17:14:39.761, NVIDIA GeForce RTX 3090, 8261, 24576, 44, 229.29
2026/08/01 17:14:40.810, NVIDIA GeForce RTX 3090, 8261, 24576, 55, 227.46
2026/08/01 17:14:41.875, NVIDIA GeForce RTX 3090, 8261, 24576, 51, 228.39
2026/08/01 17:14:42.921, NVIDIA GeForce RTX 3090, 8261, 24576, 94, 228.95
2026/08/01 17:14:43.970, NVIDIA GeForce RTX 3090, 8261, 24576, 51, 225.62
2026/08/01 17:14:45.017, NVIDIA GeForce RTX 3090, 8261, 24576, 91, 230.57
2026/08/01 17:14:46.066, NVIDIA GeForce RTX 3090, 8261, 24576, 52, 227.99
2026/08/01 17:14:47.113, NVIDIA GeForce RTX 3090, 8261, 24576, 57, 229.54
2026/08/01 17:14:48.162, NVIDIA GeForce RTX 3090, 8261, 24576, 69, 230.80
2026/08/01 17:14:49.231, NVIDIA GeForce RTX 3090, 8261, 24576, 91, 228.82
2026/08/01 17:14:50.304, NVIDIA GeForce RTX 3090, 8261, 24576, 90, 228.49
2026/08/01 17:14:51.354, NVIDIA GeForce RTX 3090, 8261, 24576, 78, 231.97
2026/08/01 17:14:52.402, NVIDIA GeForce RTX 3090, 8261, 24576, 92, 232.02
2026/08/01 17:14:53.452, NVIDIA GeForce RTX 3090, 8261, 24576, 56, 225.06
2026/08/01 17:14:54.502, NVIDIA GeForce RTX 3090, 8261, 24576, 92, 230.18
2026/08/01 17:14:55.554, NVIDIA GeForce RTX 3090, 8261, 24576, 47, 224.99
2026/08/01 17:14:56.628, NVIDIA GeForce RTX 3090, 8261, 24576, 40, 225.64
2026/08/01 17:14:57.678, NVIDIA GeForce RTX 3090, 8261, 24576, 58, 227.96
2026/08/01 17:14:58.744, NVIDIA GeForce RTX 3090, 8261, 24576, 43, 224.73
2026/08/01 17:14:59.812, NVIDIA GeForce RTX 3090, 8261, 24576, 100, 234.30
2026/08/01 17:15:00.862, NVIDIA GeForce RTX 3090, 8261, 24576, 62, 228.49
2026/08/01 17:15:01.948, NVIDIA GeForce RTX 3090, 8261, 24576, 100, 229.22
2026/08/01 17:15:02.994, NVIDIA GeForce RTX 3090, 8261, 24576, 45, 228.15
2026/08/01 17:15:04.060, NVIDIA GeForce RTX 3090, 8261, 24576, 80, 226.64
2026/08/01 17:15:05.110, NVIDIA GeForce RTX 3090, 8261, 24576, 58, 232.04
2026/08/01 17:15:06.253, NVIDIA GeForce RTX 3090, 8261, 24576, 59, 224.82
2026/08/01 17:15:07.320, NVIDIA GeForce RTX 3090, 8261, 24576, 66, 229.63
2026/08/01 17:15:08.388, NVIDIA GeForce RTX 3090, 8261, 24576, 45, 226.32
2026/08/01 17:15:09.438, NVIDIA GeForce RTX 3090, 8261, 24576, 60, 229.85
2026/08/01 17:15:10.524, NVIDIA GeForce RTX 3090, 8261, 24576, 100, 229.13
2026/08/01 17:15:11.592, NVIDIA GeForce RTX 3090, 8261, 24576, 53, 228.56
2026/08/01 17:15:12.647, NVIDIA GeForce RTX 3090, 8261, 24576, 98, 228.54
2026/08/01 17:15:13.724, NVIDIA GeForce RTX 3090, 8261, 24576, 87, 230.42
2026/08/01 17:15:14.787, NVIDIA GeForce RTX 3090, 8261, 24576, 97, 227.89
2026/08/01 17:15:15.852, NVIDIA GeForce RTX 3090, 8261, 24576, 92, 226.40
2026/08/01 17:15:16.897, NVIDIA GeForce RTX 3090, 8261, 24576, 95, 229.11
2026/08/01 17:15:17.942, NVIDIA GeForce RTX 3090, 8261, 24576, 85, 231.36
2026/08/01 17:15:18.989, NVIDIA GeForce RTX 3090, 8261, 24576, 100, 228.30
2026/08/01 17:15:20.060, NVIDIA GeForce RTX 3090, 8261, 24576, 86, 229.77
2026/08/01 17:15:21.110, NVIDIA GeForce RTX 3090, 8261, 24576, 51, 227.79
2026/08/01 17:15:22.162, NVIDIA GeForce RTX 3090, 8261, 24576, 73, 227.33
2026/08/01 17:15:23.232, NVIDIA GeForce RTX 3090, 8261, 24576, 38, 224.62
2026/08/01 17:15:24.282, NVIDIA GeForce RTX 3090, 8261, 24576, 44, 228.94
2026/08/01 17:15:25.330, NVIDIA GeForce RTX 3090, 8261, 24576, 41, 226.73
2026/08/01 17:15:26.378, NVIDIA GeForce RTX 3090, 8261, 24576, 43, 227.65
2026/08/01 17:15:27.448, NVIDIA GeForce RTX 3090, 8261, 24576, 98, 234.81
2026/08/01 17:15:28.520, NVIDIA GeForce RTX 3090, 8261, 24576, 48, 229.13
2026/08/01 17:15:29.571, NVIDIA GeForce RTX 3090, 8261, 24576, 78, 230.38
2026/08/01 17:15:30.622, NVIDIA GeForce RTX 3090, 8261, 24576, 38, 226.81
2026/08/01 17:15:31.712, NVIDIA GeForce RTX 3090, 8261, 24576, 61, 227.11
2026/08/01 17:15:32.780, NVIDIA GeForce RTX 3090, 8261, 24576, 62, 227.82
2026/08/01 17:15:33.830, NVIDIA GeForce RTX 3090, 8261, 24576, 97, 227.58
2026/08/01 17:15:34.900, NVIDIA GeForce RTX 3090, 8261, 24576, 68, 228.50
2026/08/01 17:15:35.968, NVIDIA GeForce RTX 3090, 8261, 24576, 100, 228.09
2026/08/01 17:15:37.052, NVIDIA GeForce RTX 3090, 8261, 24576, 91, 226.97
2026/08/01 17:15:38.098, NVIDIA GeForce RTX 3090, 8261, 24576, 100, 226.70
2026/08/01 17:15:39.188, NVIDIA GeForce RTX 3090, 8261, 24576, 87, 228.72
2026/08/01 17:15:40.256, NVIDIA GeForce RTX 3090, 8261, 24576, 50, 226.40
2026/08/01 17:15:41.324, NVIDIA GeForce RTX 3090, 8261, 24576, 100, 232.43
2026/08/01 17:15:42.400, NVIDIA GeForce RTX 3090, 8261, 24576, 72, 229.40
2026/08/01 17:15:43.446, NVIDIA GeForce RTX 3090, 8261, 24576, 100, 227.93
2026/08/01 17:15:44.498, NVIDIA GeForce RTX 3090, 8261, 24576, 100, 229.28
2026/08/01 17:15:45.550, NVIDIA GeForce RTX 3090, 8261, 24576, 92, 225.99
2026/08/01 17:15:46.620, NVIDIA GeForce RTX 3090, 8261, 24576, 80, 227.81
2026/08/01 17:15:47.666, NVIDIA GeForce RTX 3090, 8261, 24576, 100, 228.78
2026/08/01 17:15:48.714, NVIDIA GeForce RTX 3090, 8261, 24576, 75, 229.09
2026/08/01 17:15:49.765, NVIDIA GeForce RTX 3090, 8261, 24576, 85, 233.08
2026/08/01 17:15:50.814, NVIDIA GeForce RTX 3090, 8261, 24576, 56, 225.09
2026/08/01 17:15:51.861, NVIDIA GeForce RTX 3090, 8261, 24576, 61, 229.79
2026/08/01 17:15:52.909, NVIDIA GeForce RTX 3090, 8261, 24576, 42, 224.88
2026/08/01 17:15:53.976, NVIDIA GeForce RTX 3090, 8261, 24576, 70, 228.61
2026/08/01 17:15:55.026, NVIDIA GeForce RTX 3090, 8261, 24576, 62, 228.23
2026/08/01 17:15:56.092, NVIDIA GeForce RTX 3090, 8261, 24576, 32, 230.36
2026/08/01 17:15:57.121, NVIDIA GeForce RTX 3090, 8261, 24576, 100, 234.53
2026/08/01 17:15:58.170, NVIDIA GeForce RTX 3090, 8261, 24576, 44, 226.40
2026/08/01 17:15:59.218, NVIDIA GeForce RTX 3090, 8261, 24576, 96, 230.96
2026/08/01 17:16:00.265, NVIDIA GeForce RTX 3090, 8261, 24576, 53, 229.66
2026/08/01 17:16:01.333, NVIDIA GeForce RTX 3090, 8261, 24576, 84, 226.57
2026/08/01 17:16:02.362, NVIDIA GeForce RTX 3090, 8261, 24576, 38, 224.66
2026/08/01 17:16:03.410, NVIDIA GeForce RTX 3090, 8261, 24576, 91, 231.87
2026/08/01 17:16:04.457, NVIDIA GeForce RTX 3090, 8261, 24576, 74, 230.34
2026/08/01 17:16:05.510, NVIDIA GeForce RTX 3090, 8261, 24576, 92, 229.47
2026/08/01 17:16:06.580, NVIDIA GeForce RTX 3090, 8261, 24576, 83, 230.00
2026/08/01 17:16:07.672, NVIDIA GeForce RTX 3090, 8261, 24576, 92, 231.91
2026/08/01 17:16:08.726, NVIDIA GeForce RTX 3090, 8261, 24576, 46, 224.89
2026/08/01 17:16:09.774, NVIDIA GeForce RTX 3090, 8261, 24576, 64, 229.79
2026/08/01 17:16:10.822, NVIDIA GeForce RTX 3090, 8261, 24576, 50, 229.13
2026/08/01 17:16:11.911, NVIDIA GeForce RTX 3090, 8261, 24576, 97, 230.40
2026/08/01 17:16:12.962, NVIDIA GeForce RTX 3090, 8261, 24576, 100, 232.46
2026/08/01 17:16:14.032, NVIDIA GeForce RTX 3090, 8261, 24576, 88, 229.76
2026/08/01 17:16:15.116, NVIDIA GeForce RTX 3090, 8261, 24576, 71, 224.07
2026/08/01 17:16:16.170, NVIDIA GeForce RTX 3090, 8261, 24576, 92, 228.85
2026/08/01 17:16:17.236, NVIDIA GeForce RTX 3090, 8261, 24576, 54, 227.62
2026/08/01 17:16:18.286, NVIDIA GeForce RTX 3090, 8261, 24576, 80, 229.47
2026/08/01 17:16:19.334, NVIDIA GeForce RTX 3090, 8261, 24576, 43, 224.85
2026/08/01 17:16:20.382, NVIDIA GeForce RTX 3090, 8261, 24576, 68, 230.74
2026/08/01 17:16:21.430, NVIDIA GeForce RTX 3090, 8261, 24576, 41, 227.62
2026/08/01 17:16:22.478, NVIDIA GeForce RTX 3090, 8261, 24576, 57, 226.76
2026/08/01 17:16:23.526, NVIDIA GeForce RTX 3090, 8261, 24576, 42, 224.98
2026/08/01 17:16:24.611, NVIDIA GeForce RTX 3090, 8261, 24576, 64, 229.32
2026/08/01 17:16:25.656, NVIDIA GeForce RTX 3090, 8261, 24576, 63, 224.17
2026/08/01 17:16:26.706, NVIDIA GeForce RTX 3090, 8261, 24576, 42, 225.07
2026/08/01 17:16:27.757, NVIDIA GeForce RTX 3090, 8261, 24576, 89, 228.42
2026/08/01 17:16:28.824, NVIDIA GeForce RTX 3090, 8261, 24576, 48, 228.31
2026/08/01 17:16:29.869, NVIDIA GeForce RTX 3090, 8261, 24576, 54, 228.86
2026/08/01 17:16:30.921, NVIDIA GeForce RTX 3090, 8261, 24576, 100, 233.62
2026/08/01 17:16:31.969, NVIDIA GeForce RTX 3090, 8261, 24576, 64, 229.20
2026/08/01 17:16:33.017, NVIDIA GeForce RTX 3090, 8261, 24576, 100, 229.56
2026/08/01 17:16:34.088, NVIDIA GeForce RTX 3090, 8261, 24576, 72, 229.20
2026/08/01 17:16:35.137, NVIDIA GeForce RTX 3090, 8261, 24576, 100, 227.34
2026/08/01 17:16:36.182, NVIDIA GeForce RTX 3090, 8261, 24576, 46, 227.01
2026/08/01 17:16:37.229, NVIDIA GeForce RTX 3090, 8261, 24576, 48, 224.40
2026/08/01 17:16:38.316, NVIDIA GeForce RTX 3090, 8261, 24576, 90, 227.21
2026/08/01 17:16:39.365, NVIDIA GeForce RTX 3090, 8261, 24576, 49, 229.69
2026/08/01 17:16:40.452, NVIDIA GeForce RTX 3090, 8261, 24576, 88, 230.92
2026/08/01 17:16:41.524, NVIDIA GeForce RTX 3090, 8261, 24576, 45, 224.84
2026/08/01 17:16:42.612, NVIDIA GeForce RTX 3090, 8261, 24576, 63, 229.68
2026/08/01 17:16:43.680, NVIDIA GeForce RTX 3090, 8261, 24576, 50, 226.16
2026/08/01 17:16:44.729, NVIDIA GeForce RTX 3090, 8261, 24576, 96, 231.75
2026/08/01 17:16:45.778, NVIDIA GeForce RTX 3090, 8261, 24576, 53, 228.91
2026/08/01 17:16:46.843, NVIDIA GeForce RTX 3090, 8261, 24576, 73, 226.93
2026/08/01 17:16:47.890, NVIDIA GeForce RTX 3090, 8261, 24576, 39, 228.45
2026/08/01 17:16:48.937, NVIDIA GeForce RTX 3090, 8261, 24576, 97, 234.08
2026/08/01 17:16:50.028, NVIDIA GeForce RTX 3090, 8261, 24576, 91, 228.90
2026/08/01 17:16:51.077, NVIDIA GeForce RTX 3090, 8261, 24576, 94, 230.01
2026/08/01 17:16:52.125, NVIDIA GeForce RTX 3090, 8261, 24576, 92, 227.39
2026/08/01 17:16:53.174, NVIDIA GeForce RTX 3090, 8261, 24576, 95, 228.59
2026/08/01 17:16:54.264, NVIDIA GeForce RTX 3090, 8261, 24576, 92, 230.11
2026/08/01 17:16:55.314, NVIDIA GeForce RTX 3090, 8261, 24576, 67, 225.30
2026/08/01 17:16:56.380, NVIDIA GeForce RTX 3090, 8261, 24576, 92, 229.94
2026/08/01 17:16:57.452, NVIDIA GeForce RTX 3090, 8261, 24576, 49, 226.99
2026/08/01 17:16:58.502, NVIDIA GeForce RTX 3090, 8261, 24576, 92, 227.96
2026/08/01 17:16:59.588, NVIDIA GeForce RTX 3090, 8261, 24576, 56, 227.61
2026/08/01 17:17:00.638, NVIDIA GeForce RTX 3090, 8261, 24576, 40, 225.61
2026/08/01 17:17:01.686, NVIDIA GeForce RTX 3090, 8261, 24576, 58, 227.81
2026/08/01 17:17:02.734, NVIDIA GeForce RTX 3090, 8261, 24576, 42, 224.93
2026/08/01 17:17:03.782, NVIDIA GeForce RTX 3090, 8261, 24576, 70, 228.37
2026/08/01 17:17:04.848, NVIDIA GeForce RTX 3090, 8261, 24576, 37, 225.11
2026/08/01 17:17:05.916, NVIDIA GeForce RTX 3090, 8261, 24576, 56, 228.69
2026/08/01 17:17:06.965, NVIDIA GeForce RTX 3090, 8261, 24576, 52, 225.70
2026/08/01 17:17:08.014, NVIDIA GeForce RTX 3090, 8261, 24576, 68, 228.99
2026/08/01 17:17:09.080, NVIDIA GeForce RTX 3090, 8261, 24576, 41, 224.67
2026/08/01 17:17:10.147, NVIDIA GeForce RTX 3090, 8261, 24576, 43, 228.45
2026/08/01 17:17:11.194, NVIDIA GeForce RTX 3090, 8261, 24576, 45, 224.81
2026/08/01 17:17:12.264, NVIDIA GeForce RTX 3090, 8261, 24576, 100, 233.64
2026/08/01 17:17:13.360, NVIDIA GeForce RTX 3090, 8261, 24576, 68, 229.61
2026/08/01 17:17:14.414, NVIDIA GeForce RTX 3090, 8261, 24576, 49, 225.52
2026/08/01 17:17:15.462, NVIDIA GeForce RTX 3090, 8261, 24576, 55, 228.72
2026/08/01 17:17:16.528, NVIDIA GeForce RTX 3090, 8261, 24576, 61, 230.11
2026/08/01 17:17:17.616, NVIDIA GeForce RTX 3090, 8261, 24576, 100, 228.99
2026/08/01 17:17:18.684, NVIDIA GeForce RTX 3090, 8261, 24576, 39, 225.46
2026/08/01 17:17:19.752, NVIDIA GeForce RTX 3090, 8261, 24576, 78, 230.07
2026/08/01 17:17:20.844, NVIDIA GeForce RTX 3090, 8261, 24576, 100, 227.36
2026/08/01 17:17:21.940, NVIDIA GeForce RTX 3090, 8261, 24576, 90, 228.25
2026/08/01 17:17:23.008, NVIDIA GeForce RTX 3090, 8261, 24576, 51, 227.58
2026/08/01 17:17:24.097, NVIDIA GeForce RTX 3090, 8261, 24576, 61, 228.60
2026/08/01 17:17:25.146, NVIDIA GeForce RTX 3090, 8261, 24576, 67, 230.73
2026/08/01 17:17:26.194, NVIDIA GeForce RTX 3090, 8261, 24576, 61, 227.57
2026/08/01 17:17:27.246, NVIDIA GeForce RTX 3090, 8261, 24576, 50, 225.80
2026/08/01 17:17:28.313, NVIDIA GeForce RTX 3090, 8261, 24576, 44, 228.18
2026/08/01 17:17:29.361, NVIDIA GeForce RTX 3090, 8261, 24576, 72, 231.08
2026/08/01 17:17:30.410, NVIDIA GeForce RTX 3090, 8261, 24576, 65, 232.90
2026/08/01 17:17:31.462, NVIDIA GeForce RTX 3090, 8261, 24576, 100, 229.01
2026/08/01 17:17:32.548, NVIDIA GeForce RTX 3090, 8261, 24576, 57, 229.63
2026/08/01 17:17:33.624, NVIDIA GeForce RTX 3090, 8261, 24576, 45, 224.79
2026/08/01 17:17:34.691, NVIDIA GeForce RTX 3090, 8261, 24576, 71, 228.76
2026/08/01 17:17:35.740, NVIDIA GeForce RTX 3090, 8261, 24576, 35, 224.25
2026/08/01 17:17:36.808, NVIDIA GeForce RTX 3090, 8261, 24576, 63, 231.58
2026/08/01 17:17:37.896, NVIDIA GeForce RTX 3090, 8261, 24576, 48, 225.86
2026/08/01 17:17:38.979, NVIDIA GeForce RTX 3090, 8261, 24576, 61, 228.61
2026/08/01 17:17:40.052, NVIDIA GeForce RTX 3090, 8261, 24576, 91, 232.74
2026/08/01 17:17:41.124, NVIDIA GeForce RTX 3090, 8261, 24576, 64, 229.75
2026/08/01 17:17:42.170, NVIDIA GeForce RTX 3090, 8261, 24576, 55, 228.80
2026/08/01 17:17:43.236, NVIDIA GeForce RTX 3090, 8261, 24576, 51, 228.86
2026/08/01 17:17:44.286, NVIDIA GeForce RTX 3090, 8261, 24576, 40, 228.32
2026/08/01 17:17:45.333, NVIDIA GeForce RTX 3090, 8261, 24576, 61, 228.43
2026/08/01 17:17:46.419, NVIDIA GeForce RTX 3090, 8261, 24576, 100, 229.14
2026/08/01 17:17:47.466, NVIDIA GeForce RTX 3090, 8261, 24576, 100, 229.62
2026/08/01 17:17:48.513, NVIDIA GeForce RTX 3090, 8261, 24576, 70, 229.70
2026/08/01 17:17:49.606, NVIDIA GeForce RTX 3090, 8261, 24576, 94, 226.61
2026/08/01 17:17:50.631, NVIDIA GeForce RTX 3090, 8261, 24576, 91, 226.80
2026/08/01 17:17:51.677, NVIDIA GeForce RTX 3090, 8261, 24576, 100, 231.70
2026/08/01 17:17:52.705, NVIDIA GeForce RTX 3090, 8261, 24576, 84, 231.79
2026/08/01 17:17:53.757, NVIDIA GeForce RTX 3090, 8261, 24576, 92, 229.23
2026/08/01 17:17:54.805, NVIDIA GeForce RTX 3090, 8261, 24576, 97, 228.96
2026/08/01 17:17:55.849, NVIDIA GeForce RTX 3090, 8261, 24576, 92, 228.52
2026/08/01 17:17:56.893, NVIDIA GeForce RTX 3090, 8261, 24576, 82, 226.39
2026/08/01 17:17:57.941, NVIDIA GeForce RTX 3090, 8261, 24576, 95, 227.92
2026/08/01 17:17:58.990, NVIDIA GeForce RTX 3090, 8261, 24576, 97, 231.90
2026/08/01 17:18:00.060, NVIDIA GeForce RTX 3090, 8261, 24576, 70, 230.70
2026/08/01 17:18:01.114, NVIDIA GeForce RTX 3090, 8261, 24576, 92, 227.03
2026/08/01 17:18:02.180, NVIDIA GeForce RTX 3090, 8261, 24576, 56, 226.31
2026/08/01 17:18:03.268, NVIDIA GeForce RTX 3090, 8261, 24576, 45, 229.04
2026/08/01 17:18:04.318, NVIDIA GeForce RTX 3090, 8261, 24576, 46, 228.54
2026/08/01 17:18:05.408, NVIDIA GeForce RTX 3090, 8261, 24576, 58, 229.94
2026/08/01 17:18:06.457, NVIDIA GeForce RTX 3090, 8261, 24576, 95, 229.60
2026/08/01 17:18:07.505, NVIDIA GeForce RTX 3090, 8261, 24576, 100, 231.36
2026/08/01 17:18:08.568, NVIDIA GeForce RTX 3090, 8261, 24576, 92, 227.33
2026/08/01 17:18:09.617, NVIDIA GeForce RTX 3090, 8261, 24576, 62, 226.97
2026/08/01 17:18:10.680, NVIDIA GeForce RTX 3090, 8261, 24576, 99, 229.13
2026/08/01 17:18:11.747, NVIDIA GeForce RTX 3090, 8261, 24576, 72, 228.74
2026/08/01 17:18:12.797, NVIDIA GeForce RTX 3090, 8261, 24576, 100, 227.21
2026/08/01 17:18:13.849, NVIDIA GeForce RTX 3090, 8261, 24576, 92, 227.90
2026/08/01 17:18:14.944, NVIDIA GeForce RTX 3090, 8261, 24576, 54, 227.44
2026/08/01 17:18:15.994, NVIDIA GeForce RTX 3090, 8261, 24576, 74, 228.78
2026/08/01 17:18:17.060, NVIDIA GeForce RTX 3090, 8261, 24576, 37, 224.83
2026/08/01 17:18:18.105, NVIDIA GeForce RTX 3090, 8261, 24576, 71, 228.50
2026/08/01 17:18:19.154, NVIDIA GeForce RTX 3090, 8261, 24576, 58, 226.60
2026/08/01 17:18:20.206, NVIDIA GeForce RTX 3090, 8261, 24576, 48, 228.62
2026/08/01 17:18:21.292, NVIDIA GeForce RTX 3090, 8261, 24576, 75, 231.20
2026/08/01 17:18:22.341, NVIDIA GeForce RTX 3090, 8261, 24576, 100, 226.78
2026/08/01 17:18:23.385, NVIDIA GeForce RTX 3090, 8261, 24576, 58, 229.77
2026/08/01 17:18:24.429, NVIDIA GeForce RTX 3090, 8261, 24576, 100, 229.23
2026/08/01 17:18:25.473, NVIDIA GeForce RTX 3090, 8261, 24576, 100, 234.02
2026/08/01 17:18:26.517, NVIDIA GeForce RTX 3090, 8261, 24576, 84, 229.12
2026/08/01 17:18:27.587, NVIDIA GeForce RTX 3090, 8261, 24576, 96, 227.39
2026/08/01 17:18:28.639, NVIDIA GeForce RTX 3090, 8261, 24576, 86, 228.56
2026/08/01 17:18:29.687, NVIDIA GeForce RTX 3090, 8261, 24576, 92, 229.15
2026/08/01 17:18:30.733, NVIDIA GeForce RTX 3090, 8261, 24576, 52, 228.52
2026/08/01 17:18:31.823, NVIDIA GeForce RTX 3090, 8261, 24576, 38, 224.66
2026/08/01 17:18:32.882, NVIDIA GeForce RTX 3090, 8261, 24576, 74, 228.19
2026/08/01 17:18:33.933, NVIDIA GeForce RTX 3090, 8261, 24576, 44, 223.93
2026/08/01 17:18:34.981, NVIDIA GeForce RTX 3090, 8261, 24576, 92, 226.84
2026/08/01 17:18:36.025, NVIDIA GeForce RTX 3090, 8261, 24576, 72, 227.15
2026/08/01 17:18:37.077, NVIDIA GeForce RTX 3090, 8261, 24576, 100, 227.74
2026/08/01 17:18:38.164, NVIDIA GeForce RTX 3090, 8261, 24576, 55, 229.48
2026/08/01 17:18:39.191, NVIDIA GeForce RTX 3090, 8261, 24576, 73, 229.08
2026/08/01 17:18:40.237, NVIDIA GeForce RTX 3090, 8261, 24576, 39, 224.93
2026/08/01 17:18:41.285, NVIDIA GeForce RTX 3090, 8261, 24576, 62, 228.64
2026/08/01 17:18:42.333, NVIDIA GeForce RTX 3090, 8261, 24576, 53, 227.43
2026/08/01 17:18:43.382, NVIDIA GeForce RTX 3090, 8261, 24576, 46, 228.78
2026/08/01 17:18:44.412, NVIDIA GeForce RTX 3090, 8261, 24576, 71, 229.28
2026/08/01 17:18:45.476, NVIDIA GeForce RTX 3090, 8261, 24576, 41, 224.58
2026/08/01 17:18:46.505, NVIDIA GeForce RTX 3090, 8261, 24576, 92, 226.74
2026/08/01 17:18:47.596, NVIDIA GeForce RTX 3090, 8261, 24576, 68, 225.88
2026/08/01 17:18:48.683, NVIDIA GeForce RTX 3090, 8261, 24576, 47, 225.54
2026/08/01 17:18:49.729, NVIDIA GeForce RTX 3090, 8261, 24576, 82, 230.14
2026/08/01 17:18:50.773, NVIDIA GeForce RTX 3090, 8261, 24576, 56, 228.87
2026/08/01 17:18:51.804, NVIDIA GeForce RTX 3090, 8261, 24576, 51, 227.02
2026/08/01 17:18:52.868, NVIDIA GeForce RTX 3090, 8261, 24576, 54, 229.63
2026/08/01 17:18:53.931, NVIDIA GeForce RTX 3090, 8261, 24576, 96, 228.11
2026/08/01 17:18:54.999, NVIDIA GeForce RTX 3090, 8261, 24576, 99, 230.90
2026/08/01 17:18:56.095, NVIDIA GeForce RTX 3090, 8261, 24576, 92, 227.11
2026/08/01 17:18:57.146, NVIDIA GeForce RTX 3090, 8261, 24576, 44, 225.79
2026/08/01 17:18:58.211, NVIDIA GeForce RTX 3090, 8261, 24576, 61, 229.34
2026/08/01 17:18:59.275, NVIDIA GeForce RTX 3090, 8261, 24576, 72, 231.21
2026/08/01 17:19:00.322, NVIDIA GeForce RTX 3090, 8261, 24576, 96, 226.30
2026/08/01 17:19:01.370, NVIDIA GeForce RTX 3090, 8261, 24576, 72, 230.77
2026/08/01 17:19:02.456, NVIDIA GeForce RTX 3090, 8261, 24576, 100, 226.87
2026/08/01 17:19:03.532, NVIDIA GeForce RTX 3090, 8261, 24576, 82, 229.52
2026/08/01 17:19:04.579, NVIDIA GeForce RTX 3090, 8261, 24576, 96, 229.40
2026/08/01 17:19:05.648, NVIDIA GeForce RTX 3090, 8261, 24576, 58, 228.86
2026/08/01 17:19:06.720, NVIDIA GeForce RTX 3090, 8261, 24576, 50, 229.50
2026/08/01 17:19:07.788, NVIDIA GeForce RTX 3090, 8261, 24576, 34, 224.39
2026/08/01 17:19:08.876, NVIDIA GeForce RTX 3090, 8261, 24576, 61, 229.72
2026/08/01 17:19:09.940, NVIDIA GeForce RTX 3090, 8261, 24576, 100, 228.88
2026/08/01 17:19:10.989, NVIDIA GeForce RTX 3090, 8261, 24576, 42, 227.86
2026/08/01 17:19:12.080, NVIDIA GeForce RTX 3090, 8261, 24576, 91, 227.90
2026/08/01 17:19:13.126, NVIDIA GeForce RTX 3090, 8261, 24576, 92, 229.82
2026/08/01 17:19:14.179, NVIDIA GeForce RTX 3090, 8261, 24576, 92, 230.84
2026/08/01 17:19:15.248, NVIDIA GeForce RTX 3090, 8261, 24576, 65, 228.17
2026/08/01 17:19:16.293, NVIDIA GeForce RTX 3090, 8261, 24576, 92, 228.23
2026/08/01 17:19:17.364, NVIDIA GeForce RTX 3090, 8261, 24576, 71, 228.04
2026/08/01 17:19:18.432, NVIDIA GeForce RTX 3090, 8261, 24576, 45, 229.28
2026/08/01 17:19:19.486, NVIDIA GeForce RTX 3090, 8261, 24576, 69, 224.24
2026/08/01 17:19:20.576, NVIDIA GeForce RTX 3090, 8261, 24576, 45, 224.16
2026/08/01 17:19:21.642, NVIDIA GeForce RTX 3090, 8261, 24576, 54, 229.46
2026/08/01 17:19:22.708, NVIDIA GeForce RTX 3090, 8261, 24576, 32, 224.03
2026/08/01 17:19:23.758, NVIDIA GeForce RTX 3090, 8261, 24576, 48, 228.98
2026/08/01 17:19:24.844, NVIDIA GeForce RTX 3090, 8261, 24576, 87, 226.30
2026/08/01 17:19:25.890, NVIDIA GeForce RTX 3090, 8261, 24576, 38, 225.95
2026/08/01 17:19:26.955, NVIDIA GeForce RTX 3090, 8261, 24576, 93, 230.94
2026/08/01 17:19:28.024, NVIDIA GeForce RTX 3090, 8261, 24576, 92, 226.18
2026/08/01 17:19:29.079, NVIDIA GeForce RTX 3090, 8261, 24576, 100, 231.72
2026/08/01 17:19:30.129, NVIDIA GeForce RTX 3090, 8261, 24576, 75, 228.67
2026/08/01 17:19:31.173, NVIDIA GeForce RTX 3090, 8261, 24576, 100, 227.69
2026/08/01 17:19:32.248, NVIDIA GeForce RTX 3090, 8261, 24576, 91, 226.33
2026/08/01 17:19:33.336, NVIDIA GeForce RTX 3090, 8261, 24576, 37, 226.14
2026/08/01 17:19:34.428, NVIDIA GeForce RTX 3090, 8261, 24576, 62, 229.12
2026/08/01 17:19:35.477, NVIDIA GeForce RTX 3090, 8261, 24576, 52, 229.27
2026/08/01 17:19:36.526, NVIDIA GeForce RTX 3090, 8261, 24576, 61, 227.09
2026/08/01 17:19:37.592, NVIDIA GeForce RTX 3090, 8261, 24576, 40, 226.70
2026/08/01 17:19:38.642, NVIDIA GeForce RTX 3090, 8261, 24576, 84, 228.69
2026/08/01 17:19:39.708, NVIDIA GeForce RTX 3090, 8261, 24576, 37, 225.06
2026/08/01 17:19:40.800, NVIDIA GeForce RTX 3090, 8261, 24576, 96, 232.44
2026/08/01 17:19:41.883, NVIDIA GeForce RTX 3090, 8261, 24576, 92, 229.18
2026/08/01 17:19:42.934, NVIDIA GeForce RTX 3090, 8261, 24576, 45, 225.15
2026/08/01 17:19:43.985, NVIDIA GeForce RTX 3090, 8261, 24576, 91, 228.54
2026/08/01 17:19:45.037, NVIDIA GeForce RTX 3090, 8261, 24576, 30, 225.02
2026/08/01 17:19:46.093, NVIDIA GeForce RTX 3090, 8261, 24576, 82, 228.64
2026/08/01 17:19:47.164, NVIDIA GeForce RTX 3090, 8261, 24576, 33, 224.21
2026/08/01 17:19:48.214, NVIDIA GeForce RTX 3090, 8261, 24576, 40, 228.72
2026/08/01 17:19:49.265, NVIDIA GeForce RTX 3090, 8261, 24576, 51, 224.75
2026/08/01 17:19:50.313, NVIDIA GeForce RTX 3090, 8261, 24576, 88, 229.69
2026/08/01 17:19:51.385, NVIDIA GeForce RTX 3090, 8261, 24576, 35, 224.06
2026/08/01 17:19:52.453, NVIDIA GeForce RTX 3090, 8261, 24576, 57, 229.68
2026/08/01 17:19:53.502, NVIDIA GeForce RTX 3090, 8261, 24576, 42, 224.15
2026/08/01 17:19:54.550, NVIDIA GeForce RTX 3090, 8261, 24576, 82, 231.95
2026/08/01 17:19:55.640, NVIDIA GeForce RTX 3090, 8261, 24576, 92, 228.30
2026/08/01 17:19:56.704, NVIDIA GeForce RTX 3090, 8261, 24576, 97, 229.25
2026/08/01 17:19:57.758, NVIDIA GeForce RTX 3090, 8261, 24576, 66, 231.11
2026/08/01 17:19:58.832, NVIDIA GeForce RTX 3090, 8261, 24576, 38, 227.17
2026/08/01 17:19:59.900, NVIDIA GeForce RTX 3090, 8261, 24576, 31, 226.28
2026/08/01 17:20:00.950, NVIDIA GeForce RTX 3090, 8261, 24576, 62, 228.71
2026/08/01 17:20:01.997, NVIDIA GeForce RTX 3090, 8261, 24576, 83, 231.18
2026/08/01 17:20:03.068, NVIDIA GeForce RTX 3090, 8261, 24576, 100, 227.46
2026/08/01 17:20:04.113, NVIDIA GeForce RTX 3090, 8261, 24576, 62, 229.02
2026/08/01 17:20:05.165, NVIDIA GeForce RTX 3090, 8261, 24576, 100, 228.68
2026/08/01 17:20:06.209, NVIDIA GeForce RTX 3090, 8261, 24576, 52, 225.75
2026/08/01 17:20:07.300, NVIDIA GeForce RTX 3090, 8261, 24576, 97, 228.54
2026/08/01 17:20:08.345, NVIDIA GeForce RTX 3090, 8261, 24576, 92, 226.91
2026/08/01 17:20:09.416, NVIDIA GeForce RTX 3090, 8261, 24576, 42, 228.18
2026/08/01 17:20:10.461, NVIDIA GeForce RTX 3090, 8261, 24576, 79, 229.24
2026/08/01 17:20:11.510, NVIDIA GeForce RTX 3090, 8261, 24576, 100, 223.98
2026/08/01 17:20:12.557, NVIDIA GeForce RTX 3090, 8261, 24576, 92, 229.07
2026/08/01 17:20:13.605, NVIDIA GeForce RTX 3090, 8261, 24576, 100, 229.15
2026/08/01 17:20:14.657, NVIDIA GeForce RTX 3090, 8261, 24576, 92, 227.85
2026/08/01 17:20:15.705, NVIDIA GeForce RTX 3090, 8261, 24576, 79, 225.74
2026/08/01 17:20:16.749, NVIDIA GeForce RTX 3090, 8261, 24576, 92, 227.97
2026/08/01 17:20:17.801, NVIDIA GeForce RTX 3090, 8261, 24576, 90, 228.63
2026/08/01 17:20:18.892, NVIDIA GeForce RTX 3090, 8261, 24576, 69, 231.77
2026/08/01 17:20:19.942, NVIDIA GeForce RTX 3090, 8261, 24576, 54, 226.71
2026/08/01 17:20:20.989, NVIDIA GeForce RTX 3090, 8261, 24576, 52, 233.08
2026/08/01 17:20:22.060, NVIDIA GeForce RTX 3090, 8261, 24576, 100, 229.62
2026/08/01 17:20:23.105, NVIDIA GeForce RTX 3090, 8261, 24576, 71, 229.82
2026/08/01 17:20:24.154, NVIDIA GeForce RTX 3090, 8261, 24576, 100, 228.51
2026/08/01 17:20:25.205, NVIDIA GeForce RTX 3090, 8261, 24576, 90, 229.25
2026/08/01 17:20:26.252, NVIDIA GeForce RTX 3090, 8261, 24576, 89, 231.57
2026/08/01 17:20:27.297, NVIDIA GeForce RTX 3090, 8261, 24576, 93, 229.87
2026/08/01 17:20:28.388, NVIDIA GeForce RTX 3090, 8261, 24576, 59, 228.69
2026/08/01 17:20:29.437, NVIDIA GeForce RTX 3090, 8261, 24576, 37, 224.79
2026/08/01 17:20:30.504, NVIDIA GeForce RTX 3090, 8261, 24576, 76, 230.84
2026/08/01 17:20:31.554, NVIDIA GeForce RTX 3090, 8261, 24576, 41, 224.45
2026/08/01 17:20:32.601, NVIDIA GeForce RTX 3090, 8261, 24576, 63, 228.23
2026/08/01 17:20:33.668, NVIDIA GeForce RTX 3090, 8261, 24576, 38, 228.03
2026/08/01 17:20:34.760, NVIDIA GeForce RTX 3090, 8261, 24576, 100, 230.19
2026/08/01 17:20:35.810, NVIDIA GeForce RTX 3090, 8261, 24576, 91, 229.10
2026/08/01 17:20:36.856, NVIDIA GeForce RTX 3090, 8261, 24576, 92, 230.68
2026/08/01 17:20:37.902, NVIDIA GeForce RTX 3090, 8261, 24576, 100, 230.10
2026/08/01 17:20:38.947, NVIDIA GeForce RTX 3090, 8261, 24576, 59, 229.42
2026/08/01 17:20:39.997, NVIDIA GeForce RTX 3090, 8261, 24576, 100, 227.34
2026/08/01 17:20:41.026, NVIDIA GeForce RTX 3090, 8261, 24576, 84, 228.90
2026/08/01 17:20:42.096, NVIDIA GeForce RTX 3090, 8261, 24576, 100, 228.68
2026/08/01 17:20:43.160, NVIDIA GeForce RTX 3090, 8261, 24576, 78, 229.62
2026/08/01 17:20:44.211, NVIDIA GeForce RTX 3090, 8261, 24576, 50, 225.84
2026/08/01 17:20:45.276, NVIDIA GeForce RTX 3090, 8261, 24576, 29, 228.82
2026/08/01 17:20:46.326, NVIDIA GeForce RTX 3090, 8261, 24576, 44, 227.75
2026/08/01 17:20:47.374, NVIDIA GeForce RTX 3090, 8261, 24576, 52, 225.83
2026/08/01 17:20:48.440, NVIDIA GeForce RTX 3090, 8261, 24576, 52, 228.60
2026/08/01 17:20:49.508, NVIDIA GeForce RTX 3090, 8261, 24576, 34, 229.08
2026/08/01 17:20:50.596, NVIDIA GeForce RTX 3090, 8261, 24576, 63, 230.14
2026/08/01 17:20:51.680, NVIDIA GeForce RTX 3090, 8261, 24576, 91, 229.61
2026/08/01 17:20:52.734, NVIDIA GeForce RTX 3090, 8261, 24576, 50, 228.68
2026/08/01 17:20:53.813, NVIDIA GeForce RTX 3090, 8261, 24576, 36, 224.99
2026/08/01 17:20:54.865, NVIDIA GeForce RTX 3090, 8261, 24576, 71, 227.45
2026/08/01 17:20:55.917, NVIDIA GeForce RTX 3090, 8261, 24576, 48, 224.90
2026/08/01 17:20:56.969, NVIDIA GeForce RTX 3090, 8261, 24576, 48, 228.70
2026/08/01 17:20:58.018, NVIDIA GeForce RTX 3090, 8261, 24576, 41, 224.60
2026/08/01 17:20:59.070, NVIDIA GeForce RTX 3090, 8261, 24576, 34, 228.90
2026/08/01 17:21:00.143, NVIDIA GeForce RTX 3090, 8261, 24576, 53, 229.10
2026/08/01 17:21:01.198, NVIDIA GeForce RTX 3090, 8261, 24576, 100, 229.01
2026/08/01 17:21:02.272, NVIDIA GeForce RTX 3090, 8261, 24576, 53, 229.41
2026/08/01 17:21:03.368, NVIDIA GeForce RTX 3090, 8261, 24576, 100, 229.75
2026/08/01 17:21:04.444, NVIDIA GeForce RTX 3090, 8261, 24576, 75, 228.98
2026/08/01 17:21:05.493, NVIDIA GeForce RTX 3090, 8261, 24576, 56, 224.72
2026/08/01 17:21:06.568, NVIDIA GeForce RTX 3090, 8261, 24576, 81, 229.46
2026/08/01 17:21:07.618, NVIDIA GeForce RTX 3090, 8261, 24576, 38, 225.14
2026/08/01 17:21:08.708, NVIDIA GeForce RTX 3090, 8261, 24576, 92, 230.45
2026/08/01 17:21:09.780, NVIDIA GeForce RTX 3090, 8261, 24576, 100, 228.88
2026/08/01 17:21:10.830, NVIDIA GeForce RTX 3090, 8261, 24576, 69, 230.03
2026/08/01 17:21:11.884, NVIDIA GeForce RTX 3090, 8261, 24576, 92, 226.77
2026/08/01 17:21:12.938, NVIDIA GeForce RTX 3090, 8261, 24576, 60, 227.02
2026/08/01 17:21:14.032, NVIDIA GeForce RTX 3090, 8261, 24576, 38, 224.75
2026/08/01 17:21:15.086, NVIDIA GeForce RTX 3090, 8261, 24576, 70, 230.48
2026/08/01 17:21:16.134, NVIDIA GeForce RTX 3090, 8261, 24576, 42, 227.60
2026/08/01 17:21:17.186, NVIDIA GeForce RTX 3090, 8261, 24576, 97, 229.84
2026/08/01 17:21:18.234, NVIDIA GeForce RTX 3090, 8261, 24576, 51, 227.79
2026/08/01 17:21:19.265, NVIDIA GeForce RTX 3090, 8261, 24576, 41, 227.87
2026/08/01 17:21:20.314, NVIDIA GeForce RTX 3090, 8261, 24576, 64, 229.34
2026/08/01 17:21:21.362, NVIDIA GeForce RTX 3090, 8261, 24576, 68, 227.48
2026/08/01 17:21:22.410, NVIDIA GeForce RTX 3090, 8261, 24576, 37, 224.72
2026/08/01 17:21:23.458, NVIDIA GeForce RTX 3090, 8261, 24576, 78, 228.76
2026/08/01 17:21:24.524, NVIDIA GeForce RTX 3090, 8261, 24576, 43, 224.34
2026/08/01 17:21:25.574, NVIDIA GeForce RTX 3090, 8261, 24576, 100, 233.41
2026/08/01 17:21:26.664, NVIDIA GeForce RTX 3090, 8261, 24576, 56, 228.95
2026/08/01 17:21:27.736, NVIDIA GeForce RTX 3090, 8261, 24576, 100, 228.92
2026/08/01 17:21:28.809, NVIDIA GeForce RTX 3090, 8261, 24576, 63, 229.85
2026/08/01 17:21:29.876, NVIDIA GeForce RTX 3090, 8261, 24576, 43, 228.77
2026/08/01 17:21:30.944, NVIDIA GeForce RTX 3090, 8261, 24576, 37, 224.34
2026/08/01 17:21:32.008, NVIDIA GeForce RTX 3090, 8261, 24576, 37, 226.78
2026/08/01 17:21:33.092, NVIDIA GeForce RTX 3090, 8261, 24576, 83, 229.60
2026/08/01 17:21:34.138, NVIDIA GeForce RTX 3090, 8261, 24576, 52, 228.78
2026/08/01 17:21:35.204, NVIDIA GeForce RTX 3090, 8261, 24576, 74, 226.46
2026/08/01 17:21:36.268, NVIDIA GeForce RTX 3090, 8261, 24576, 98, 228.06
2026/08/01 17:21:37.356, NVIDIA GeForce RTX 3090, 8261, 24576, 84, 230.57
2026/08/01 17:21:38.440, NVIDIA GeForce RTX 3090, 8261, 24576, 95, 227.69
2026/08/01 17:21:39.508, NVIDIA GeForce RTX 3090, 8261, 24576, 48, 228.72
2026/08/01 17:21:40.558, NVIDIA GeForce RTX 3090, 8261, 24576, 74, 230.73
2026/08/01 17:21:41.606, NVIDIA GeForce RTX 3090, 8261, 24576, 33, 223.96
2026/08/01 17:21:42.654, NVIDIA GeForce RTX 3090, 8261, 24576, 92, 225.49
2026/08/01 17:21:43.705, NVIDIA GeForce RTX 3090, 8261, 24576, 70, 227.46
2026/08/01 17:21:44.768, NVIDIA GeForce RTX 3090, 8261, 24576, 38, 227.25
2026/08/01 17:21:45.814, NVIDIA GeForce RTX 3090, 8261, 24576, 75, 226.25
2026/08/01 17:21:46.861, NVIDIA GeForce RTX 3090, 8261, 24576, 74, 229.67
2026/08/01 17:21:47.928, NVIDIA GeForce RTX 3090, 8261, 24576, 46, 227.63
2026/08/01 17:21:48.978, NVIDIA GeForce RTX 3090, 8261, 24576, 67, 229.95
2026/08/01 17:21:50.048, NVIDIA GeForce RTX 3090, 8261, 24576, 32, 227.97
2026/08/01 17:21:51.102, NVIDIA GeForce RTX 3090, 8261, 24576, 67, 230.51
2026/08/01 17:21:52.153, NVIDIA GeForce RTX 3090, 8261, 24576, 91, 228.58
2026/08/01 17:21:53.206, NVIDIA GeForce RTX 3090, 8261, 24576, 70, 226.95
2026/08/01 17:21:54.258, NVIDIA GeForce RTX 3090, 8261, 24576, 98, 226.68
2026/08/01 17:21:55.310, NVIDIA GeForce RTX 3090, 8261, 24576, 55, 229.43
2026/08/01 17:21:56.362, NVIDIA GeForce RTX 3090, 8261, 24576, 100, 230.19
2026/08/01 17:21:57.414, NVIDIA GeForce RTX 3090, 8261, 24576, 84, 230.58
2026/08/01 17:21:58.484, NVIDIA GeForce RTX 3090, 8261, 24576, 92, 227.93
2026/08/01 17:21:59.580, NVIDIA GeForce RTX 3090, 8261, 24576, 30, 228.90
2026/08/01 17:22:00.656, NVIDIA GeForce RTX 3090, 8261, 24576, 39, 228.09
2026/08/01 17:22:01.710, NVIDIA GeForce RTX 3090, 8261, 24576, 58, 224.42
2026/08/01 17:22:02.784, NVIDIA GeForce RTX 3090, 8261, 24576, 39, 228.12
2026/08/01 17:22:03.838, NVIDIA GeForce RTX 3090, 8261, 24576, 31, 225.53
2026/08/01 17:22:04.911, NVIDIA GeForce RTX 3090, 8261, 24576, 64, 229.40
2026/08/01 17:22:05.961, NVIDIA GeForce RTX 3090, 8261, 24576, 100, 227.90
2026/08/01 17:22:07.013, NVIDIA GeForce RTX 3090, 8261, 24576, 53, 229.21
2026/08/01 17:22:08.061, NVIDIA GeForce RTX 3090, 8261, 24576, 98, 229.74
2026/08/01 17:22:09.160, NVIDIA GeForce RTX 3090, 8261, 24576, 92, 227.43
2026/08/01 17:22:10.213, NVIDIA GeForce RTX 3090, 8261, 24576, 99, 228.09
2026/08/01 17:22:11.289, NVIDIA GeForce RTX 3090, 8261, 24576, 69, 230.54
2026/08/01 17:22:12.341, NVIDIA GeForce RTX 3090, 8261, 24576, 48, 226.00
2026/08/01 17:22:13.416, NVIDIA GeForce RTX 3090, 8261, 24576, 51, 228.51
2026/08/01 17:22:14.465, NVIDIA GeForce RTX 3090, 8261, 24576, 42, 227.32
2026/08/01 17:22:15.513, NVIDIA GeForce RTX 3090, 8261, 24576, 60, 227.71
2026/08/01 17:22:16.588, NVIDIA GeForce RTX 3090, 8261, 24576, 100, 228.70
2026/08/01 17:22:17.641, NVIDIA GeForce RTX 3090, 8261, 24576, 55, 229.10
2026/08/01 17:22:18.716, NVIDIA GeForce RTX 3090, 8261, 24576, 95, 226.33
2026/08/01 17:22:19.765, NVIDIA GeForce RTX 3090, 8261, 24576, 46, 228.38
2026/08/01 17:22:20.817, NVIDIA GeForce RTX 3090, 8261, 24576, 92, 226.32
2026/08/01 17:22:21.891, NVIDIA GeForce RTX 3090, 8261, 24576, 62, 226.99
2026/08/01 17:22:22.946, NVIDIA GeForce RTX 3090, 8261, 24576, 49, 226.84
2026/08/01 17:22:24.020, NVIDIA GeForce RTX 3090, 8261, 24576, 71, 227.98
2026/08/01 17:22:25.052, NVIDIA GeForce RTX 3090, 8261, 24576, 54, 225.57
2026/08/01 17:22:26.087, NVIDIA GeForce RTX 3090, 8261, 24576, 52, 228.47
2026/08/01 17:22:27.137, NVIDIA GeForce RTX 3090, 8261, 24576, 50, 225.38
2026/08/01 17:22:28.236, NVIDIA GeForce RTX 3090, 8261, 24576, 88, 230.11
2026/08/01 17:22:29.312, NVIDIA GeForce RTX 3090, 8261, 24576, 65, 229.07
2026/08/01 17:22:30.362, NVIDIA GeForce RTX 3090, 8261, 24576, 100, 229.33
2026/08/01 17:22:31.456, NVIDIA GeForce RTX 3090, 8261, 24576, 85, 229.17
2026/08/01 17:22:32.548, NVIDIA GeForce RTX 3090, 8261, 24576, 51, 223.82
2026/08/01 17:22:33.593, NVIDIA GeForce RTX 3090, 8261, 24576, 92, 225.85
2026/08/01 17:22:34.667, NVIDIA GeForce RTX 3090, 8261, 24576, 72, 228.61
2026/08/01 17:22:35.709, NVIDIA GeForce RTX 3090, 8261, 24576, 92, 228.04
2026/08/01 17:22:36.760, NVIDIA GeForce RTX 3090, 8261, 24576, 67, 228.74
2026/08/01 17:22:37.790, NVIDIA GeForce RTX 3090, 8261, 24576, 92, 229.57
2026/08/01 17:22:38.838, NVIDIA GeForce RTX 3090, 8261, 24576, 56, 226.66
2026/08/01 17:22:39.908, NVIDIA GeForce RTX 3090, 8261, 24576, 92, 229.41
2026/08/01 17:22:40.962, NVIDIA GeForce RTX 3090, 8261, 24576, 83, 233.76
2026/08/01 17:22:42.013, NVIDIA GeForce RTX 3090, 8261, 24576, 40, 226.37
2026/08/01 17:22:43.066, NVIDIA GeForce RTX 3090, 8261, 24576, 63, 227.98
2026/08/01 17:22:44.156, NVIDIA GeForce RTX 3090, 8261, 24576, 100, 228.83
2026/08/01 17:22:45.252, NVIDIA GeForce RTX 3090, 8261, 24576, 74, 229.22
2026/08/01 17:22:46.340, NVIDIA GeForce RTX 3090, 8261, 24576, 33, 224.21
2026/08/01 17:22:47.412, NVIDIA GeForce RTX 3090, 8261, 24576, 74, 228.71
2026/08/01 17:22:48.476, NVIDIA GeForce RTX 3090, 8261, 24576, 56, 226.58
2026/08/01 17:22:49.522, NVIDIA GeForce RTX 3090, 8261, 24576, 56, 228.67
2026/08/01 17:22:50.588, NVIDIA GeForce RTX 3090, 8261, 24576, 41, 225.19
2026/08/01 17:22:51.661, NVIDIA GeForce RTX 3090, 8261, 24576, 67, 228.74
2026/08/01 17:22:52.709, NVIDIA GeForce RTX 3090, 8261, 24576, 42, 225.58
2026/08/01 17:22:53.758, NVIDIA GeForce RTX 3090, 8261, 24576, 82, 229.99
2026/08/01 17:22:54.827, NVIDIA GeForce RTX 3090, 8261, 24576, 84, 232.53
2026/08/01 17:22:55.896, NVIDIA GeForce RTX 3090, 8261, 24576, 92, 229.67
2026/08/01 17:22:56.941, NVIDIA GeForce RTX 3090, 8261, 24576, 45, 229.04
2026/08/01 17:22:58.012, NVIDIA GeForce RTX 3090, 8261, 24576, 91, 227.52
2026/08/01 17:22:59.062, NVIDIA GeForce RTX 3090, 8261, 24576, 45, 229.14
2026/08/01 17:23:00.109, NVIDIA GeForce RTX 3090, 8261, 24576, 86, 228.89
2026/08/01 17:23:01.158, NVIDIA GeForce RTX 3090, 8261, 24576, 36, 224.23
2026/08/01 17:23:02.206, NVIDIA GeForce RTX 3090, 8261, 24576, 83, 229.43
2026/08/01 17:23:03.254, NVIDIA GeForce RTX 3090, 8261, 24576, 39, 224.21
2026/08/01 17:23:04.319, NVIDIA GeForce RTX 3090, 8261, 24576, 68, 230.56
2026/08/01 17:23:05.384, NVIDIA GeForce RTX 3090, 8261, 24576, 52, 225.17
2026/08/01 17:23:06.433, NVIDIA GeForce RTX 3090, 8261, 24576, 76, 230.38
2026/08/01 17:23:07.520, NVIDIA GeForce RTX 3090, 8261, 24576, 100, 227.96
2026/08/01 17:23:08.570, NVIDIA GeForce RTX 3090, 8261, 24576, 100, 233.01
2026/08/01 17:23:09.623, NVIDIA GeForce RTX 3090, 8261, 24576, 92, 227.88
2026/08/01 17:23:10.674, NVIDIA GeForce RTX 3090, 8261, 24576, 92, 230.46
2026/08/01 17:23:11.721, NVIDIA GeForce RTX 3090, 8261, 24576, 30, 228.68
2026/08/01 17:23:12.774, NVIDIA GeForce RTX 3090, 8261, 24576, 87, 228.87
2026/08/01 17:23:13.844, NVIDIA GeForce RTX 3090, 8261, 24576, 42, 224.08
2026/08/01 17:23:14.894, NVIDIA GeForce RTX 3090, 8261, 24576, 91, 225.11
2026/08/01 17:23:15.945, NVIDIA GeForce RTX 3090, 8261, 24576, 79, 228.10
2026/08/01 17:23:16.993, NVIDIA GeForce RTX 3090, 8261, 24576, 98, 228.45
2026/08/01 17:23:18.056, NVIDIA GeForce RTX 3090, 8261, 24576, 58, 228.93
2026/08/01 17:23:19.106, NVIDIA GeForce RTX 3090, 8261, 24576, 92, 228.35
2026/08/01 17:23:20.154, NVIDIA GeForce RTX 3090, 8261, 24576, 54, 227.26
2026/08/01 17:23:21.220, NVIDIA GeForce RTX 3090, 8261, 24576, 100, 232.84
2026/08/01 17:23:22.320, NVIDIA GeForce RTX 3090, 8261, 24576, 40, 225.96
2026/08/01 17:23:23.370, NVIDIA GeForce RTX 3090, 8261, 24576, 92, 226.49
2026/08/01 17:23:24.417, NVIDIA GeForce RTX 3090, 8261, 24576, 44, 225.92
2026/08/01 17:23:25.484, NVIDIA GeForce RTX 3090, 8261, 24576, 92, 227.84
2026/08/01 17:23:26.534, NVIDIA GeForce RTX 3090, 8261, 24576, 64, 225.49
2026/08/01 17:23:27.582, NVIDIA GeForce RTX 3090, 8261, 24576, 90, 231.79
2026/08/01 17:23:28.668, NVIDIA GeForce RTX 3090, 8261, 24576, 39, 224.64
2026/08/01 17:23:29.736, NVIDIA GeForce RTX 3090, 8261, 24576, 66, 229.48
2026/08/01 17:23:30.786, NVIDIA GeForce RTX 3090, 8261, 24576, 50, 226.55
2026/08/01 17:23:31.852, NVIDIA GeForce RTX 3090, 8261, 24576, 61, 226.96
2026/08/01 17:23:32.916, NVIDIA GeForce RTX 3090, 8261, 24576, 95, 226.65
2026/08/01 17:23:33.962, NVIDIA GeForce RTX 3090, 8261, 24576, 39, 225.32
2026/08/01 17:23:35.010, NVIDIA GeForce RTX 3090, 8261, 24576, 62, 227.89
2026/08/01 17:23:36.057, NVIDIA GeForce RTX 3090, 8261, 24576, 52, 226.92
2026/08/01 17:23:37.125, NVIDIA GeForce RTX 3090, 8261, 24576, 100, 230.94
2026/08/01 17:23:38.169, NVIDIA GeForce RTX 3090, 8261, 24576, 100, 234.74
2026/08/01 17:23:39.217, NVIDIA GeForce RTX 3090, 8261, 24576, 92, 226.62
2026/08/01 17:23:40.284, NVIDIA GeForce RTX 3090, 8261, 24576, 81, 226.38
2026/08/01 17:23:41.333, NVIDIA GeForce RTX 3090, 8261, 24576, 99, 227.57
2026/08/01 17:23:42.399, NVIDIA GeForce RTX 3090, 8261, 24576, 92, 228.76
2026/08/01 17:23:43.446, NVIDIA GeForce RTX 3090, 8261, 24576, 92, 228.81
2026/08/01 17:23:44.493, NVIDIA GeForce RTX 3090, 8261, 24576, 99, 229.21
2026/08/01 17:23:45.546, NVIDIA GeForce RTX 3090, 8261, 24576, 92, 227.02
2026/08/01 17:23:46.636, NVIDIA GeForce RTX 3090, 8261, 24576, 81, 227.11
2026/08/01 17:23:47.704, NVIDIA GeForce RTX 3090, 8261, 24576, 38, 225.72
2026/08/01 17:23:48.791, NVIDIA GeForce RTX 3090, 8261, 24576, 56, 227.53
2026/08/01 17:23:49.855, NVIDIA GeForce RTX 3090, 8261, 24576, 43, 228.03
2026/08/01 17:23:50.905, NVIDIA GeForce RTX 3090, 8261, 24576, 100, 230.70
2026/08/01 17:23:51.953, NVIDIA GeForce RTX 3090, 8261, 24576, 83, 230.79
2026/08/01 17:23:53.001, NVIDIA GeForce RTX 3090, 8261, 24576, 56, 231.05
2026/08/01 17:23:54.091, NVIDIA GeForce RTX 3090, 8261, 24576, 99, 229.48
2026/08/01 17:23:55.156, NVIDIA GeForce RTX 3090, 8261, 24576, 92, 226.35
2026/08/01 17:23:56.199, NVIDIA GeForce RTX 3090, 8261, 24576, 100, 226.04
2026/08/01 17:23:57.249, NVIDIA GeForce RTX 3090, 8261, 24576, 75, 230.19
2026/08/01 17:23:58.320, NVIDIA GeForce RTX 3090, 8261, 24576, 50, 225.29
2026/08/01 17:23:59.412, NVIDIA GeForce RTX 3090, 8261, 24576, 58, 228.11
2026/08/01 17:24:00.461, NVIDIA GeForce RTX 3090, 8261, 24576, 47, 224.97
2026/08/01 17:24:01.528, NVIDIA GeForce RTX 3090, 8261, 24576, 90, 230.87
2026/08/01 17:24:02.595, NVIDIA GeForce RTX 3090, 8261, 24576, 40, 227.23
2026/08/01 17:24:03.645, NVIDIA GeForce RTX 3090, 8261, 24576, 82, 227.93
2026/08/01 17:24:04.697, NVIDIA GeForce RTX 3090, 8261, 24576, 91, 229.60
2026/08/01 17:24:05.788, NVIDIA GeForce RTX 3090, 8261, 24576, 64, 224.55
2026/08/01 17:24:06.841, NVIDIA GeForce RTX 3090, 8261, 24576, 92, 229.81
2026/08/01 17:24:07.924, NVIDIA GeForce RTX 3090, 8261, 24576, 49, 227.80
2026/08/01 17:24:08.992, NVIDIA GeForce RTX 3090, 8261, 24576, 92, 229.04
2026/08/01 17:24:10.037, NVIDIA GeForce RTX 3090, 8261, 24576, 56, 226.27
2026/08/01 17:24:11.104, NVIDIA GeForce RTX 3090, 8261, 24576, 51, 228.81
2026/08/01 17:24:12.176, NVIDIA GeForce RTX 3090, 8261, 24576, 62, 224.83
2026/08/01 17:24:13.260, NVIDIA GeForce RTX 3090, 8261, 24576, 46, 224.44
2026/08/01 17:24:14.287, NVIDIA GeForce RTX 3090, 8261, 24576, 78, 228.55
2026/08/01 17:24:15.351, NVIDIA GeForce RTX 3090, 8261, 24576, 72, 229.38
2026/08/01 17:24:16.380, NVIDIA GeForce RTX 3090, 8261, 24576, 37, 228.40
2026/08/01 17:24:17.429, NVIDIA GeForce RTX 3090, 8261, 24576, 52, 227.77
2026/08/01 17:24:18.477, NVIDIA GeForce RTX 3090, 8261, 24576, 60, 226.72
2026/08/01 17:24:19.525, NVIDIA GeForce RTX 3090, 8261, 24576, 71, 230.76
2026/08/01 17:24:20.578, NVIDIA GeForce RTX 3090, 8261, 24576, 65, 229.94
2026/08/01 17:24:21.648, NVIDIA GeForce RTX 3090, 8261, 24576, 89, 225.87
2026/08/01 17:24:22.740, NVIDIA GeForce RTX 3090, 8261, 24576, 76, 231.53
2026/08/01 17:24:23.790, NVIDIA GeForce RTX 3090, 8261, 24576, 92, 227.07
2026/08/01 17:24:24.844, NVIDIA GeForce RTX 3090, 8261, 24576, 64, 225.42
2026/08/01 17:24:25.932, NVIDIA GeForce RTX 3090, 8261, 24576, 52, 224.47
2026/08/01 17:24:27.000, NVIDIA GeForce RTX 3090, 8261, 24576, 80, 230.33
2026/08/01 17:24:28.068, NVIDIA GeForce RTX 3090, 8261, 24576, 43, 227.51
2026/08/01 17:24:29.113, NVIDIA GeForce RTX 3090, 8261, 24576, 100, 229.96
2026/08/01 17:24:30.161, NVIDIA GeForce RTX 3090, 8261, 24576, 100, 229.91
2026/08/01 17:24:31.228, NVIDIA GeForce RTX 3090, 8261, 24576, 86, 228.74
2026/08/01 17:24:32.296, NVIDIA GeForce RTX 3090, 8261, 24576, 36, 227.15
2026/08/01 17:24:33.364, NVIDIA GeForce RTX 3090, 8261, 24576, 55, 224.88
2026/08/01 17:24:34.451, NVIDIA GeForce RTX 3090, 8261, 24576, 71, 230.40
2026/08/01 17:24:35.498, NVIDIA GeForce RTX 3090, 8261, 24576, 100, 226.91
2026/08/01 17:24:36.588, NVIDIA GeForce RTX 3090, 8261, 24576, 43, 225.64
2026/08/01 17:24:37.638, NVIDIA GeForce RTX 3090, 8261, 24576, 100, 228.92
2026/08/01 17:24:38.712, NVIDIA GeForce RTX 3090, 8261, 24576, 92, 228.05
2026/08/01 17:24:39.757, NVIDIA GeForce RTX 3090, 8261, 24576, 100, 227.48
2026/08/01 17:24:40.801, NVIDIA GeForce RTX 3090, 8261, 24576, 82, 230.07
2026/08/01 17:24:41.863, NVIDIA GeForce RTX 3090, 8261, 24576, 100, 228.09
2026/08/01 17:24:42.909, NVIDIA GeForce RTX 3090, 8261, 24576, 92, 225.64
2026/08/01 17:24:43.992, NVIDIA GeForce RTX 3090, 8261, 24576, 60, 227.18
2026/08/01 17:24:45.060, NVIDIA GeForce RTX 3090, 8261, 24576, 81, 231.86
2026/08/01 17:24:46.148, NVIDIA GeForce RTX 3090, 8261, 24576, 53, 225.16
2026/08/01 17:24:47.197, NVIDIA GeForce RTX 3090, 8261, 24576, 92, 230.79
2026/08/01 17:24:48.264, NVIDIA GeForce RTX 3090, 8261, 24576, 53, 225.86
2026/08/01 17:24:49.310, NVIDIA GeForce RTX 3090, 8261, 24576, 75, 228.35
2026/08/01 17:24:50.396, NVIDIA GeForce RTX 3090, 8261, 24576, 100, 226.79
2026/08/01 17:24:51.442, NVIDIA GeForce RTX 3090, 8261, 24576, 76, 230.45
2026/08/01 17:24:52.494, NVIDIA GeForce RTX 3090, 8261, 24576, 92, 227.26
2026/08/01 17:24:53.546, NVIDIA GeForce RTX 3090, 8261, 24576, 93, 228.55
2026/08/01 17:24:54.593, NVIDIA GeForce RTX 3090, 8261, 24576, 92, 228.62
2026/08/01 17:24:55.664, NVIDIA GeForce RTX 3090, 8261, 24576, 100, 229.33
2026/08/01 17:24:56.709, NVIDIA GeForce RTX 3090, 8261, 24576, 92, 226.05
2026/08/01 17:24:57.761, NVIDIA GeForce RTX 3090, 8261, 24576, 100, 229.14
2026/08/01 17:24:58.809, NVIDIA GeForce RTX 3090, 8261, 24576, 84, 229.02
2026/08/01 17:24:59.880, NVIDIA GeForce RTX 3090, 8261, 24576, 51, 225.45
2026/08/01 17:25:00.930, NVIDIA GeForce RTX 3090, 8261, 24576, 55, 228.29
2026/08/01 17:25:01.977, NVIDIA GeForce RTX 3090, 8261, 24576, 88, 229.94
2026/08/01 17:25:03.044, NVIDIA GeForce RTX 3090, 8261, 24576, 44, 227.12
2026/08/01 17:25:04.112, NVIDIA GeForce RTX 3090, 8261, 24576, 66, 225.87
2026/08/01 17:25:05.179, NVIDIA GeForce RTX 3090, 8261, 24576, 52, 225.05
2026/08/01 17:25:06.226, NVIDIA GeForce RTX 3090, 8261, 24576, 53, 225.32
2026/08/01 17:25:07.312, NVIDIA GeForce RTX 3090, 8261, 24576, 93, 230.46
2026/08/01 17:25:08.404, NVIDIA GeForce RTX 3090, 8261, 24576, 69, 231.20
2026/08/01 17:25:09.449, NVIDIA GeForce RTX 3090, 8261, 24576, 90, 231.21
2026/08/01 17:25:10.520, NVIDIA GeForce RTX 3090, 8261, 24576, 53, 224.28
2026/08/01 17:25:11.570, NVIDIA GeForce RTX 3090, 8261, 24576, 90, 230.26
2026/08/01 17:25:12.618, NVIDIA GeForce RTX 3090, 8261, 24576, 46, 223.59
2026/08/01 17:25:13.669, NVIDIA GeForce RTX 3090, 8261, 24576, 92, 227.27
2026/08/01 17:25:14.739, NVIDIA GeForce RTX 3090, 8261, 24576, 74, 224.95
2026/08/01 17:25:15.786, NVIDIA GeForce RTX 3090, 8261, 24576, 92, 227.49
2026/08/01 17:25:16.834, NVIDIA GeForce RTX 3090, 8261, 24576, 48, 227.27
2026/08/01 17:25:17.883, NVIDIA GeForce RTX 3090, 8261, 24576, 92, 228.39
2026/08/01 17:25:18.972, NVIDIA GeForce RTX 3090, 8261, 24576, 45, 224.75
2026/08/01 17:25:20.041, NVIDIA GeForce RTX 3090, 8261, 24576, 63, 229.22
2026/08/01 17:25:21.108, NVIDIA GeForce RTX 3090, 8261, 24576, 100, 227.05
2026/08/01 17:25:22.172, NVIDIA GeForce RTX 3090, 8261, 24576, 50, 226.98
2026/08/01 17:25:23.218, NVIDIA GeForce RTX 3090, 8261, 24576, 83, 227.68
2026/08/01 17:25:24.308, NVIDIA GeForce RTX 3090, 8261, 24576, 83, 231.93
2026/08/01 17:25:25.372, NVIDIA GeForce RTX 3090, 8261, 24576, 80, 225.15
2026/08/01 17:25:26.418, NVIDIA GeForce RTX 3090, 8261, 24576, 92, 227.44
2026/08/01 17:25:27.470, NVIDIA GeForce RTX 3090, 8261, 24576, 67, 228.04
2026/08/01 17:25:28.568, NVIDIA GeForce RTX 3090, 8261, 24576, 91, 231.54
2026/08/01 17:25:29.639, NVIDIA GeForce RTX 3090, 8261, 24576, 44, 225.44
2026/08/01 17:25:30.686, NVIDIA GeForce RTX 3090, 8261, 24576, 75, 228.95
2026/08/01 17:25:31.734, NVIDIA GeForce RTX 3090, 8261, 24576, 35, 223.47
2026/08/01 17:25:32.782, NVIDIA GeForce RTX 3090, 8261, 24576, 72, 228.72
2026/08/01 17:25:33.848, NVIDIA GeForce RTX 3090, 8261, 24576, 56, 224.32
2026/08/01 17:25:34.898, NVIDIA GeForce RTX 3090, 8261, 24576, 78, 230.00
2026/08/01 17:25:35.964, NVIDIA GeForce RTX 3090, 8261, 24576, 51, 227.52
2026/08/01 17:25:36.992, NVIDIA GeForce RTX 3090, 8261, 24576, 36, 226.60
2026/08/01 17:25:38.084, NVIDIA GeForce RTX 3090, 8261, 24576, 100, 231.60
2026/08/01 17:25:39.130, NVIDIA GeForce RTX 3090, 8261, 24576, 30, 229.12
2026/08/01 17:25:40.220, NVIDIA GeForce RTX 3090, 8261, 24576, 40, 225.56
2026/08/01 17:25:41.270, NVIDIA GeForce RTX 3090, 8261, 24576, 66, 226.26
2026/08/01 17:25:42.340, NVIDIA GeForce RTX 3090, 8261, 24576, 37, 223.44
2026/08/01 17:25:43.390, NVIDIA GeForce RTX 3090, 8261, 24576, 77, 229.90
2026/08/01 17:25:44.442, NVIDIA GeForce RTX 3090, 8261, 24576, 41, 223.36
2026/08/01 17:25:45.508, NVIDIA GeForce RTX 3090, 8261, 24576, 49, 228.63
2026/08/01 17:25:46.576, NVIDIA GeForce RTX 3090, 8261, 24576, 42, 225.06
2026/08/01 17:25:47.644, NVIDIA GeForce RTX 3090, 8261, 24576, 57, 228.50
2026/08/01 17:25:48.708, NVIDIA GeForce RTX 3090, 8261, 24576, 100, 228.31
2026/08/01 17:25:49.757, NVIDIA GeForce RTX 3090, 8261, 24576, 78, 230.94
2026/08/01 17:25:50.806, NVIDIA GeForce RTX 3090, 8261, 24576, 100, 225.79
2026/08/01 17:25:51.880, NVIDIA GeForce RTX 3090, 8261, 24576, 60, 229.38
2026/08/01 17:25:52.972, NVIDIA GeForce RTX 3090, 8261, 24576, 100, 228.65
2026/08/01 17:25:54.036, NVIDIA GeForce RTX 3090, 8261, 24576, 85, 229.09
2026/08/01 17:25:55.085, NVIDIA GeForce RTX 3090, 8261, 24576, 96, 227.19
2026/08/01 17:25:56.133, NVIDIA GeForce RTX 3090, 8261, 24576, 100, 225.36
2026/08/01 17:25:57.200, NVIDIA GeForce RTX 3090, 8261, 24576, 94, 228.43
2026/08/01 17:25:58.254, NVIDIA GeForce RTX 3090, 8261, 24576, 76, 230.73
2026/08/01 17:25:59.324, NVIDIA GeForce RTX 3090, 8261, 24576, 57, 226.29
2026/08/01 17:26:00.373, NVIDIA GeForce RTX 3090, 8261, 24576, 66, 228.52
2026/08/01 17:26:01.426, NVIDIA GeForce RTX 3090, 8261, 24576, 49, 223.78
2026/08/01 17:26:02.512, NVIDIA GeForce RTX 3090, 8261, 24576, 76, 231.15
2026/08/01 17:26:03.562, NVIDIA GeForce RTX 3090, 8261, 24576, 50, 228.98
2026/08/01 17:26:04.610, NVIDIA GeForce RTX 3090, 8261, 24576, 100, 229.90
2026/08/01 17:26:05.675, NVIDIA GeForce RTX 3090, 8261, 24576, 52, 228.42
2026/08/01 17:26:06.722, NVIDIA GeForce RTX 3090, 8261, 24576, 94, 226.97
2026/08/01 17:26:07.788, NVIDIA GeForce RTX 3090, 8261, 24576, 41, 228.03
2026/08/01 17:26:08.834, NVIDIA GeForce RTX 3090, 8261, 24576, 54, 224.17
2026/08/01 17:26:09.886, NVIDIA GeForce RTX 3090, 8261, 24576, 59, 226.67
2026/08/01 17:26:10.931, NVIDIA GeForce RTX 3090, 8261, 24576, 62, 226.26
2026/08/01 17:26:11.977, NVIDIA GeForce RTX 3090, 8261, 24576, 36, 224.45
2026/08/01 17:26:13.026, NVIDIA GeForce RTX 3090, 8261, 24576, 53, 228.05
2026/08/01 17:26:14.074, NVIDIA GeForce RTX 3090, 8261, 24576, 75, 228.91
2026/08/01 17:26:15.120, NVIDIA GeForce RTX 3090, 8261, 24576, 91, 226.35
2026/08/01 17:26:16.166, NVIDIA GeForce RTX 3090, 8261, 24576, 49, 228.85
2026/08/01 17:26:17.232, NVIDIA GeForce RTX 3090, 8261, 24576, 100, 228.80
2026/08/01 17:26:18.300, NVIDIA GeForce RTX 3090, 8261, 24576, 41, 224.87
2026/08/01 17:26:19.345, NVIDIA GeForce RTX 3090, 8261, 24576, 85, 228.32
2026/08/01 17:26:20.390, NVIDIA GeForce RTX 3090, 8261, 24576, 53, 228.90
2026/08/01 17:26:21.437, NVIDIA GeForce RTX 3090, 8261, 24576, 92, 229.33
2026/08/01 17:26:22.465, NVIDIA GeForce RTX 3090, 8261, 24576, 75, 228.88
2026/08/01 17:26:23.514, NVIDIA GeForce RTX 3090, 8261, 24576, 100, 227.31
2026/08/01 17:26:24.584, NVIDIA GeForce RTX 3090, 8261, 24576, 75, 229.88
2026/08/01 17:26:25.634, NVIDIA GeForce RTX 3090, 8261, 24576, 92, 227.63
2026/08/01 17:26:26.704, NVIDIA GeForce RTX 3090, 8261, 24576, 92, 226.81
2026/08/01 17:26:27.772, NVIDIA GeForce RTX 3090, 8261, 24576, 100, 229.03
2026/08/01 17:26:28.836, NVIDIA GeForce RTX 3090, 8261, 24576, 66, 228.93
2026/08/01 17:26:29.885, NVIDIA GeForce RTX 3090, 8261, 24576, 92, 230.33
2026/08/01 17:26:30.933, NVIDIA GeForce RTX 3090, 8261, 24576, 44, 225.58
2026/08/01 17:26:31.981, NVIDIA GeForce RTX 3090, 8261, 24576, 68, 228.96
2026/08/01 17:26:33.030, NVIDIA GeForce RTX 3090, 8261, 24576, 47, 224.09
2026/08/01 17:26:34.078, NVIDIA GeForce RTX 3090, 8261, 24576, 54, 228.65
2026/08/01 17:26:35.125, NVIDIA GeForce RTX 3090, 8261, 24576, 53, 227.91
2026/08/01 17:26:36.212, NVIDIA GeForce RTX 3090, 8261, 24576, 100, 229.89
2026/08/01 17:26:37.256, NVIDIA GeForce RTX 3090, 8261, 24576, 67, 230.09
2026/08/01 17:26:38.302, NVIDIA GeForce RTX 3090, 8261, 24576, 34, 226.56
2026/08/01 17:26:39.349, NVIDIA GeForce RTX 3090, 8261, 24576, 77, 231.18
2026/08/01 17:26:40.424, NVIDIA GeForce RTX 3090, 8261, 24576, 85, 232.42
2026/08/01 17:26:41.507, NVIDIA GeForce RTX 3090, 8261, 24576, 30, 223.83
2026/08/01 17:26:42.553, NVIDIA GeForce RTX 3090, 8261, 24576, 90, 228.45
2026/08/01 17:26:43.601, NVIDIA GeForce RTX 3090, 8261, 24576, 74, 225.59
2026/08/01 17:26:44.649, NVIDIA GeForce RTX 3090, 8261, 24576, 45, 224.58
2026/08/01 17:26:45.693, NVIDIA GeForce RTX 3090, 8261, 24576, 75, 228.48
2026/08/01 17:26:46.741, NVIDIA GeForce RTX 3090, 8261, 24576, 36, 224.26
2026/08/01 17:26:47.828, NVIDIA GeForce RTX 3090, 8261, 24576, 78, 231.03
2026/08/01 17:26:48.874, NVIDIA GeForce RTX 3090, 8261, 24576, 35, 223.82
2026/08/01 17:26:49.940, NVIDIA GeForce RTX 3090, 8261, 24576, 63, 229.42
2026/08/01 17:26:50.968, NVIDIA GeForce RTX 3090, 8261, 24576, 43, 224.78
2026/08/01 17:26:52.014, NVIDIA GeForce RTX 3090, 8261, 24576, 86, 231.50
2026/08/01 17:26:53.062, NVIDIA GeForce RTX 3090, 8261, 24576, 47, 228.62
2026/08/01 17:26:54.110, NVIDIA GeForce RTX 3090, 8261, 24576, 100, 228.52
2026/08/01 17:26:55.196, NVIDIA GeForce RTX 3090, 8261, 24576, 39, 225.34
2026/08/01 17:26:56.245, NVIDIA GeForce RTX 3090, 8261, 24576, 79, 229.64
2026/08/01 17:26:57.298, NVIDIA GeForce RTX 3090, 8261, 24576, 61, 232.01
2026/08/01 17:26:58.349, NVIDIA GeForce RTX 3090, 8261, 24576, 92, 229.65
2026/08/01 17:26:59.400, NVIDIA GeForce RTX 3090, 8261, 24576, 100, 228.20
2026/08/01 17:27:00.454, NVIDIA GeForce RTX 3090, 8261, 24576, 71, 229.50
2026/08/01 17:27:01.504, NVIDIA GeForce RTX 3090, 8261, 24576, 65, 229.63
2026/08/01 17:27:02.550, NVIDIA GeForce RTX 3090, 8261, 24576, 50, 225.42
2026/08/01 17:27:03.598, NVIDIA GeForce RTX 3090, 8261, 24576, 39, 231.16
2026/08/01 17:27:04.662, NVIDIA GeForce RTX 3090, 8261, 24576, 56, 228.60
2026/08/01 17:27:05.724, NVIDIA GeForce RTX 3090, 8261, 24576, 86, 226.57
2026/08/01 17:27:06.772, NVIDIA GeForce RTX 3090, 8261, 24576, 50, 226.27
2026/08/01 17:27:07.802, NVIDIA GeForce RTX 3090, 8261, 24576, 56, 228.48
2026/08/01 17:27:08.888, NVIDIA GeForce RTX 3090, 8261, 24576, 41, 223.95
2026/08/01 17:27:09.938, NVIDIA GeForce RTX 3090, 8261, 24576, 47, 228.81
2026/08/01 17:27:11.005, NVIDIA GeForce RTX 3090, 8261, 24576, 67, 229.23
2026/08/01 17:27:12.057, NVIDIA GeForce RTX 3090, 8261, 24576, 94, 233.20
2026/08/01 17:27:13.105, NVIDIA GeForce RTX 3090, 8261, 24576, 96, 226.50
2026/08/01 17:27:14.153, NVIDIA GeForce RTX 3090, 8261, 24576, 89, 229.94
2026/08/01 17:27:15.201, NVIDIA GeForce RTX 3090, 8261, 24576, 42, 227.30
2026/08/01 17:27:16.248, NVIDIA GeForce RTX 3090, 8261, 24576, 68, 228.20
2026/08/01 17:27:17.293, NVIDIA GeForce RTX 3090, 8261, 24576, 41, 224.30
2026/08/01 17:27:18.341, NVIDIA GeForce RTX 3090, 8261, 24576, 93, 231.41
2026/08/01 17:27:19.412, NVIDIA GeForce RTX 3090, 8261, 24576, 92, 229.08
2026/08/01 17:27:20.508, NVIDIA GeForce RTX 3090, 8261, 24576, 58, 226.64
2026/08/01 17:27:21.554, NVIDIA GeForce RTX 3090, 8261, 24576, 63, 232.09
2026/08/01 17:27:22.601, NVIDIA GeForce RTX 3090, 8261, 24576, 71, 231.98
2026/08/01 17:27:23.688, NVIDIA GeForce RTX 3090, 8261, 24576, 43, 227.86
2026/08/01 17:27:24.733, NVIDIA GeForce RTX 3090, 8261, 24576, 86, 227.97
2026/08/01 17:27:25.782, NVIDIA GeForce RTX 3090, 8261, 24576, 41, 226.11
2026/08/01 17:27:26.836, NVIDIA GeForce RTX 3090, 8261, 24576, 65, 227.71
2026/08/01 17:27:27.886, NVIDIA GeForce RTX 3090, 8261, 24576, 39, 224.23
2026/08/01 17:27:28.952, NVIDIA GeForce RTX 3090, 8261, 24576, 42, 228.27
2026/08/01 17:27:30.041, NVIDIA GeForce RTX 3090, 8261, 24576, 100, 229.50
2026/08/01 17:27:31.094, NVIDIA GeForce RTX 3090, 8261, 24576, 62, 229.59
2026/08/01 17:27:32.184, NVIDIA GeForce RTX 3090, 8261, 24576, 99, 227.30
2026/08/01 17:27:33.252, NVIDIA GeForce RTX 3090, 8261, 24576, 78, 230.35
2026/08/01 17:27:34.344, NVIDIA GeForce RTX 3090, 8261, 24576, 58, 223.74
2026/08/01 17:27:35.389, NVIDIA GeForce RTX 3090, 8261, 24576, 96, 226.99
2026/08/01 17:27:36.460, NVIDIA GeForce RTX 3090, 8261, 24576, 51, 228.35
2026/08/01 17:27:37.510, NVIDIA GeForce RTX 3090, 8261, 24576, 51, 227.34
2026/08/01 17:27:38.558, NVIDIA GeForce RTX 3090, 8261, 24576, 54, 227.48
2026/08/01 17:27:39.607, NVIDIA GeForce RTX 3090, 8261, 24576, 38, 225.51
2026/08/01 17:27:40.657, NVIDIA GeForce RTX 3090, 8261, 24576, 42, 226.35
2026/08/01 17:27:41.724, NVIDIA GeForce RTX 3090, 8261, 24576, 69, 230.51
2026/08/01 17:27:42.774, NVIDIA GeForce RTX 3090, 8261, 24576, 36, 224.19
2026/08/01 17:27:43.862, NVIDIA GeForce RTX 3090, 8261, 24576, 40, 228.12
2026/08/01 17:27:44.951, NVIDIA GeForce RTX 3090, 8261, 24576, 100, 229.82
2026/08/01 17:27:46.001, NVIDIA GeForce RTX 3090, 8261, 24576, 86, 229.51
2026/08/01 17:27:47.076, NVIDIA GeForce RTX 3090, 8261, 24576, 92, 227.71
2026/08/01 17:27:48.126, NVIDIA GeForce RTX 3090, 8261, 24576, 66, 228.50
2026/08/01 17:27:49.173, NVIDIA GeForce RTX 3090, 8261, 24576, 100, 227.55
2026/08/01 17:27:50.222, NVIDIA GeForce RTX 3090, 8261, 24576, 92, 226.14
2026/08/01 17:27:51.288, NVIDIA GeForce RTX 3090, 8261, 24576, 54, 230.73
2026/08/01 17:27:52.376, NVIDIA GeForce RTX 3090, 8261, 24576, 49, 229.06
2026/08/01 17:27:53.444, NVIDIA GeForce RTX 3090, 8261, 24576, 100, 229.66
2026/08/01 17:27:54.536, NVIDIA GeForce RTX 3090, 8261, 24576, 78, 229.06
2026/08/01 17:27:55.620, NVIDIA GeForce RTX 3090, 8261, 24576, 42, 223.87
2026/08/01 17:27:56.670, NVIDIA GeForce RTX 3090, 8261, 24576, 92, 226.38
2026/08/01 17:27:57.756, NVIDIA GeForce RTX 3090, 8261, 24576, 84, 226.92
2026/08/01 17:27:58.828, NVIDIA GeForce RTX 3090, 8261, 24576, 45, 224.03
2026/08/01 17:27:59.877, NVIDIA GeForce RTX 3090, 8261, 24576, 82, 229.27
2026/08/01 17:28:00.944, NVIDIA GeForce RTX 3090, 8261, 24576, 40, 224.63
2026/08/01 17:28:02.012, NVIDIA GeForce RTX 3090, 8261, 24576, 53, 228.90
2026/08/01 17:28:03.062, NVIDIA GeForce RTX 3090, 8261, 24576, 37, 223.79
2026/08/01 17:28:04.110, NVIDIA GeForce RTX 3090, 8261, 24576, 39, 225.37
2026/08/01 17:28:05.158, NVIDIA GeForce RTX 3090, 8261, 24576, 43, 227.12
2026/08/01 17:28:06.206, NVIDIA GeForce RTX 3090, 8261, 24576, 53, 227.89
2026/08/01 17:28:07.254, NVIDIA GeForce RTX 3090, 8261, 24576, 54, 227.04
2026/08/01 17:28:08.324, NVIDIA GeForce RTX 3090, 8261, 24576, 36, 224.88
2026/08/01 17:28:09.392, NVIDIA GeForce RTX 3090, 8261, 24576, 76, 228.73
2026/08/01 17:28:10.442, NVIDIA GeForce RTX 3090, 8261, 24576, 43, 223.81
2026/08/01 17:28:11.508, NVIDIA GeForce RTX 3090, 8261, 24576, 77, 231.24
2026/08/01 17:28:12.558, NVIDIA GeForce RTX 3090, 8261, 24576, 35, 224.06
2026/08/01 17:28:13.624, NVIDIA GeForce RTX 3090, 8261, 24576, 100, 233.91
2026/08/01 17:28:14.669, NVIDIA GeForce RTX 3090, 8261, 24576, 41, 228.05
2026/08/01 17:28:15.740, NVIDIA GeForce RTX 3090, 8261, 24576, 100, 229.69
2026/08/01 17:28:16.832, NVIDIA GeForce RTX 3090, 8261, 24576, 92, 227.72
2026/08/01 17:28:17.882, NVIDIA GeForce RTX 3090, 8261, 24576, 100, 228.90
2026/08/01 17:28:18.949, NVIDIA GeForce RTX 3090, 8261, 24576, 89, 229.22
2026/08/01 17:28:19.993, NVIDIA GeForce RTX 3090, 8261, 24576, 100, 223.99
2026/08/01 17:28:21.064, NVIDIA GeForce RTX 3090, 8261, 24576, 84, 228.95
2026/08/01 17:28:22.113, NVIDIA GeForce RTX 3090, 8261, 24576, 57, 226.03
2026/08/01 17:28:23.162, NVIDIA GeForce RTX 3090, 8261, 24576, 37, 228.52
2026/08/01 17:28:24.228, NVIDIA GeForce RTX 3090, 8261, 24576, 40, 224.79
2026/08/01 17:28:25.277, NVIDIA GeForce RTX 3090, 8261, 24576, 68, 227.63
2026/08/01 17:28:26.326, NVIDIA GeForce RTX 3090, 8261, 24576, 50, 225.24
2026/08/01 17:28:27.391, NVIDIA GeForce RTX 3090, 8261, 24576, 54, 233.23
2026/08/01 17:28:28.484, NVIDIA GeForce RTX 3090, 8261, 24576, 91, 231.32
2026/08/01 17:28:29.529, NVIDIA GeForce RTX 3090, 8261, 24576, 92, 228.79
2026/08/01 17:28:30.577, NVIDIA GeForce RTX 3090, 8261, 24576, 100, 229.60
2026/08/01 17:28:31.651, NVIDIA GeForce RTX 3090, 8261, 24576, 64, 229.02
2026/08/01 17:28:32.701, NVIDIA GeForce RTX 3090, 8261, 24576, 67, 230.05
2026/08/01 17:28:33.768, NVIDIA GeForce RTX 3090, 8261, 24576, 39, 225.63
2026/08/01 17:28:34.813, NVIDIA GeForce RTX 3090, 8261, 24576, 100, 232.29
2026/08/01 17:28:35.880, NVIDIA GeForce RTX 3090, 8261, 24576, 57, 229.34
2026/08/01 17:28:36.933, NVIDIA GeForce RTX 3090, 8261, 24576, 98, 229.39
2026/08/01 17:28:38.015, NVIDIA GeForce RTX 3090, 8261, 24576, 69, 228.58
2026/08/01 17:28:39.065, NVIDIA GeForce RTX 3090, 8261, 24576, 93, 227.91
2026/08/01 17:28:40.152, NVIDIA GeForce RTX 3090, 8261, 24576, 61, 228.17
2026/08/01 17:28:41.206, NVIDIA GeForce RTX 3090, 8261, 24576, 43, 225.42
2026/08/01 17:28:42.257, NVIDIA GeForce RTX 3090, 8261, 24576, 76, 227.90
2026/08/01 17:28:43.310, NVIDIA GeForce RTX 3090, 8261, 24576, 38, 224.46
2026/08/01 17:28:44.357, NVIDIA GeForce RTX 3090, 8261, 24576, 83, 228.59
2026/08/01 17:28:45.405, NVIDIA GeForce RTX 3090, 8261, 24576, 39, 224.13
2026/08/01 17:28:46.495, NVIDIA GeForce RTX 3090, 8261, 24576, 66, 229.81
2026/08/01 17:28:47.541, NVIDIA GeForce RTX 3090, 8261, 24576, 55, 223.93
2026/08/01 17:28:48.590, NVIDIA GeForce RTX 3090, 8261, 24576, 92, 227.80
2026/08/01 17:28:49.675, NVIDIA GeForce RTX 3090, 8261, 24576, 53, 228.62
2026/08/01 17:28:50.721, NVIDIA GeForce RTX 3090, 8261, 24576, 86, 228.20
2026/08/01 17:28:51.773, NVIDIA GeForce RTX 3090, 8261, 24576, 67, 230.08
2026/08/01 17:28:52.821, NVIDIA GeForce RTX 3090, 8261, 24576, 92, 228.79
2026/08/01 17:28:53.869, NVIDIA GeForce RTX 3090, 8261, 24576, 81, 228.10
2026/08/01 17:28:54.921, NVIDIA GeForce RTX 3090, 8261, 24576, 97, 227.82
2026/08/01 17:28:56.012, NVIDIA GeForce RTX 3090, 8261, 24576, 57, 229.43
2026/08/01 17:28:57.080, NVIDIA GeForce RTX 3090, 8261, 24576, 72, 229.12
2026/08/01 17:28:58.126, NVIDIA GeForce RTX 3090, 8261, 24576, 74, 226.96
2026/08/01 17:28:59.215, NVIDIA GeForce RTX 3090, 8261, 24576, 99, 227.77
2026/08/01 17:29:00.265, NVIDIA GeForce RTX 3090, 8261, 24576, 75, 230.05
2026/08/01 17:29:01.355, NVIDIA GeForce RTX 3090, 8261, 24576, 100, 227.19
2026/08/01 17:29:02.401, NVIDIA GeForce RTX 3090, 8261, 24576, 53, 230.29
2026/08/01 17:29:03.449, NVIDIA GeForce RTX 3090, 8261, 24576, 58, 228.31
2026/08/01 17:29:04.494, NVIDIA GeForce RTX 3090, 8261, 24576, 40, 226.50
2026/08/01 17:29:05.541, NVIDIA GeForce RTX 3090, 8261, 24576, 54, 226.82
2026/08/01 17:29:06.589, NVIDIA GeForce RTX 3090, 8261, 24576, 87, 229.52
2026/08/01 17:29:07.637, NVIDIA GeForce RTX 3090, 8261, 24576, 50, 224.40
2026/08/01 17:29:08.685, NVIDIA GeForce RTX 3090, 8261, 24576, 84, 228.06
2026/08/01 17:29:09.733, NVIDIA GeForce RTX 3090, 8261, 24576, 49, 223.57
2026/08/01 17:29:10.785, NVIDIA GeForce RTX 3090, 8261, 24576, 92, 225.83
2026/08/01 17:29:11.834, NVIDIA GeForce RTX 3090, 8261, 24576, 58, 228.34
2026/08/01 17:29:12.920, NVIDIA GeForce RTX 3090, 8261, 24576, 42, 227.62
2026/08/01 17:29:14.008, NVIDIA GeForce RTX 3090, 8261, 24576, 100, 230.45
2026/08/01 17:29:15.061, NVIDIA GeForce RTX 3090, 8261, 24576, 85, 231.19
2026/08/01 17:29:16.109, NVIDIA GeForce RTX 3090, 8261, 24576, 92, 228.78
2026/08/01 17:29:17.153, NVIDIA GeForce RTX 3090, 8261, 24576, 96, 227.96
2026/08/01 17:29:18.223, NVIDIA GeForce RTX 3090, 8261, 24576, 93, 226.89
2026/08/01 17:29:19.291, NVIDIA GeForce RTX 3090, 8261, 24576, 55, 228.52
2026/08/01 17:29:20.337, NVIDIA GeForce RTX 3090, 8261, 24576, 73, 229.20
2026/08/01 17:29:21.408, NVIDIA GeForce RTX 3090, 8261, 24576, 47, 224.10
2026/08/01 17:29:22.480, NVIDIA GeForce RTX 3090, 8261, 24576, 92, 227.11
2026/08/01 17:29:23.525, NVIDIA GeForce RTX 3090, 8261, 24576, 52, 230.88
2026/08/01 17:29:24.573, NVIDIA GeForce RTX 3090, 8261, 24576, 51, 225.09
2026/08/01 17:29:25.621, NVIDIA GeForce RTX 3090, 8261, 24576, 44, 227.71
2026/08/01 17:29:26.669, NVIDIA GeForce RTX 3090, 8261, 24576, 41, 225.35
2026/08/01 17:29:27.736, NVIDIA GeForce RTX 3090, 8261, 24576, 87, 231.47
2026/08/01 17:29:28.786, NVIDIA GeForce RTX 3090, 8261, 24576, 92, 227.35
2026/08/01 17:29:29.833, NVIDIA GeForce RTX 3090, 8261, 24576, 82, 228.29
2026/08/01 17:29:30.896, NVIDIA GeForce RTX 3090, 8261, 24576, 100, 227.31
2026/08/01 17:29:31.945, NVIDIA GeForce RTX 3090, 8261, 24576, 87, 230.57
2026/08/01 17:29:32.995, NVIDIA GeForce RTX 3090, 8261, 24576, 92, 227.25
2026/08/01 17:29:34.084, NVIDIA GeForce RTX 3090, 8261, 24576, 60, 228.39
2026/08/01 17:29:35.133, NVIDIA GeForce RTX 3090, 8261, 24576, 94, 227.37
2026/08/01 17:29:36.216, NVIDIA GeForce RTX 3090, 8261, 24576, 81, 228.49
2026/08/01 17:29:37.261, NVIDIA GeForce RTX 3090, 8261, 24576, 97, 223.80
2026/08/01 17:29:38.348, NVIDIA GeForce RTX 3090, 8261, 24576, 96, 225.59
2026/08/01 17:29:39.397, NVIDIA GeForce RTX 3090, 8261, 24576, 69, 228.45
2026/08/01 17:29:40.445, NVIDIA GeForce RTX 3090, 8261, 24576, 100, 227.37
2026/08/01 17:29:41.494, NVIDIA GeForce RTX 3090, 8261, 24576, 36, 228.76
2026/08/01 17:29:42.541, NVIDIA GeForce RTX 3090, 8261, 24576, 42, 228.40
2026/08/01 17:29:43.608, NVIDIA GeForce RTX 3090, 8261, 24576, 53, 228.11
2026/08/01 17:29:44.675, NVIDIA GeForce RTX 3090, 8261, 24576, 72, 225.99
2026/08/01 17:29:45.729, NVIDIA GeForce RTX 3090, 8261, 24576, 60, 228.67
2026/08/01 17:29:46.817, NVIDIA GeForce RTX 3090, 8261, 24576, 95, 227.94
2026/08/01 17:29:47.904, NVIDIA GeForce RTX 3090, 8261, 24576, 97, 225.78
2026/08/01 17:29:48.949, NVIDIA GeForce RTX 3090, 8261, 24576, 97, 228.29
2026/08/01 17:29:49.997, NVIDIA GeForce RTX 3090, 8261, 24576, 92, 225.82
2026/08/01 17:29:51.045, NVIDIA GeForce RTX 3090, 8261, 24576, 97, 228.34
2026/08/01 17:29:52.112, NVIDIA GeForce RTX 3090, 8261, 24576, 86, 230.11
2026/08/01 17:29:53.166, NVIDIA GeForce RTX 3090, 8261, 24576, 49, 228.95
2026/08/01 17:29:54.232, NVIDIA GeForce RTX 3090, 8261, 24576, 45, 224.71
2026/08/01 17:29:55.304, NVIDIA GeForce RTX 3090, 8261, 24576, 56, 228.36
2026/08/01 17:29:56.357, NVIDIA GeForce RTX 3090, 8261, 24576, 92, 229.57
2026/08/01 17:29:57.405, NVIDIA GeForce RTX 3090, 8261, 24576, 94, 231.93
2026/08/01 17:29:58.457, NVIDIA GeForce RTX 3090, 8261, 24576, 82, 228.24
2026/08/01 17:29:59.527, NVIDIA GeForce RTX 3090, 8261, 24576, 100, 227.63
2026/08/01 17:30:00.577, NVIDIA GeForce RTX 3090, 8261, 24576, 65, 229.07
2026/08/01 17:30:01.672, NVIDIA GeForce RTX 3090, 8261, 24576, 47, 224.73
2026/08/01 17:30:02.702, NVIDIA GeForce RTX 3090, 8261, 24576, 71, 228.17
2026/08/01 17:30:03.798, NVIDIA GeForce RTX 3090, 8261, 24576, 40, 223.76
2026/08/01 17:30:04.845, NVIDIA GeForce RTX 3090, 8261, 24576, 100, 229.99
2026/08/01 17:30:05.897, NVIDIA GeForce RTX 3090, 8261, 24576, 100, 234.24
2026/08/01 17:30:06.991, NVIDIA GeForce RTX 3090, 8261, 24576, 91, 228.22
2026/08/01 17:30:08.064, NVIDIA GeForce RTX 3090, 8261, 24576, 34, 225.19
2026/08/01 17:30:09.140, NVIDIA GeForce RTX 3090, 8261, 24576, 57, 229.45
2026/08/01 17:30:10.235, NVIDIA GeForce RTX 3090, 8261, 24576, 100, 229.36
2026/08/01 17:30:11.308, NVIDIA GeForce RTX 3090, 8261, 24576, 60, 228.90
2026/08/01 17:30:12.361, NVIDIA GeForce RTX 3090, 8261, 24576, 100, 228.79
2026/08/01 17:30:13.432, NVIDIA GeForce RTX 3090, 8261, 24576, 92, 227.77
2026/08/01 17:30:14.481, NVIDIA GeForce RTX 3090, 8261, 24576, 96, 227.40
2026/08/01 17:30:15.533, NVIDIA GeForce RTX 3090, 8261, 24576, 92, 226.48
2026/08/01 17:30:16.581, NVIDIA GeForce RTX 3090, 8261, 24576, 73, 226.81
2026/08/01 17:30:17.633, NVIDIA GeForce RTX 3090, 8261, 24576, 92, 230.07
2026/08/01 17:30:18.728, NVIDIA GeForce RTX 3090, 8261, 24576, 64, 226.15
2026/08/01 17:30:19.799, NVIDIA GeForce RTX 3090, 8261, 24576, 90, 231.21
2026/08/01 17:30:20.871, NVIDIA GeForce RTX 3090, 8261, 24576, 56, 227.18
2026/08/01 17:30:21.943, NVIDIA GeForce RTX 3090, 8261, 24576, 61, 227.30
2026/08/01 17:30:23.032, NVIDIA GeForce RTX 3090, 8261, 24576, 100, 229.00
2026/08/01 17:30:24.085, NVIDIA GeForce RTX 3090, 8261, 24576, 95, 232.19
2026/08/01 17:30:25.136, NVIDIA GeForce RTX 3090, 8261, 24576, 61, 231.27
2026/08/01 17:30:26.181, NVIDIA GeForce RTX 3090, 8261, 24576, 92, 227.52
2026/08/01 17:30:27.209, NVIDIA GeForce RTX 3090, 8261, 24576, 81, 228.37
2026/08/01 17:30:28.253, NVIDIA GeForce RTX 3090, 8261, 24576, 97, 227.63
2026/08/01 17:30:29.323, NVIDIA GeForce RTX 3090, 8261, 24576, 67, 228.54
2026/08/01 17:30:30.392, NVIDIA GeForce RTX 3090, 8261, 24576, 77, 232.34
2026/08/01 17:30:31.437, NVIDIA GeForce RTX 3090, 8261, 24576, 38, 225.58
2026/08/01 17:30:32.504, NVIDIA GeForce RTX 3090, 8261, 24576, 59, 229.65
2026/08/01 17:30:33.549, NVIDIA GeForce RTX 3090, 8261, 24576, 57, 225.54
2026/08/01 17:30:34.615, NVIDIA GeForce RTX 3090, 8261, 24576, 84, 230.05
2026/08/01 17:30:35.665, NVIDIA GeForce RTX 3090, 8261, 24576, 56, 229.43
2026/08/01 17:30:36.713, NVIDIA GeForce RTX 3090, 8261, 24576, 100, 229.33
2026/08/01 17:30:37.780, NVIDIA GeForce RTX 3090, 8261, 24576, 85, 230.91
2026/08/01 17:30:38.847, NVIDIA GeForce RTX 3090, 8261, 24576, 92, 229.93
2026/08/01 17:30:39.893, NVIDIA GeForce RTX 3090, 8261, 24576, 97, 227.77
2026/08/01 17:30:40.960, NVIDIA GeForce RTX 3090, 8261, 24576, 84, 230.71
2026/08/01 17:30:42.024, NVIDIA GeForce RTX 3090, 8261, 24576, 51, 225.70
2026/08/01 17:30:43.088, NVIDIA GeForce RTX 3090, 8261, 24576, 81, 228.11
2026/08/01 17:30:44.152, NVIDIA GeForce RTX 3090, 8261, 24576, 45, 223.88
2026/08/01 17:30:45.185, NVIDIA GeForce RTX 3090, 8261, 24576, 81, 228.57
2026/08/01 17:30:46.247, NVIDIA GeForce RTX 3090, 8261, 24576, 43, 223.81
2026/08/01 17:30:47.293, NVIDIA GeForce RTX 3090, 8261, 24576, 79, 229.06
2026/08/01 17:30:48.360, NVIDIA GeForce RTX 3090, 8261, 24576, 57, 225.28
2026/08/01 17:30:49.389, NVIDIA GeForce RTX 3090, 8261, 24576, 52, 229.99
2026/08/01 17:30:50.437, NVIDIA GeForce RTX 3090, 8261, 24576, 39, 228.15
2026/08/01 17:30:51.524, NVIDIA GeForce RTX 3090, 8261, 24576, 87, 227.39
2026/08/01 17:30:52.569, NVIDIA GeForce RTX 3090, 8261, 24576, 42, 228.51
2026/08/01 17:30:53.617, NVIDIA GeForce RTX 3090, 8261, 24576, 100, 229.39
2026/08/01 17:30:54.645, NVIDIA GeForce RTX 3090, 8261, 24576, 67, 230.07
2026/08/01 17:30:55.690, NVIDIA GeForce RTX 3090, 8261, 24576, 44, 228.04
2026/08/01 17:30:56.738, NVIDIA GeForce RTX 3090, 8261, 24576, 55, 229.03
2026/08/01 17:30:57.785, NVIDIA GeForce RTX 3090, 8261, 24576, 44, 226.89
2026/08/01 17:30:58.833, NVIDIA GeForce RTX 3090, 8261, 24576, 72, 231.06
2026/08/01 17:30:59.900, NVIDIA GeForce RTX 3090, 8261, 24576, 92, 228.58
2026/08/01 17:31:00.976, NVIDIA GeForce RTX 3090, 8261, 24576, 88, 230.06
2026/08/01 17:31:02.025, NVIDIA GeForce RTX 3090, 8261, 24576, 86, 232.27
2026/08/01 17:31:03.074, NVIDIA GeForce RTX 3090, 8261, 24576, 93, 229.80
2026/08/01 17:31:04.125, NVIDIA GeForce RTX 3090, 8261, 24576, 75, 228.91
2026/08/01 17:31:05.173, NVIDIA GeForce RTX 3090, 8261, 24576, 92, 229.81
2026/08/01 17:31:06.226, NVIDIA GeForce RTX 3090, 8261, 24576, 45, 227.35
2026/08/01 17:31:07.296, NVIDIA GeForce RTX 3090, 8261, 24576, 55, 226.59
2026/08/01 17:31:08.396, NVIDIA GeForce RTX 3090, 8261, 24576, 100, 231.93
2026/08/01 17:31:09.445, NVIDIA GeForce RTX 3090, 8261, 24576, 55, 229.23
2026/08/01 17:31:10.497, NVIDIA GeForce RTX 3090, 8261, 24576, 98, 228.13
2026/08/01 17:31:11.549, NVIDIA GeForce RTX 3090, 8261, 24576, 96, 229.21
2026/08/01 17:31:12.644, NVIDIA GeForce RTX 3090, 8261, 24576, 92, 229.59
2026/08/01 17:31:13.716, NVIDIA GeForce RTX 3090, 8261, 24576, 42, 225.84
2026/08/01 17:31:14.811, NVIDIA GeForce RTX 3090, 8261, 24576, 96, 232.28
2026/08/01 17:31:15.861, NVIDIA GeForce RTX 3090, 8261, 24576, 64, 229.97
2026/08/01 17:31:16.960, NVIDIA GeForce RTX 3090, 8261, 24576, 91, 232.92
2026/08/01 17:31:18.010, NVIDIA GeForce RTX 3090, 8261, 24576, 53, 225.21
2026/08/01 17:31:19.061, NVIDIA GeForce RTX 3090, 8261, 24576, 92, 228.63
2026/08/01 17:31:20.136, NVIDIA GeForce RTX 3090, 8261, 24576, 63, 226.35
2026/08/01 17:31:21.208, NVIDIA GeForce RTX 3090, 8261, 24576, 36, 225.01
2026/08/01 17:31:22.261, NVIDIA GeForce RTX 3090, 8261, 24576, 73, 228.28
2026/08/01 17:31:23.314, NVIDIA GeForce RTX 3090, 8261, 24576, 54, 229.65
2026/08/01 17:31:24.343, NVIDIA GeForce RTX 3090, 8261, 24576, 35, 223.92
2026/08/01 17:31:25.372, NVIDIA GeForce RTX 3090, 8261, 24576, 69, 230.47
2026/08/01 17:31:26.425, NVIDIA GeForce RTX 3090, 8261, 24576, 44, 224.19
2026/08/01 17:31:27.477, NVIDIA GeForce RTX 3090, 8261, 24576, 59, 228.82
2026/08/01 17:31:28.552, NVIDIA GeForce RTX 3090, 8261, 24576, 34, 224.08
2026/08/01 17:31:29.601, NVIDIA GeForce RTX 3090, 8261, 24576, 64, 229.97
2026/08/01 17:31:30.676, NVIDIA GeForce RTX 3090, 8261, 24576, 92, 231.66
2026/08/01 17:31:31.726, NVIDIA GeForce RTX 3090, 8261, 24576, 72, 225.96
2026/08/01 17:31:32.757, NVIDIA GeForce RTX 3090, 8261, 24576, 53, 227.81
2026/08/01 17:31:33.806, NVIDIA GeForce RTX 3090, 8261, 24576, 100, 230.48
2026/08/01 17:31:34.858, NVIDIA GeForce RTX 3090, 8261, 24576, 62, 229.80
2026/08/01 17:31:35.934, NVIDIA GeForce RTX 3090, 8261, 24576, 92, 229.86
2026/08/01 17:31:36.989, NVIDIA GeForce RTX 3090, 8261, 24576, 82, 229.15
2026/08/01 17:31:38.064, NVIDIA GeForce RTX 3090, 8261, 24576, 96, 225.41
2026/08/01 17:31:39.118, NVIDIA GeForce RTX 3090, 8261, 24576, 65, 228.70
2026/08/01 17:31:40.169, NVIDIA GeForce RTX 3090, 8261, 24576, 33, 224.34
2026/08/01 17:31:41.244, NVIDIA GeForce RTX 3090, 8261, 24576, 47, 230.52
2026/08/01 17:31:42.320, NVIDIA GeForce RTX 3090, 8261, 24576, 99, 232.94
2026/08/01 17:31:43.370, NVIDIA GeForce RTX 3090, 8261, 24576, 92, 228.82
2026/08/01 17:31:44.421, NVIDIA GeForce RTX 3090, 8261, 24576, 77, 226.34
2026/08/01 17:31:45.496, NVIDIA GeForce RTX 3090, 8261, 24576, 75, 232.88
2026/08/01 17:31:46.588, NVIDIA GeForce RTX 3090, 8261, 24576, 30, 224.29
2026/08/01 17:31:47.664, NVIDIA GeForce RTX 3090, 8261, 24576, 52, 229.31
2026/08/01 17:31:48.709, NVIDIA GeForce RTX 3090, 8261, 24576, 51, 224.04
2026/08/01 17:31:49.762, NVIDIA GeForce RTX 3090, 8261, 24576, 51, 227.90
2026/08/01 17:31:50.814, NVIDIA GeForce RTX 3090, 8261, 24576, 68, 227.53
2026/08/01 17:31:51.888, NVIDIA GeForce RTX 3090, 8261, 24576, 54, 229.73
2026/08/01 17:31:52.956, NVIDIA GeForce RTX 3090, 8261, 24576, 43, 229.79
2026/08/01 17:31:54.031, NVIDIA GeForce RTX 3090, 8261, 24576, 64, 228.89
2026/08/01 17:31:55.085, NVIDIA GeForce RTX 3090, 8261, 24576, 100, 228.41
2026/08/01 17:31:56.138, NVIDIA GeForce RTX 3090, 8261, 24576, 83, 231.87
2026/08/01 17:31:57.189, NVIDIA GeForce RTX 3090, 8261, 24576, 92, 228.34
2026/08/01 17:31:58.241, NVIDIA GeForce RTX 3090, 8261, 24576, 100, 231.17
2026/08/01 17:31:59.336, NVIDIA GeForce RTX 3090, 8261, 24576, 74, 229.40
2026/08/01 17:32:00.385, NVIDIA GeForce RTX 3090, 8261, 24576, 40, 225.70
2026/08/01 17:32:01.484, NVIDIA GeForce RTX 3090, 8261, 24576, 70, 229.09
2026/08/01 17:32:02.560, NVIDIA GeForce RTX 3090, 8261, 24576, 95, 226.08
2026/08/01 17:32:03.614, NVIDIA GeForce RTX 3090, 8261, 24576, 57, 229.78
2026/08/01 17:32:04.665, NVIDIA GeForce RTX 3090, 8261, 24576, 89, 226.41
2026/08/01 17:32:05.732, NVIDIA GeForce RTX 3090, 8261, 24576, 55, 229.39
2026/08/01 17:32:06.762, NVIDIA GeForce RTX 3090, 8261, 24576, 100, 228.61
2026/08/01 17:32:07.814, NVIDIA GeForce RTX 3090, 8261, 24576, 94, 232.54
2026/08/01 17:32:08.904, NVIDIA GeForce RTX 3090, 8261, 24576, 92, 228.67
2026/08/01 17:32:09.968, NVIDIA GeForce RTX 3090, 8261, 24576, 47, 226.77
2026/08/01 17:32:11.061, NVIDIA GeForce RTX 3090, 8261, 24576, 41, 226.92
2026/08/01 17:32:12.128, NVIDIA GeForce RTX 3090, 8261, 24576, 45, 226.48
2026/08/01 17:32:13.196, NVIDIA GeForce RTX 3090, 8261, 24576, 39, 228.07
2026/08/01 17:32:14.245, NVIDIA GeForce RTX 3090, 8261, 24576, 54, 229.54
2026/08/01 17:32:15.293, NVIDIA GeForce RTX 3090, 8261, 24576, 42, 228.57
2026/08/01 17:32:16.325, NVIDIA GeForce RTX 3090, 8261, 24576, 43, 225.57
2026/08/01 17:32:17.374, NVIDIA GeForce RTX 3090, 8261, 24576, 73, 229.34
2026/08/01 17:32:18.444, NVIDIA GeForce RTX 3090, 8261, 24576, 84, 228.33
2026/08/01 17:32:19.536, NVIDIA GeForce RTX 3090, 8261, 24576, 92, 227.77
2026/08/01 17:32:20.628, NVIDIA GeForce RTX 3090, 8261, 24576, 55, 228.02
2026/08/01 17:32:21.678, NVIDIA GeForce RTX 3090, 8261, 24576, 53, 229.08
2026/08/01 17:32:22.744, NVIDIA GeForce RTX 3090, 8261, 24576, 59, 229.57
2026/08/01 17:32:23.816, NVIDIA GeForce RTX 3090, 8261, 24576, 90, 228.70
2026/08/01 17:32:24.861, NVIDIA GeForce RTX 3090, 8261, 24576, 100, 226.69
2026/08/01 17:32:25.928, NVIDIA GeForce RTX 3090, 8261, 24576, 72, 230.92
2026/08/01 17:32:26.977, NVIDIA GeForce RTX 3090, 8261, 24576, 100, 227.64
2026/08/01 17:32:28.026, NVIDIA GeForce RTX 3090, 8261, 24576, 82, 230.61
2026/08/01 17:32:29.100, NVIDIA GeForce RTX 3090, 8261, 24576, 92, 230.17
2026/08/01 17:32:30.145, NVIDIA GeForce RTX 3090, 8261, 24576, 35, 226.14
2026/08/01 17:32:31.212, NVIDIA GeForce RTX 3090, 8261, 24576, 92, 227.58
2026/08/01 17:32:32.257, NVIDIA GeForce RTX 3090, 8261, 24576, 40, 225.88
2026/08/01 17:32:33.305, NVIDIA GeForce RTX 3090, 8261, 24576, 63, 228.45
2026/08/01 17:32:34.353, NVIDIA GeForce RTX 3090, 8261, 24576, 52, 229.37
2026/08/01 17:32:35.419, NVIDIA GeForce RTX 3090, 8261, 24576, 35, 224.30
2026/08/01 17:32:36.469, NVIDIA GeForce RTX 3090, 8261, 24576, 54, 229.26
2026/08/01 17:32:37.499, NVIDIA GeForce RTX 3090, 8261, 24576, 53, 223.86
2026/08/01 17:32:38.545, NVIDIA GeForce RTX 3090, 8261, 24576, 48, 228.84
2026/08/01 17:32:39.599, NVIDIA GeForce RTX 3090, 8261, 24576, 62, 223.90
2026/08/01 17:32:40.650, NVIDIA GeForce RTX 3090, 8261, 24576, 48, 224.72
2026/08/01 17:32:41.736, NVIDIA GeForce RTX 3090, 8261, 24576, 65, 230.38
2026/08/01 17:32:42.800, NVIDIA GeForce RTX 3090, 8261, 24576, 62, 227.60
2026/08/01 17:32:43.888, NVIDIA GeForce RTX 3090, 8261, 24576, 98, 229.61
2026/08/01 17:32:44.941, NVIDIA GeForce RTX 3090, 8261, 24576, 74, 230.29
2026/08/01 17:32:45.985, NVIDIA GeForce RTX 3090, 8261, 24576, 92, 227.85
2026/08/01 17:32:47.035, NVIDIA GeForce RTX 3090, 8261, 24576, 99, 228.78
2026/08/01 17:32:48.085, NVIDIA GeForce RTX 3090, 8261, 24576, 85, 228.42
2026/08/01 17:32:49.138, NVIDIA GeForce RTX 3090, 8261, 24576, 50, 226.04
2026/08/01 17:32:50.189, NVIDIA GeForce RTX 3090, 8261, 24576, 72, 228.45
2026/08/01 17:32:51.276, NVIDIA GeForce RTX 3090, 8261, 24576, 54, 227.69
2026/08/01 17:32:52.319, NVIDIA GeForce RTX 3090, 8261, 24576, 65, 227.53
2026/08/01 17:32:53.384, NVIDIA GeForce RTX 3090, 8261, 24576, 41, 226.60
2026/08/01 17:32:54.433, NVIDIA GeForce RTX 3090, 8261, 24576, 32, 231.11
2026/08/01 17:32:55.485, NVIDIA GeForce RTX 3090, 8261, 24576, 96, 233.14
2026/08/01 17:32:56.533, NVIDIA GeForce RTX 3090, 8261, 24576, 46, 230.32
2026/08/01 17:32:57.582, NVIDIA GeForce RTX 3090, 8261, 24576, 85, 229.87
2026/08/01 17:32:58.633, NVIDIA GeForce RTX 3090, 8261, 24576, 47, 223.96
2026/08/01 17:32:59.683, NVIDIA GeForce RTX 3090, 8261, 24576, 92, 226.04
2026/08/01 17:33:00.733, NVIDIA GeForce RTX 3090, 8261, 24576, 41, 227.71
2026/08/01 17:33:01.779, NVIDIA GeForce RTX 3090, 8261, 24576, 78, 229.37
2026/08/01 17:33:02.825, NVIDIA GeForce RTX 3090, 8261, 24576, 100, 224.06
2026/08/01 17:33:03.896, NVIDIA GeForce RTX 3090, 8261, 24576, 70, 228.73
2026/08/01 17:33:04.945, NVIDIA GeForce RTX 3090, 8261, 24576, 49, 227.94
2026/08/01 17:33:05.989, NVIDIA GeForce RTX 3090, 8261, 24576, 42, 226.87
2026/08/01 17:33:07.037, NVIDIA GeForce RTX 3090, 8261, 24576, 48, 229.09
2026/08/01 17:33:08.104, NVIDIA GeForce RTX 3090, 8261, 24576, 38, 223.91
2026/08/01 17:33:09.149, NVIDIA GeForce RTX 3090, 8261, 24576, 52, 228.52
2026/08/01 17:33:10.197, NVIDIA GeForce RTX 3090, 8261, 24576, 56, 226.07
2026/08/01 17:33:11.268, NVIDIA GeForce RTX 3090, 8261, 24576, 38, 223.94
2026/08/01 17:33:12.336, NVIDIA GeForce RTX 3090, 8261, 24576, 90, 231.05
2026/08/01 17:33:13.404, NVIDIA GeForce RTX 3090, 8261, 24576, 37, 226.89
2026/08/01 17:33:14.450, NVIDIA GeForce RTX 3090, 8261, 24576, 79, 227.74
2026/08/01 17:33:15.497, NVIDIA GeForce RTX 3090, 8261, 24576, 45, 228.06
2026/08/01 17:33:16.568, NVIDIA GeForce RTX 3090, 8261, 24576, 100, 229.19
2026/08/01 17:33:17.640, NVIDIA GeForce RTX 3090, 8261, 24576, 85, 229.29
2026/08/01 17:33:18.687, NVIDIA GeForce RTX 3090, 8261, 24576, 92, 232.41
2026/08/01 17:33:19.731, NVIDIA GeForce RTX 3090, 8261, 24576, 55, 228.70
2026/08/01 17:33:20.777, NVIDIA GeForce RTX 3090, 8261, 24576, 59, 228.02
2026/08/01 17:33:21.829, NVIDIA GeForce RTX 3090, 8261, 24576, 44, 225.16
2026/08/01 17:33:22.879, NVIDIA GeForce RTX 3090, 8261, 24576, 52, 227.85
2026/08/01 17:33:23.964, NVIDIA GeForce RTX 3090, 8261, 24576, 40, 227.72
2026/08/01 17:33:25.009, NVIDIA GeForce RTX 3090, 8261, 24576, 59, 230.11
2026/08/01 17:33:26.061, NVIDIA GeForce RTX 3090, 8261, 24576, 92, 227.66
2026/08/01 17:33:27.113, NVIDIA GeForce RTX 3090, 8261, 24576, 65, 225.25
2026/08/01 17:33:28.161, NVIDIA GeForce RTX 3090, 8261, 24576, 77, 233.69
2026/08/01 17:33:29.210, NVIDIA GeForce RTX 3090, 8261, 24576, 92, 228.07
2026/08/01 17:33:30.275, NVIDIA GeForce RTX 3090, 8261, 24576, 56, 228.77
2026/08/01 17:33:31.340, NVIDIA GeForce RTX 3090, 8261, 24576, 91, 231.54
2026/08/01 17:33:32.404, NVIDIA GeForce RTX 3090, 8261, 24576, 51, 229.20
2026/08/01 17:33:33.453, NVIDIA GeForce RTX 3090, 8261, 24576, 88, 226.42
2026/08/01 17:33:34.501, NVIDIA GeForce RTX 3090, 8261, 24576, 45, 227.49
2026/08/01 17:33:35.572, NVIDIA GeForce RTX 3090, 8261, 24576, 100, 230.19
2026/08/01 17:33:36.622, NVIDIA GeForce RTX 3090, 8261, 24576, 92, 227.51
2026/08/01 17:33:37.667, NVIDIA GeForce RTX 3090, 8261, 24576, 93, 229.52
2026/08/01 17:33:38.764, NVIDIA GeForce RTX 3090, 8261, 24576, 92, 227.51
2026/08/01 17:33:39.809, NVIDIA GeForce RTX 3090, 8261, 24576, 100, 224.32
2026/08/01 17:33:40.896, NVIDIA GeForce RTX 3090, 8261, 24576, 80, 228.21
2026/08/01 17:33:41.980, NVIDIA GeForce RTX 3090, 8261, 24576, 40, 225.49
2026/08/01 17:33:43.030, NVIDIA GeForce RTX 3090, 8261, 24576, 69, 228.68
2026/08/01 17:33:44.116, NVIDIA GeForce RTX 3090, 8261, 24576, 100, 226.47
2026/08/01 17:33:45.184, NVIDIA GeForce RTX 3090, 8261, 24576, 54, 228.88
2026/08/01 17:33:46.234, NVIDIA GeForce RTX 3090, 8261, 24576, 92, 230.95
2026/08/01 17:33:47.320, NVIDIA GeForce RTX 3090, 8261, 24576, 65, 226.92
2026/08/01 17:33:48.385, NVIDIA GeForce RTX 3090, 8261, 24576, 92, 231.27
2026/08/01 17:33:49.472, NVIDIA GeForce RTX 3090, 8261, 24576, 50, 224.53
2026/08/01 17:33:50.521, NVIDIA GeForce RTX 3090, 8261, 24576, 41, 227.68
2026/08/01 17:33:51.569, NVIDIA GeForce RTX 3090, 8261, 24576, 51, 225.60
2026/08/01 17:33:52.599, NVIDIA GeForce RTX 3090, 8261, 24576, 71, 230.75
2026/08/01 17:33:53.664, NVIDIA GeForce RTX 3090, 8261, 24576, 37, 223.77
2026/08/01 17:33:54.752, NVIDIA GeForce RTX 3090, 8261, 24576, 49, 228.58
2026/08/01 17:33:55.840, NVIDIA GeForce RTX 3090, 8261, 24576, 92, 229.63
2026/08/01 17:33:56.904, NVIDIA GeForce RTX 3090, 8261, 24576, 38, 228.89
2026/08/01 17:33:57.954, NVIDIA GeForce RTX 3090, 8261, 24576, 71, 228.23
2026/08/01 17:33:59.020, NVIDIA GeForce RTX 3090, 8261, 24576, 44, 228.44
2026/08/01 17:34:00.065, NVIDIA GeForce RTX 3090, 8261, 24576, 45, 224.34
2026/08/01 17:34:01.113, NVIDIA GeForce RTX 3090, 8261, 24576, 62, 229.03
2026/08/01 17:34:02.161, NVIDIA GeForce RTX 3090, 8261, 24576, 31, 223.66
2026/08/01 17:34:03.228, NVIDIA GeForce RTX 3090, 8261, 24576, 77, 231.02
2026/08/01 17:34:04.255, NVIDIA GeForce RTX 3090, 8261, 24576, 56, 229.14
2026/08/01 17:34:05.301, NVIDIA GeForce RTX 3090, 8261, 24576, 100, 228.67
2026/08/01 17:34:06.388, NVIDIA GeForce RTX 3090, 8261, 24576, 83, 229.08
2026/08/01 17:34:07.433, NVIDIA GeForce RTX 3090, 8261, 24576, 92, 229.91
2026/08/01 17:34:08.500, NVIDIA GeForce RTX 3090, 8261, 24576, 74, 227.61
2026/08/01 17:34:09.549, NVIDIA GeForce RTX 3090, 8261, 24576, 93, 227.82
2026/08/01 17:34:10.597, NVIDIA GeForce RTX 3090, 8261, 24576, 85, 228.46
2026/08/01 17:34:11.645, NVIDIA GeForce RTX 3090, 8261, 24576, 100, 229.09
2026/08/01 17:34:12.694, NVIDIA GeForce RTX 3090, 8261, 24576, 33, 228.70
2026/08/01 17:34:13.742, NVIDIA GeForce RTX 3090, 8261, 24576, 89, 228.74
2026/08/01 17:34:14.789, NVIDIA GeForce RTX 3090, 8261, 24576, 50, 223.89
2026/08/01 17:34:15.860, NVIDIA GeForce RTX 3090, 8261, 24576, 92, 225.89
2026/08/01 17:34:16.951, NVIDIA GeForce RTX 3090, 8261, 24576, 49, 227.05
2026/08/01 17:34:18.016, NVIDIA GeForce RTX 3090, 8261, 24576, 43, 225.27
2026/08/01 17:34:19.070, NVIDIA GeForce RTX 3090, 8261, 24576, 61, 228.15
2026/08/01 17:34:20.143, NVIDIA GeForce RTX 3090, 8261, 24576, 51, 228.41
2026/08/01 17:34:21.216, NVIDIA GeForce RTX 3090, 8261, 24576, 91, 228.45
2026/08/01 17:34:22.265, NVIDIA GeForce RTX 3090, 8261, 24576, 100, 226.61
2026/08/01 17:34:23.354, NVIDIA GeForce RTX 3090, 8261, 24576, 76, 228.62
2026/08/01 17:34:24.428, NVIDIA GeForce RTX 3090, 8261, 24576, 92, 228.30
2026/08/01 17:34:25.500, NVIDIA GeForce RTX 3090, 8261, 24576, 79, 228.07
2026/08/01 17:34:26.576, NVIDIA GeForce RTX 3090, 8261, 24576, 54, 229.09
2026/08/01 17:34:27.673, NVIDIA GeForce RTX 3090, 8261, 24576, 83, 225.73
2026/08/01 17:34:28.718, NVIDIA GeForce RTX 3090, 8261, 24576, 42, 224.27
2026/08/01 17:34:29.765, NVIDIA GeForce RTX 3090, 8261, 24576, 69, 229.99
2026/08/01 17:34:30.817, NVIDIA GeForce RTX 3090, 8261, 24576, 59, 229.50
2026/08/01 17:34:31.887, NVIDIA GeForce RTX 3090, 8261, 24576, 81, 229.59
2026/08/01 17:34:32.938, NVIDIA GeForce RTX 3090, 8261, 24576, 94, 225.22
2026/08/01 17:34:33.990, NVIDIA GeForce RTX 3090, 8261, 24576, 36, 228.16
2026/08/01 17:34:35.042, NVIDIA GeForce RTX 3090, 8261, 24576, 42, 228.35
2026/08/01 17:34:36.116, NVIDIA GeForce RTX 3090, 8261, 24576, 36, 224.13
2026/08/01 17:34:37.165, NVIDIA GeForce RTX 3090, 8261, 24576, 63, 229.32
2026/08/01 17:34:38.217, NVIDIA GeForce RTX 3090, 8261, 24576, 46, 224.92
2026/08/01 17:34:39.292, NVIDIA GeForce RTX 3090, 8261, 24576, 69, 229.42
2026/08/01 17:34:40.364, NVIDIA GeForce RTX 3090, 8261, 24576, 96, 228.06
2026/08/01 17:34:41.417, NVIDIA GeForce RTX 3090, 8261, 24576, 100, 232.96
2026/08/01 17:34:42.469, NVIDIA GeForce RTX 3090, 8261, 24576, 76, 228.30
2026/08/01 17:34:43.542, NVIDIA GeForce RTX 3090, 8261, 24576, 41, 225.05
2026/08/01 17:34:44.594, NVIDIA GeForce RTX 3090, 8261, 24576, 58, 226.57
2026/08/01 17:34:45.645, NVIDIA GeForce RTX 3090, 8261, 24576, 51, 225.01
2026/08/01 17:34:46.695, NVIDIA GeForce RTX 3090, 8261, 24576, 40, 228.30
2026/08/01 17:34:47.741, NVIDIA GeForce RTX 3090, 8261, 24576, 53, 228.61
2026/08/01 17:34:48.836, NVIDIA GeForce RTX 3090, 8261, 24576, 100, 230.27
2026/08/01 17:34:49.885, NVIDIA GeForce RTX 3090, 8261, 24576, 51, 228.36
2026/08/01 17:34:50.933, NVIDIA GeForce RTX 3090, 8261, 24576, 91, 229.64
2026/08/01 17:34:51.985, NVIDIA GeForce RTX 3090, 8261, 24576, 96, 232.27
2026/08/01 17:34:53.033, NVIDIA GeForce RTX 3090, 8261, 24576, 92, 226.11
2026/08/01 17:34:54.085, NVIDIA GeForce RTX 3090, 8261, 24576, 100, 228.94
2026/08/01 17:34:55.133, NVIDIA GeForce RTX 3090, 8261, 24576, 92, 228.02
2026/08/01 17:34:56.181, NVIDIA GeForce RTX 3090, 8261, 24576, 94, 230.01
2026/08/01 17:34:57.247, NVIDIA GeForce RTX 3090, 8261, 24576, 53, 228.76
2026/08/01 17:34:58.316, NVIDIA GeForce RTX 3090, 8261, 24576, 92, 229.13
2026/08/01 17:34:59.361, NVIDIA GeForce RTX 3090, 8261, 24576, 42, 227.17
2026/08/01 17:35:00.409, NVIDIA GeForce RTX 3090, 8261, 24576, 77, 228.84
2026/08/01 17:35:01.457, NVIDIA GeForce RTX 3090, 8261, 24576, 40, 225.53
2026/08/01 17:35:02.512, NVIDIA GeForce RTX 3090, 8261, 24576, 72, 228.69
2026/08/01 17:35:03.580, NVIDIA GeForce RTX 3090, 8261, 24576, 47, 224.02
2026/08/01 17:35:04.607, NVIDIA GeForce RTX 3090, 8261, 24576, 92, 226.48
2026/08/01 17:35:05.654, NVIDIA GeForce RTX 3090, 8261, 24576, 58, 227.68
2026/08/01 17:35:06.701, NVIDIA GeForce RTX 3090, 8261, 24576, 56, 230.43
2026/08/01 17:35:07.754, NVIDIA GeForce RTX 3090, 8261, 24576, 44, 228.98
2026/08/01 17:35:08.802, NVIDIA GeForce RTX 3090, 8261, 24576, 46, 224.77
2026/08/01 17:35:09.888, NVIDIA GeForce RTX 3090, 8261, 24576, 59, 229.33
2026/08/01 17:35:10.942, NVIDIA GeForce RTX 3090, 8261, 24576, 100, 229.60
2026/08/01 17:35:11.989, NVIDIA GeForce RTX 3090, 8261, 24576, 56, 228.99
2026/08/01 17:35:13.042, NVIDIA GeForce RTX 3090, 8261, 24576, 100, 229.75
2026/08/01 17:35:14.094, NVIDIA GeForce RTX 3090, 8261, 24576, 68, 229.75
2026/08/01 17:35:15.141, NVIDIA GeForce RTX 3090, 8261, 24576, 97, 228.89
2026/08/01 17:35:16.185, NVIDIA GeForce RTX 3090, 8261, 24576, 92, 231.20
2026/08/01 17:35:17.238, NVIDIA GeForce RTX 3090, 8261, 24576, 91, 231.11
2026/08/01 17:35:18.286, NVIDIA GeForce RTX 3090, 8261, 24576, 93, 229.66
2026/08/01 17:35:19.333, NVIDIA GeForce RTX 3090, 8261, 24576, 81, 228.55
2026/08/01 17:35:20.377, NVIDIA GeForce RTX 3090, 8261, 24576, 98, 227.26
2026/08/01 17:35:21.472, NVIDIA GeForce RTX 3090, 8261, 24576, 92, 227.98
2026/08/01 17:35:22.521, NVIDIA GeForce RTX 3090, 8261, 24576, 73, 226.61
2026/08/01 17:35:23.592, NVIDIA GeForce RTX 3090, 8261, 24576, 92, 227.90
2026/08/01 17:35:24.645, NVIDIA GeForce RTX 3090, 8261, 24576, 60, 228.57
2026/08/01 17:35:25.697, NVIDIA GeForce RTX 3090, 8261, 24576, 99, 224.89
2026/08/01 17:35:26.746, NVIDIA GeForce RTX 3090, 8261, 24576, 43, 228.57
2026/08/01 17:35:27.794, NVIDIA GeForce RTX 3090, 8261, 24576, 76, 229.24
2026/08/01 17:35:28.842, NVIDIA GeForce RTX 3090, 8261, 24576, 47, 224.71
2026/08/01 17:35:29.890, NVIDIA GeForce RTX 3090, 8261, 24576, 55, 230.42
2026/08/01 17:35:30.976, NVIDIA GeForce RTX 3090, 8261, 24576, 77, 231.22
2026/08/01 17:35:32.068, NVIDIA GeForce RTX 3090, 8261, 24576, 97, 227.63
2026/08/01 17:35:33.152, NVIDIA GeForce RTX 3090, 8261, 24576, 87, 228.37
2026/08/01 17:35:34.201, NVIDIA GeForce RTX 3090, 8261, 24576, 32, 223.85
2026/08/01 17:35:35.245, NVIDIA GeForce RTX 3090, 8261, 24576, 77, 228.80
2026/08/01 17:35:36.294, NVIDIA GeForce RTX 3090, 8261, 24576, 56, 224.93
2026/08/01 17:35:37.341, NVIDIA GeForce RTX 3090, 8261, 24576, 70, 229.12
2026/08/01 17:35:38.389, NVIDIA GeForce RTX 3090, 8261, 24576, 46, 224.73
2026/08/01 17:35:39.456, NVIDIA GeForce RTX 3090, 8261, 24576, 39, 225.39
2026/08/01 17:35:40.505, NVIDIA GeForce RTX 3090, 8261, 24576, 100, 233.49
2026/08/01 17:35:41.572, NVIDIA GeForce RTX 3090, 8261, 24576, 92, 238.15
2026/08/01 17:35:42.660, NVIDIA GeForce RTX 3090, 8261, 24576, 42, 225.55
2026/08/01 17:35:43.728, NVIDIA GeForce RTX 3090, 8261, 24576, 52, 228.16
2026/08/01 17:35:44.800, NVIDIA GeForce RTX 3090, 8261, 24576, 88, 226.50
2026/08/01 17:35:45.892, NVIDIA GeForce RTX 3090, 8261, 24576, 98, 227.14
2026/08/01 17:35:46.980, NVIDIA GeForce RTX 3090, 8261, 24576, 74, 228.69
2026/08/01 17:35:48.030, NVIDIA GeForce RTX 3090, 8261, 24576, 92, 228.46
2026/08/01 17:35:49.100, NVIDIA GeForce RTX 3090, 8261, 24576, 46, 227.89
2026/08/01 17:35:50.150, NVIDIA GeForce RTX 3090, 8261, 24576, 88, 229.30
2026/08/01 17:35:51.240, NVIDIA GeForce RTX 3090, 8261, 24576, 40, 224.45
2026/08/01 17:35:52.308, NVIDIA GeForce RTX 3090, 8261, 24576, 99, 232.94
2026/08/01 17:35:53.358, NVIDIA GeForce RTX 3090, 8261, 24576, 95, 235.32
2026/08/01 17:35:54.448, NVIDIA GeForce RTX 3090, 8261, 24576, 69, 228.64
2026/08/01 17:35:55.498, NVIDIA GeForce RTX 3090, 8261, 24576, 42, 224.60
2026/08/01 17:35:56.572, NVIDIA GeForce RTX 3090, 8261, 24576, 65, 230.87
2026/08/01 17:35:57.622, NVIDIA GeForce RTX 3090, 8261, 24576, 40, 223.99
2026/08/01 17:35:58.674, NVIDIA GeForce RTX 3090, 8261, 24576, 71, 230.56
2026/08/01 17:35:59.725, NVIDIA GeForce RTX 3090, 8261, 24576, 31, 223.88
2026/08/01 17:36:00.824, NVIDIA GeForce RTX 3090, 8261, 24576, 43, 228.61
2026/08/01 17:36:01.895, NVIDIA GeForce RTX 3090, 8261, 24576, 100, 228.57
2026/08/01 17:36:02.946, NVIDIA GeForce RTX 3090, 8261, 24576, 41, 227.45
2026/08/01 17:36:03.998, NVIDIA GeForce RTX 3090, 8261, 24576, 80, 227.52
2026/08/01 17:36:05.052, NVIDIA GeForce RTX 3090, 8261, 24576, 39, 225.60
2026/08/01 17:36:06.132, NVIDIA GeForce RTX 3090, 8261, 24576, 65, 228.43
2026/08/01 17:36:07.185, NVIDIA GeForce RTX 3090, 8261, 24576, 96, 226.58
2026/08/01 17:36:08.237, NVIDIA GeForce RTX 3090, 8261, 24576, 58, 229.23
2026/08/01 17:36:09.312, NVIDIA GeForce RTX 3090, 8261, 24576, 100, 229.23
2026/08/01 17:36:10.362, NVIDIA GeForce RTX 3090, 8261, 24576, 48, 228.04
2026/08/01 17:36:11.414, NVIDIA GeForce RTX 3090, 8261, 24576, 94, 227.12
2026/08/01 17:36:12.466, NVIDIA GeForce RTX 3090, 8261, 24576, 59, 230.87
2026/08/01 17:36:13.540, NVIDIA GeForce RTX 3090, 8261, 24576, 92, 229.88
2026/08/01 17:36:14.593, NVIDIA GeForce RTX 3090, 8261, 24576, 53, 228.22
2026/08/01 17:36:15.646, NVIDIA GeForce RTX 3090, 8261, 24576, 54, 230.91
2026/08/01 17:36:16.720, NVIDIA GeForce RTX 3090, 8261, 24576, 90, 231.77
2026/08/01 17:36:17.820, NVIDIA GeForce RTX 3090, 8261, 24576, 91, 227.03
2026/08/01 17:36:18.869, NVIDIA GeForce RTX 3090, 8261, 24576, 63, 228.57
2026/08/01 17:36:19.921, NVIDIA GeForce RTX 3090, 8261, 24576, 92, 227.26
2026/08/01 17:36:20.996, NVIDIA GeForce RTX 3090, 8261, 24576, 70, 228.30
2026/08/01 17:36:22.046, NVIDIA GeForce RTX 3090, 8261, 24576, 91, 227.61
2026/08/01 17:36:23.097, NVIDIA GeForce RTX 3090, 8261, 24576, 86, 228.47
2026/08/01 17:36:24.172, NVIDIA GeForce RTX 3090, 8261, 24576, 40, 224.23
2026/08/01 17:36:25.248, NVIDIA GeForce RTX 3090, 8261, 24576, 87, 229.12
2026/08/01 17:36:26.301, NVIDIA GeForce RTX 3090, 8261, 24576, 34, 223.93
2026/08/01 17:36:27.353, NVIDIA GeForce RTX 3090, 8261, 24576, 92, 226.16
2026/08/01 17:36:28.428, NVIDIA GeForce RTX 3090, 8261, 24576, 88, 226.60
2026/08/01 17:36:29.528, NVIDIA GeForce RTX 3090, 8261, 24576, 35, 223.79
2026/08/01 17:36:30.604, NVIDIA GeForce RTX 3090, 8261, 24576, 42, 228.37
2026/08/01 17:36:31.680, NVIDIA GeForce RTX 3090, 8261, 24576, 64, 224.85
2026/08/01 17:36:32.733, NVIDIA GeForce RTX 3090, 8261, 24576, 37, 223.74
2026/08/01 17:36:33.808, NVIDIA GeForce RTX 3090, 8261, 24576, 98, 233.01
2026/08/01 17:36:34.884, NVIDIA GeForce RTX 3090, 8261, 24576, 100, 225.35
2026/08/01 17:36:35.937, NVIDIA GeForce RTX 3090, 8261, 24576, 72, 230.68
2026/08/01 17:36:37.012, NVIDIA GeForce RTX 3090, 8261, 24576, 91, 228.66
2026/08/01 17:36:38.108, NVIDIA GeForce RTX 3090, 8261, 24576, 67, 228.47
2026/08/01 17:36:39.138, NVIDIA GeForce RTX 3090, 8261, 24576, 92, 228.31
2026/08/01 17:36:40.189, NVIDIA GeForce RTX 3090, 8261, 24576, 39, 228.81
2026/08/01 17:36:41.264, NVIDIA GeForce RTX 3090, 8261, 24576, 85, 231.26
2026/08/01 17:36:42.317, NVIDIA GeForce RTX 3090, 8261, 24576, 48, 225.15
2026/08/01 17:36:43.392, NVIDIA GeForce RTX 3090, 8261, 24576, 87, 230.63
2026/08/01 17:36:44.441, NVIDIA GeForce RTX 3090, 8261, 24576, 55, 229.41
2026/08/01 17:36:45.516, NVIDIA GeForce RTX 3090, 8261, 24576, 99, 228.29
2026/08/01 17:36:46.588, NVIDIA GeForce RTX 3090, 8261, 24576, 60, 226.27
2026/08/01 17:36:47.641, NVIDIA GeForce RTX 3090, 8261, 24576, 79, 230.51
2026/08/01 17:36:48.714, NVIDIA GeForce RTX 3090, 8261, 24576, 37, 224.13
2026/08/01 17:36:49.765, NVIDIA GeForce RTX 3090, 8261, 24576, 41, 228.33
2026/08/01 17:36:50.814, NVIDIA GeForce RTX 3090, 8261, 24576, 48, 225.46
2026/08/01 17:36:51.883, NVIDIA GeForce RTX 3090, 8261, 24576, 89, 231.26
2026/08/01 17:36:52.956, NVIDIA GeForce RTX 3090, 8261, 24576, 100, 226.98
2026/08/01 17:36:54.028, NVIDIA GeForce RTX 3090, 8261, 24576, 64, 229.36
2026/08/01 17:36:55.080, NVIDIA GeForce RTX 3090, 8261, 24576, 91, 229.91
2026/08/01 17:36:56.130, NVIDIA GeForce RTX 3090, 8261, 24576, 55, 225.44
2026/08/01 17:36:57.182, NVIDIA GeForce RTX 3090, 8261, 24576, 100, 229.61
2026/08/01 17:36:58.234, NVIDIA GeForce RTX 3090, 8261, 24576, 95, 231.99
2026/08/01 17:36:59.279, NVIDIA GeForce RTX 3090, 8261, 24576, 64, 231.40
2026/08/01 17:37:00.352, NVIDIA GeForce RTX 3090, 8261, 24576, 82, 231.77
2026/08/01 17:37:01.401, NVIDIA GeForce RTX 3090, 8261, 24576, 39, 228.43
2026/08/01 17:37:02.450, NVIDIA GeForce RTX 3090, 8261, 24576, 95, 228.71
2026/08/01 17:37:03.524, NVIDIA GeForce RTX 3090, 8261, 24576, 52, 226.23
2026/08/01 17:37:04.577, NVIDIA GeForce RTX 3090, 8261, 24576, 99, 233.11
2026/08/01 17:37:05.629, NVIDIA GeForce RTX 3090, 8261, 24576, 90, 230.73
2026/08/01 17:37:06.681, NVIDIA GeForce RTX 3090, 8261, 24576, 85, 232.24
2026/08/01 17:37:07.734, NVIDIA GeForce RTX 3090, 8261, 24576, 93, 225.85
2026/08/01 17:37:08.808, NVIDIA GeForce RTX 3090, 8261, 24576, 76, 228.73
2026/08/01 17:37:09.862, NVIDIA GeForce RTX 3090, 8261, 24576, 52, 226.29
2026/08/01 17:37:10.913, NVIDIA GeForce RTX 3090, 8261, 24576, 49, 228.46
2026/08/01 17:37:11.940, NVIDIA GeForce RTX 3090, 8261, 24576, 40, 228.55
2026/08/01 17:37:12.989, NVIDIA GeForce RTX 3090, 8261, 24576, 67, 229.47
2026/08/01 17:37:14.064, NVIDIA GeForce RTX 3090, 8261, 24576, 100, 230.45
2026/08/01 17:37:15.159, NVIDIA GeForce RTX 3090, 8261, 24576, 69, 229.21
2026/08/01 17:37:16.232, NVIDIA GeForce RTX 3090, 8261, 24576, 92, 225.93
2026/08/01 17:37:17.285, NVIDIA GeForce RTX 3090, 8261, 24576, 59, 228.56
2026/08/01 17:37:18.360, NVIDIA GeForce RTX 3090, 8261, 24576, 38, 226.12
2026/08/01 17:37:19.409, NVIDIA GeForce RTX 3090, 8261, 24576, 55, 227.06
2026/08/01 17:37:20.462, NVIDIA GeForce RTX 3090, 8261, 24576, 76, 231.02
2026/08/01 17:37:21.536, NVIDIA GeForce RTX 3090, 8261, 24576, 100, 228.08
2026/08/01 17:37:22.586, NVIDIA GeForce RTX 3090, 8261, 24576, 84, 230.77
2026/08/01 17:37:23.638, NVIDIA GeForce RTX 3090, 8261, 24576, 92, 228.06
2026/08/01 17:37:24.689, NVIDIA GeForce RTX 3090, 8261, 24576, 86, 228.26
2026/08/01 17:37:25.784, NVIDIA GeForce RTX 3090, 8261, 24576, 95, 227.55
2026/08/01 17:37:26.838, NVIDIA GeForce RTX 3090, 8261, 24576, 77, 228.88
2026/08/01 17:37:27.912, NVIDIA GeForce RTX 3090, 8261, 24576, 93, 229.79
2026/08/01 17:37:28.965, NVIDIA GeForce RTX 3090, 8261, 24576, 69, 227.40
2026/08/01 17:37:30.017, NVIDIA GeForce RTX 3090, 8261, 24576, 92, 228.22
2026/08/01 17:37:31.070, NVIDIA GeForce RTX 3090, 8261, 24576, 38, 228.15
2026/08/01 17:37:32.121, NVIDIA GeForce RTX 3090, 8261, 24576, 76, 229.12
2026/08/01 17:37:33.174, NVIDIA GeForce RTX 3090, 8261, 24576, 51, 228.95
2026/08/01 17:37:34.225, NVIDIA GeForce RTX 3090, 8261, 24576, 80, 226.51
2026/08/01 17:37:35.277, NVIDIA GeForce RTX 3090, 8261, 24576, 77, 231.39
2026/08/01 17:37:36.329, NVIDIA GeForce RTX 3090, 8261, 24576, 92, 227.80
2026/08/01 17:37:37.382, NVIDIA GeForce RTX 3090, 8261, 24576, 52, 226.77
2026/08/01 17:37:38.434, NVIDIA GeForce RTX 3090, 8261, 24576, 86, 226.26
2026/08/01 17:37:39.486, NVIDIA GeForce RTX 3090, 8261, 24576, 41, 225.34
2026/08/01 17:37:40.538, NVIDIA GeForce RTX 3090, 8261, 24576, 83, 229.58
2026/08/01 17:37:41.612, NVIDIA GeForce RTX 3090, 8261, 24576, 54, 230.64
2026/08/01 17:37:42.666, NVIDIA GeForce RTX 3090, 8261, 24576, 100, 228.88
2026/08/01 17:37:43.740, NVIDIA GeForce RTX 3090, 8261, 24576, 92, 226.74
2026/08/01 17:37:44.789, NVIDIA GeForce RTX 3090, 8261, 24576, 100, 229.27
2026/08/01 17:37:45.837, NVIDIA GeForce RTX 3090, 8261, 24576, 77, 229.38
2026/08/01 17:37:46.885, NVIDIA GeForce RTX 3090, 8261, 24576, 92, 231.84
2026/08/01 17:37:47.960, NVIDIA GeForce RTX 3090, 8261, 24576, 65, 225.80
2026/08/01 17:37:49.060, NVIDIA GeForce RTX 3090, 8261, 24576, 52, 228.44
2026/08/01 17:37:50.131, NVIDIA GeForce RTX 3090, 8261, 24576, 74, 227.25
2026/08/01 17:37:51.186, NVIDIA GeForce RTX 3090, 8261, 24576, 40, 228.18
2026/08/01 17:37:52.238, NVIDIA GeForce RTX 3090, 8261, 24576, 100, 230.34
2026/08/01 17:37:53.290, NVIDIA GeForce RTX 3090, 8261, 24576, 100, 230.76
2026/08/01 17:37:54.388, NVIDIA GeForce RTX 3090, 8261, 24576, 60, 229.21
2026/08/01 17:37:55.438, NVIDIA GeForce RTX 3090, 8261, 24576, 58, 226.68
2026/08/01 17:37:56.486, NVIDIA GeForce RTX 3090, 8261, 24576, 58, 231.10
2026/08/01 17:37:57.534, NVIDIA GeForce RTX 3090, 8261, 24576, 94, 229.74
2026/08/01 17:37:58.624, NVIDIA GeForce RTX 3090, 8261, 24576, 84, 231.14
2026/08/01 17:37:59.691, NVIDIA GeForce RTX 3090, 8261, 24576, 92, 229.33
2026/08/01 17:38:00.756, NVIDIA GeForce RTX 3090, 8261, 24576, 80, 228.60
2026/08/01 17:38:01.826, NVIDIA GeForce RTX 3090, 8261, 24576, 43, 224.18
2026/08/01 17:38:02.878, NVIDIA GeForce RTX 3090, 8261, 24576, 92, 227.16
2026/08/01 17:38:03.926, NVIDIA GeForce RTX 3090, 8261, 24576, 41, 225.96
2026/08/01 17:38:04.978, NVIDIA GeForce RTX 3090, 8261, 24576, 88, 229.08
2026/08/01 17:38:06.025, NVIDIA GeForce RTX 3090, 8261, 24576, 56, 229.56
2026/08/01 17:38:07.073, NVIDIA GeForce RTX 3090, 8261, 24576, 36, 223.85
2026/08/01 17:38:08.140, NVIDIA GeForce RTX 3090, 8261, 24576, 80, 231.32
2026/08/01 17:38:09.190, NVIDIA GeForce RTX 3090, 8261, 24576, 37, 224.76
2026/08/01 17:38:10.276, NVIDIA GeForce RTX 3090, 8261, 24576, 70, 229.75
2026/08/01 17:38:11.325, NVIDIA GeForce RTX 3090, 8261, 24576, 100, 227.61
2026/08/01 17:38:12.396, NVIDIA GeForce RTX 3090, 8261, 24576, 56, 229.28
2026/08/01 17:38:13.468, NVIDIA GeForce RTX 3090, 8261, 24576, 100, 228.82
2026/08/01 17:38:14.517, NVIDIA GeForce RTX 3090, 8261, 24576, 73, 229.38
2026/08/01 17:38:15.569, NVIDIA GeForce RTX 3090, 8261, 24576, 92, 228.49
2026/08/01 17:38:16.618, NVIDIA GeForce RTX 3090, 8261, 24576, 55, 228.16
2026/08/01 17:38:17.688, NVIDIA GeForce RTX 3090, 8261, 24576, 97, 226.63
2026/08/01 17:38:18.733, NVIDIA GeForce RTX 3090, 8261, 24576, 92, 228.18
2026/08/01 17:38:19.823, NVIDIA GeForce RTX 3090, 8261, 24576, 71, 224.80
2026/08/01 17:38:20.869, NVIDIA GeForce RTX 3090, 8261, 24576, 100, 227.33
2026/08/01 17:38:21.921, NVIDIA GeForce RTX 3090, 8261, 24576, 91, 226.73
2026/08/01 17:38:22.970, NVIDIA GeForce RTX 3090, 8261, 24576, 100, 229.62
2026/08/01 17:38:24.018, NVIDIA GeForce RTX 3090, 8261, 24576, 58, 229.59
2026/08/01 17:38:25.069, NVIDIA GeForce RTX 3090, 8261, 24576, 92, 228.93
2026/08/01 17:38:26.121, NVIDIA GeForce RTX 3090, 8261, 24576, 52, 227.51
2026/08/01 17:38:27.174, NVIDIA GeForce RTX 3090, 8261, 24576, 77, 230.68
2026/08/01 17:38:28.221, NVIDIA GeForce RTX 3090, 8261, 24576, 57, 224.10
2026/08/01 17:38:29.274, NVIDIA GeForce RTX 3090, 8261, 24576, 91, 228.93
2026/08/01 17:38:30.344, NVIDIA GeForce RTX 3090, 8261, 24576, 54, 227.68
2026/08/01 17:38:31.432, NVIDIA GeForce RTX 3090, 8261, 24576, 87, 231.69
2026/08/01 17:38:32.482, NVIDIA GeForce RTX 3090, 8261, 24576, 62, 229.62
2026/08/01 17:38:33.530, NVIDIA GeForce RTX 3090, 8261, 24576, 100, 229.36
2026/08/01 17:38:34.596, NVIDIA GeForce RTX 3090, 8261, 24576, 64, 230.24
2026/08/01 17:38:35.663, NVIDIA GeForce RTX 3090, 8261, 24576, 100, 228.93
2026/08/01 17:38:36.756, NVIDIA GeForce RTX 3090, 8261, 24576, 91, 228.59
2026/08/01 17:38:37.800, NVIDIA GeForce RTX 3090, 8261, 24576, 100, 225.52
2026/08/01 17:38:38.843, NVIDIA GeForce RTX 3090, 8261, 24576, 79, 229.54
2026/08/01 17:38:39.889, NVIDIA GeForce RTX 3090, 8261, 24576, 92, 228.85
2026/08/01 17:38:40.942, NVIDIA GeForce RTX 3090, 8261, 24576, 91, 227.52
2026/08/01 17:38:41.993, NVIDIA GeForce RTX 3090, 8261, 24576, 97, 227.87
2026/08/01 17:38:43.042, NVIDIA GeForce RTX 3090, 8261, 24576, 92, 226.10
2026/08/01 17:38:44.140, NVIDIA GeForce RTX 3090, 8261, 24576, 42, 228.61
2026/08/01 17:38:45.190, NVIDIA GeForce RTX 3090, 8261, 24576, 67, 229.45
2026/08/01 17:38:46.238, NVIDIA GeForce RTX 3090, 8261, 24576, 57, 225.82
2026/08/01 17:38:47.286, NVIDIA GeForce RTX 3090, 8261, 24576, 72, 229.04
2026/08/01 17:38:48.338, NVIDIA GeForce RTX 3090, 8261, 24576, 41, 224.27
2026/08/01 17:38:49.387, NVIDIA GeForce RTX 3090, 8261, 24576, 92, 226.95
2026/08/01 17:38:50.434, NVIDIA GeForce RTX 3090, 8261, 24576, 48, 227.12
2026/08/01 17:38:51.482, NVIDIA GeForce RTX 3090, 8261, 24576, 76, 229.42
2026/08/01 17:38:52.572, NVIDIA GeForce RTX 3090, 8261, 24576, 42, 224.07
2026/08/01 17:38:53.622, NVIDIA GeForce RTX 3090, 8261, 24576, 68, 230.67
2026/08/01 17:38:54.670, NVIDIA GeForce RTX 3090, 8261, 24576, 42, 224.21
2026/08/01 17:38:55.718, NVIDIA GeForce RTX 3090, 8261, 24576, 58, 229.65
2026/08/01 17:38:56.765, NVIDIA GeForce RTX 3090, 8261, 24576, 44, 224.62
2026/08/01 17:38:57.852, NVIDIA GeForce RTX 3090, 8261, 24576, 76, 230.92
2026/08/01 17:38:58.920, NVIDIA GeForce RTX 3090, 8261, 24576, 92, 230.05
2026/08/01 17:38:59.966, NVIDIA GeForce RTX 3090, 8261, 24576, 42, 231.17
2026/08/01 17:39:01.014, NVIDIA GeForce RTX 3090, 8261, 24576, 52, 229.04
2026/08/01 17:39:02.061, NVIDIA GeForce RTX 3090, 8261, 24576, 55, 224.20
2026/08/01 17:39:03.110, NVIDIA GeForce RTX 3090, 8261, 24576, 51, 229.51
2026/08/01 17:39:04.196, NVIDIA GeForce RTX 3090, 8261, 24576, 36, 229.70
2026/08/01 17:39:05.264, NVIDIA GeForce RTX 3090, 8261, 24576, 78, 230.90
2026/08/01 17:39:06.309, NVIDIA GeForce RTX 3090, 8261, 24576, 100, 227.26
2026/08/01 17:39:07.358, NVIDIA GeForce RTX 3090, 8261, 24576, 49, 228.59
2026/08/01 17:39:08.406, NVIDIA GeForce RTX 3090, 8261, 24576, 86, 227.04
2026/08/01 17:39:09.454, NVIDIA GeForce RTX 3090, 8261, 24576, 51, 229.40
2026/08/01 17:39:10.502, NVIDIA GeForce RTX 3090, 8261, 24576, 76, 226.24
2026/08/01 17:39:11.550, NVIDIA GeForce RTX 3090, 8261, 24576, 50, 226.91
2026/08/01 17:39:12.597, NVIDIA GeForce RTX 3090, 8261, 24576, 77, 228.61
2026/08/01 17:39:13.664, NVIDIA GeForce RTX 3090, 8261, 24576, 36, 224.16
2026/08/01 17:39:14.713, NVIDIA GeForce RTX 3090, 8261, 24576, 71, 230.74
2026/08/01 17:39:15.762, NVIDIA GeForce RTX 3090, 8261, 24576, 45, 225.00
2026/08/01 17:39:16.810, NVIDIA GeForce RTX 3090, 8261, 24576, 66, 229.23
2026/08/01 17:39:17.896, NVIDIA GeForce RTX 3090, 8261, 24576, 94, 229.10
2026/08/01 17:39:18.964, NVIDIA GeForce RTX 3090, 8261, 24576, 64, 227.92
2026/08/01 17:39:20.036, NVIDIA GeForce RTX 3090, 8261, 24576, 92, 229.88
2026/08/01 17:39:21.108, NVIDIA GeForce RTX 3090, 8261, 24576, 85, 228.42
2026/08/01 17:39:22.171, NVIDIA GeForce RTX 3090, 8261, 24576, 100, 228.78
2026/08/01 17:39:23.218, NVIDIA GeForce RTX 3090, 8261, 24576, 80, 229.58
2026/08/01 17:39:24.265, NVIDIA GeForce RTX 3090, 8261, 24576, 100, 228.58
2026/08/01 17:39:25.332, NVIDIA GeForce RTX 3090, 8261, 24576, 40, 229.76
2026/08/01 17:39:26.382, NVIDIA GeForce RTX 3090, 8261, 24576, 91, 228.92
2026/08/01 17:39:27.454, NVIDIA GeForce RTX 3090, 8261, 24576, 67, 225.60
2026/08/01 17:39:28.502, NVIDIA GeForce RTX 3090, 8261, 24576, 100, 233.21
2026/08/01 17:39:29.572, NVIDIA GeForce RTX 3090, 8261, 24576, 69, 230.80
2026/08/01 17:39:30.621, NVIDIA GeForce RTX 3090, 8261, 24576, 92, 228.78
2026/08/01 17:39:31.669, NVIDIA GeForce RTX 3090, 8261, 24576, 53, 226.69
2026/08/01 17:39:32.715, NVIDIA GeForce RTX 3090, 8261, 24576, 93, 230.07
2026/08/01 17:39:33.761, NVIDIA GeForce RTX 3090, 8261, 24576, 91, 229.44
2026/08/01 17:39:34.810, NVIDIA GeForce RTX 3090, 8261, 24576, 92, 228.61
2026/08/01 17:39:35.876, NVIDIA GeForce RTX 3090, 8261, 24576, 93, 230.87
2026/08/01 17:39:36.968, NVIDIA GeForce RTX 3090, 8261, 24576, 55, 229.02
2026/08/01 17:39:38.018, NVIDIA GeForce RTX 3090, 8261, 24576, 32, 224.23
2026/08/01 17:39:39.070, NVIDIA GeForce RTX 3090, 8261, 24576, 92, 227.93
2026/08/01 17:39:40.117, NVIDIA GeForce RTX 3090, 8261, 24576, 41, 226.98
2026/08/01 17:39:41.184, NVIDIA GeForce RTX 3090, 8261, 24576, 52, 229.95
2026/08/01 17:39:42.247, NVIDIA GeForce RTX 3090, 8261, 24576, 40, 224.75
2026/08/01 17:39:43.332, NVIDIA GeForce RTX 3090, 8261, 24576, 61, 228.84
2026/08/01 17:39:44.361, NVIDIA GeForce RTX 3090, 8261, 24576, 47, 225.20
2026/08/01 17:39:45.409, NVIDIA GeForce RTX 3090, 8261, 24576, 83, 230.76
2026/08/01 17:39:46.456, NVIDIA GeForce RTX 3090, 8261, 24576, 26, 224.14
2026/08/01 17:39:47.501, NVIDIA GeForce RTX 3090, 8261, 24576, 39, 228.71
2026/08/01 17:39:48.566, NVIDIA GeForce RTX 3090, 8261, 24576, 29, 224.90
2026/08/01 17:39:49.631, NVIDIA GeForce RTX 3090, 8261, 24576, 50, 226.82
2026/08/01 17:39:50.677, NVIDIA GeForce RTX 3090, 8261, 24576, 63, 227.65
2026/08/01 17:39:51.720, NVIDIA GeForce RTX 3090, 8261, 24576, 36, 226.42
2026/08/01 17:39:52.766, NVIDIA GeForce RTX 3090, 8261, 24576, 63, 226.65
2026/08/01 17:39:53.813, NVIDIA GeForce RTX 3090, 8261, 24576, 43, 225.48
2026/08/01 17:39:54.861, NVIDIA GeForce RTX 3090, 8261, 24576, 65, 228.39
2026/08/01 17:39:55.906, NVIDIA GeForce RTX 3090, 8261, 24576, 44, 224.41
2026/08/01 17:39:56.953, NVIDIA GeForce RTX 3090, 8261, 24576, 59, 229.52
2026/08/01 17:39:58.024, NVIDIA GeForce RTX 3090, 8261, 24576, 38, 223.88
2026/08/01 17:39:59.092, NVIDIA GeForce RTX 3090, 8261, 24576, 71, 230.66
2026/08/01 17:40:00.180, NVIDIA GeForce RTX 3090, 8261, 24576, 35, 226.60
2026/08/01 17:40:01.230, NVIDIA GeForce RTX 3090, 8261, 24576, 53, 229.42
2026/08/01 17:40:02.296, NVIDIA GeForce RTX 3090, 8261, 24576, 100, 229.98
2026/08/01 17:40:03.388, NVIDIA GeForce RTX 3090, 8261, 24576, 85, 228.92
2026/08/01 17:40:04.472, NVIDIA GeForce RTX 3090, 8261, 24576, 100, 229.33
2026/08/01 17:40:05.518, NVIDIA GeForce RTX 3090, 8261, 24576, 92, 228.32
2026/08/01 17:40:06.570, NVIDIA GeForce RTX 3090, 8261, 24576, 92, 226.24
2026/08/01 17:40:07.622, NVIDIA GeForce RTX 3090, 8261, 24576, 42, 225.37
2026/08/01 17:40:08.708, NVIDIA GeForce RTX 3090, 8261, 24576, 68, 229.85
2026/08/01 17:40:09.772, NVIDIA GeForce RTX 3090, 8261, 24576, 41, 228.00
2026/08/01 17:40:10.821, NVIDIA GeForce RTX 3090, 8261, 24576, 43, 227.99
2026/08/01 17:40:11.887, NVIDIA GeForce RTX 3090, 8261, 24576, 81, 227.77
2026/08/01 17:40:12.934, NVIDIA GeForce RTX 3090, 8261, 24576, 38, 227.55
2026/08/01 17:40:14.000, NVIDIA GeForce RTX 3090, 8261, 24576, 84, 228.22
2026/08/01 17:40:15.048, NVIDIA GeForce RTX 3090, 8261, 24576, 43, 226.54
2026/08/01 17:40:16.102, NVIDIA GeForce RTX 3090, 8261, 24576, 100, 232.06
2026/08/01 17:40:17.188, NVIDIA GeForce RTX 3090, 8261, 24576, 92, 227.53
2026/08/01 17:40:18.238, NVIDIA GeForce RTX 3090, 8261, 24576, 93, 227.70
2026/08/01 17:40:19.332, NVIDIA GeForce RTX 3090, 8261, 24576, 91, 226.88
2026/08/01 17:40:20.378, NVIDIA GeForce RTX 3090, 8261, 24576, 68, 228.59
2026/08/01 17:40:21.464, NVIDIA GeForce RTX 3090, 8261, 24576, 100, 227.82
2026/08/01 17:40:22.536, NVIDIA GeForce RTX 3090, 8261, 24576, 70, 228.95
2026/08/01 17:40:23.628, NVIDIA GeForce RTX 3090, 8261, 24576, 39, 224.69
2026/08/01 17:40:24.676, NVIDIA GeForce RTX 3090, 8261, 24576, 86, 231.39
2026/08/01 17:40:25.705, NVIDIA GeForce RTX 3090, 8261, 24576, 95, 232.89
2026/08/01 17:40:26.772, NVIDIA GeForce RTX 3090, 8261, 24576, 100, 231.53
2026/08/01 17:40:27.818, NVIDIA GeForce RTX 3090, 8261, 24576, 91, 225.31
2026/08/01 17:40:28.864, NVIDIA GeForce RTX 3090, 8261, 24576, 98, 228.87
2026/08/01 17:40:29.932, NVIDIA GeForce RTX 3090, 8261, 24576, 80, 230.32
2026/08/01 17:40:30.982, NVIDIA GeForce RTX 3090, 8261, 24576, 46, 224.18
2026/08/01 17:40:32.048, NVIDIA GeForce RTX 3090, 8261, 24576, 81, 229.71
2026/08/01 17:40:33.136, NVIDIA GeForce RTX 3090, 8261, 24576, 31, 224.01
2026/08/01 17:40:34.186, NVIDIA GeForce RTX 3090, 8261, 24576, 66, 230.17
2026/08/01 17:40:35.237, NVIDIA GeForce RTX 3090, 8261, 24576, 51, 226.31
2026/08/01 17:40:36.286, NVIDIA GeForce RTX 3090, 8261, 24576, 87, 229.37
2026/08/01 17:40:37.338, NVIDIA GeForce RTX 3090, 8261, 24576, 28, 223.99
2026/08/01 17:40:38.386, NVIDIA GeForce RTX 3090, 8261, 24576, 42, 224.63
2026/08/01 17:40:39.433, NVIDIA GeForce RTX 3090, 8261, 24576, 89, 228.46
2026/08/01 17:40:40.482, NVIDIA GeForce RTX 3090, 8261, 24576, 42, 225.41
2026/08/01 17:40:41.534, NVIDIA GeForce RTX 3090, 8261, 24576, 72, 228.81
2026/08/01 17:40:42.621, NVIDIA GeForce RTX 3090, 8261, 24576, 55, 228.71
2026/08/01 17:40:43.670, NVIDIA GeForce RTX 3090, 8261, 24576, 100, 230.26
2026/08/01 17:40:44.744, NVIDIA GeForce RTX 3090, 8261, 24576, 88, 231.60
2026/08/01 17:40:45.790, NVIDIA GeForce RTX 3090, 8261, 24576, 88, 231.99
2026/08/01 17:40:46.837, NVIDIA GeForce RTX 3090, 8261, 24576, 99, 228.21
2026/08/01 17:40:47.904, NVIDIA GeForce RTX 3090, 8261, 24576, 92, 229.88
2026/08/01 17:40:48.950, NVIDIA GeForce RTX 3090, 8261, 24576, 100, 229.04
2026/08/01 17:40:50.040, NVIDIA GeForce RTX 3090, 8261, 24576, 100, 224.71
2026/08/01 17:40:51.098, NVIDIA GeForce RTX 3090, 8261, 24576, 90, 229.54
2026/08/01 17:40:52.150, NVIDIA GeForce RTX 3090, 8261, 24576, 100, 229.99
2026/08/01 17:40:53.202, NVIDIA GeForce RTX 3090, 8261, 24576, 92, 226.04
2026/08/01 17:40:54.292, NVIDIA GeForce RTX 3090, 8261, 24576, 38, 227.92
2026/08/01 17:40:55.325, NVIDIA GeForce RTX 3090, 8261, 24576, 92, 226.45
2026/08/01 17:40:56.407, NVIDIA GeForce RTX 3090, 8261, 24576, 69, 230.36
2026/08/01 17:40:57.453, NVIDIA GeForce RTX 3090, 8261, 24576, 35, 232.61
2026/08/01 17:40:58.502, NVIDIA GeForce RTX 3090, 8261, 24576, 51, 229.71
2026/08/01 17:40:59.572, NVIDIA GeForce RTX 3090, 8261, 24576, 80, 234.92
2026/08/01 17:41:00.640, NVIDIA GeForce RTX 3090, 8261, 24576, 92, 229.30
2026/08/01 17:41:01.668, NVIDIA GeForce RTX 3090, 8261, 24576, 82, 228.88
2026/08/01 17:41:02.714, NVIDIA GeForce RTX 3090, 8261, 24576, 100, 228.92
2026/08/01 17:41:03.762, NVIDIA GeForce RTX 3090, 8261, 24576, 46, 229.33
2026/08/01 17:41:04.810, NVIDIA GeForce RTX 3090, 8261, 24576, 92, 229.02
2026/08/01 17:41:05.900, NVIDIA GeForce RTX 3090, 8261, 24576, 45, 225.58
2026/08/01 17:41:06.968, NVIDIA GeForce RTX 3090, 8261, 24576, 55, 229.84
2026/08/01 17:41:08.014, NVIDIA GeForce RTX 3090, 8261, 24576, 41, 224.78
2026/08/01 17:41:09.062, NVIDIA GeForce RTX 3090, 8261, 24576, 87, 231.52
2026/08/01 17:41:10.109, NVIDIA GeForce RTX 3090, 8261, 24576, 42, 227.12
2026/08/01 17:41:11.176, NVIDIA GeForce RTX 3090, 8261, 24576, 73, 229.09
2026/08/01 17:41:12.206, NVIDIA GeForce RTX 3090, 8261, 24576, 35, 224.57
2026/08/01 17:41:13.254, NVIDIA GeForce RTX 3090, 8261, 24576, 75, 232.02
2026/08/01 17:41:14.301, NVIDIA GeForce RTX 3090, 8261, 24576, 77, 227.91
2026/08/01 17:41:15.367, NVIDIA GeForce RTX 3090, 8261, 24576, 77, 233.09
2026/08/01 17:41:16.414, NVIDIA GeForce RTX 3090, 8261, 24576, 100, 228.38
2026/08/01 17:41:17.466, NVIDIA GeForce RTX 3090, 8261, 24576, 83, 226.72
2026/08/01 17:41:18.532, NVIDIA GeForce RTX 3090, 8261, 24576, 100, 229.57
2026/08/01 17:41:19.596, NVIDIA GeForce RTX 3090, 8261, 24576, 45, 230.32
2026/08/01 17:41:20.659, NVIDIA GeForce RTX 3090, 8261, 24576, 66, 230.57
2026/08/01 17:41:21.706, NVIDIA GeForce RTX 3090, 8261, 24576, 31, 224.62
2026/08/01 17:41:22.754, NVIDIA GeForce RTX 3090, 8261, 24576, 47, 229.57
2026/08/01 17:41:23.802, NVIDIA GeForce RTX 3090, 8261, 24576, 48, 224.55
2026/08/01 17:41:24.849, NVIDIA GeForce RTX 3090, 8261, 24576, 69, 231.01
2026/08/01 17:41:25.897, NVIDIA GeForce RTX 3090, 8261, 24576, 37, 224.86
2026/08/01 17:41:26.964, NVIDIA GeForce RTX 3090, 8261, 24576, 51, 229.36
2026/08/01 17:41:28.028, NVIDIA GeForce RTX 3090, 8261, 24576, 37, 224.92
2026/08/01 17:41:29.096, NVIDIA GeForce RTX 3090, 8261, 24576, 40, 228.61
2026/08/01 17:41:30.145, NVIDIA GeForce RTX 3090, 8261, 24576, 54, 227.84
2026/08/01 17:41:31.193, NVIDIA GeForce RTX 3090, 8261, 24576, 52, 226.24
2026/08/01 17:41:32.241, NVIDIA GeForce RTX 3090, 8261, 24576, 75, 228.90
2026/08/01 17:41:33.290, NVIDIA GeForce RTX 3090, 8261, 24576, 44, 225.57
2026/08/01 17:41:34.338, NVIDIA GeForce RTX 3090, 8261, 24576, 34, 234.32
2026/08/01 17:41:35.385, NVIDIA GeForce RTX 3090, 8261, 24576, 91, 233.02
2026/08/01 17:41:36.456, NVIDIA GeForce RTX 3090, 8261, 24576, 41, 232.36
2026/08/01 17:41:37.524, NVIDIA GeForce RTX 3090, 8261, 24576, 76, 229.32
2026/08/01 17:41:38.608, NVIDIA GeForce RTX 3090, 8261, 24576, 42, 225.09
2026/08/01 17:41:39.656, NVIDIA GeForce RTX 3090, 8261, 24576, 66, 229.98
2026/08/01 17:41:40.720, NVIDIA GeForce RTX 3090, 8261, 24576, 39, 228.00
2026/08/01 17:41:41.766, NVIDIA GeForce RTX 3090, 8261, 24576, 92, 229.43
2026/08/01 17:41:42.817, NVIDIA GeForce RTX 3090, 8261, 24576, 72, 231.82
2026/08/01 17:41:43.884, NVIDIA GeForce RTX 3090, 8261, 24576, 100, 228.01
2026/08/01 17:41:44.929, NVIDIA GeForce RTX 3090, 8261, 24576, 100, 234.47
2026/08/01 17:41:45.973, NVIDIA GeForce RTX 3090, 8261, 24576, 92, 225.75
2026/08/01 17:41:47.025, NVIDIA GeForce RTX 3090, 8261, 24576, 66, 227.63
2026/08/01 17:41:48.074, NVIDIA GeForce RTX 3090, 8261, 24576, 79, 225.56
2026/08/01 17:41:49.140, NVIDIA GeForce RTX 3090, 8261, 24576, 40, 228.32
2026/08/01 17:41:50.224, NVIDIA GeForce RTX 3090, 8261, 24576, 97, 232.49
2026/08/01 17:41:51.269, NVIDIA GeForce RTX 3090, 8261, 24576, 85, 230.93
2026/08/01 17:41:52.360, NVIDIA GeForce RTX 3090, 8261, 24576, 54, 226.82
2026/08/01 17:41:53.410, NVIDIA GeForce RTX 3090, 8261, 24576, 47, 228.93
2026/08/01 17:41:54.457, NVIDIA GeForce RTX 3090, 8261, 24576, 100, 234.79
2026/08/01 17:41:55.505, NVIDIA GeForce RTX 3090, 8261, 24576, 69, 230.37
2026/08/01 17:41:56.576, NVIDIA GeForce RTX 3090, 8261, 24576, 100, 228.02
2026/08/01 17:41:57.626, NVIDIA GeForce RTX 3090, 8261, 24576, 69, 230.79
2026/08/01 17:41:58.673, NVIDIA GeForce RTX 3090, 8261, 24576, 92, 228.72
2026/08/01 17:41:59.721, NVIDIA GeForce RTX 3090, 8261, 24576, 100, 231.65
2026/08/01 17:42:00.769, NVIDIA GeForce RTX 3090, 8261, 24576, 82, 229.48
2026/08/01 17:42:01.842, NVIDIA GeForce RTX 3090, 8261, 24576, 37, 224.36
2026/08/01 17:42:02.898, NVIDIA GeForce RTX 3090, 8261, 24576, 74, 229.33
2026/08/01 17:42:03.950, NVIDIA GeForce RTX 3090, 8261, 24576, 40, 224.62
2026/08/01 17:42:05.016, NVIDIA GeForce RTX 3090, 8261, 24576, 92, 226.77
2026/08/01 17:42:06.066, NVIDIA GeForce RTX 3090, 8261, 24576, 44, 226.11
2026/08/01 17:42:07.132, NVIDIA GeForce RTX 3090, 8261, 24576, 36, 232.60
2026/08/01 17:42:08.200, NVIDIA GeForce RTX 3090, 8261, 24576, 44, 228.85
2026/08/01 17:42:09.268, NVIDIA GeForce RTX 3090, 8261, 24576, 100, 228.71
2026/08/01 17:42:10.344, NVIDIA GeForce RTX 3090, 8261, 24576, 83, 230.26
2026/08/01 17:42:11.394, NVIDIA GeForce RTX 3090, 8261, 24576, 98, 229.30
2026/08/01 17:42:12.442, NVIDIA GeForce RTX 3090, 8261, 24576, 56, 228.77
2026/08/01 17:42:13.528, NVIDIA GeForce RTX 3090, 8261, 24576, 92, 227.81
2026/08/01 17:42:14.582, NVIDIA GeForce RTX 3090, 8261, 24576, 58, 226.20
2026/08/01 17:42:15.676, NVIDIA GeForce RTX 3090, 8261, 24576, 37, 224.90
2026/08/01 17:42:16.748, NVIDIA GeForce RTX 3090, 8261, 24576, 41, 226.01
2026/08/01 17:42:17.802, NVIDIA GeForce RTX 3090, 8261, 24576, 83, 227.02
2026/08/01 17:42:18.854, NVIDIA GeForce RTX 3090, 8261, 24576, 40, 224.42
2026/08/01 17:42:19.906, NVIDIA GeForce RTX 3090, 8261, 24576, 89, 229.73
2026/08/01 17:42:20.958, NVIDIA GeForce RTX 3090, 8261, 24576, 44, 225.12
2026/08/01 17:42:22.005, NVIDIA GeForce RTX 3090, 8261, 24576, 56, 229.74
2026/08/01 17:42:23.054, NVIDIA GeForce RTX 3090, 8261, 24576, 100, 229.20
2026/08/01 17:42:24.102, NVIDIA GeForce RTX 3090, 8261, 24576, 49, 229.30
2026/08/01 17:42:25.192, NVIDIA GeForce RTX 3090, 8261, 24576, 100, 229.66
2026/08/01 17:42:26.238, NVIDIA GeForce RTX 3090, 8261, 24576, 91, 228.96
2026/08/01 17:42:27.308, NVIDIA GeForce RTX 3090, 8261, 24576, 97, 227.70
2026/08/01 17:42:28.354, NVIDIA GeForce RTX 3090, 8261, 24576, 92, 228.91
2026/08/01 17:42:29.402, NVIDIA GeForce RTX 3090, 8261, 24576, 92, 227.72
2026/08/01 17:42:30.468, NVIDIA GeForce RTX 3090, 8261, 24576, 92, 229.59
2026/08/01 17:42:31.536, NVIDIA GeForce RTX 3090, 8261, 24576, 32, 225.57
2026/08/01 17:42:32.632, NVIDIA GeForce RTX 3090, 8261, 24576, 62, 229.68
2026/08/01 17:42:33.682, NVIDIA GeForce RTX 3090, 8261, 24576, 47, 226.02
2026/08/01 17:42:34.768, NVIDIA GeForce RTX 3090, 8261, 24576, 43, 228.09
2026/08/01 17:42:35.818, NVIDIA GeForce RTX 3090, 8261, 24576, 56, 230.65
2026/08/01 17:42:36.883, NVIDIA GeForce RTX 3090, 8261, 24576, 52, 229.24
2026/08/01 17:42:37.948, NVIDIA GeForce RTX 3090, 8261, 24576, 71, 225.72
2026/08/01 17:42:39.002, NVIDIA GeForce RTX 3090, 8261, 24576, 66, 230.33
2026/08/01 17:42:40.055, NVIDIA GeForce RTX 3090, 8261, 24576, 92, 230.46
2026/08/01 17:42:41.102, NVIDIA GeForce RTX 3090, 8261, 24576, 100, 231.03
2026/08/01 17:42:42.192, NVIDIA GeForce RTX 3090, 8261, 24576, 80, 228.80
2026/08/01 17:42:43.260, NVIDIA GeForce RTX 3090, 8261, 24576, 46, 225.02
2026/08/01 17:42:44.313, NVIDIA GeForce RTX 3090, 8261, 24576, 66, 229.53
2026/08/01 17:42:45.361, NVIDIA GeForce RTX 3090, 8261, 24576, 42, 227.18
2026/08/01 17:42:46.448, NVIDIA GeForce RTX 3090, 8261, 24576, 99, 230.38
2026/08/01 17:42:47.497, NVIDIA GeForce RTX 3090, 8261, 24576, 63, 229.09
2026/08/01 17:42:48.546, NVIDIA GeForce RTX 3090, 8261, 24576, 100, 229.43
2026/08/01 17:42:49.635, NVIDIA GeForce RTX 3090, 8261, 24576, 78, 229.52
2026/08/01 17:42:50.681, NVIDIA GeForce RTX 3090, 8261, 24576, 100, 228.03
2026/08/01 17:42:51.772, NVIDIA GeForce RTX 3090, 8261, 24576, 92, 228.70
2026/08/01 17:42:52.822, NVIDIA GeForce RTX 3090, 8261, 24576, 40, 227.00
2026/08/01 17:42:53.908, NVIDIA GeForce RTX 3090, 8261, 24576, 67, 230.48
2026/08/01 17:42:54.962, NVIDIA GeForce RTX 3090, 8261, 24576, 49, 229.28
2026/08/01 17:42:55.991, NVIDIA GeForce RTX 3090, 8261, 24576, 46, 224.63
2026/08/01 17:42:57.037, NVIDIA GeForce RTX 3090, 8261, 24576, 40, 228.17
2026/08/01 17:42:58.124, NVIDIA GeForce RTX 3090, 8261, 24576, 95, 228.75
2026/08/01 17:42:59.175, NVIDIA GeForce RTX 3090, 8261, 24576, 43, 227.15
2026/08/01 17:43:00.243, NVIDIA GeForce RTX 3090, 8261, 24576, 51, 226.32
2026/08/01 17:43:01.294, NVIDIA GeForce RTX 3090, 8261, 24576, 39, 224.85
2026/08/01 17:43:02.341, NVIDIA GeForce RTX 3090, 8261, 24576, 87, 230.65
2026/08/01 17:43:03.408, NVIDIA GeForce RTX 3090, 8261, 24576, 100, 227.28
2026/08/01 17:43:04.462, NVIDIA GeForce RTX 3090, 8261, 24576, 41, 227.51
2026/08/01 17:43:05.514, NVIDIA GeForce RTX 3090, 8261, 24576, 96, 228.55
2026/08/01 17:43:06.584, NVIDIA GeForce RTX 3090, 8261, 24576, 43, 226.60
2026/08/01 17:43:07.648, NVIDIA GeForce RTX 3090, 8261, 24576, 89, 229.15
2026/08/01 17:43:08.716, NVIDIA GeForce RTX 3090, 8261, 24576, 92, 228.67
2026/08/01 17:43:09.765, NVIDIA GeForce RTX 3090, 8261, 24576, 92, 231.46
2026/08/01 17:43:10.814, NVIDIA GeForce RTX 3090, 8261, 24576, 58, 228.15
2026/08/01 17:43:11.908, NVIDIA GeForce RTX 3090, 8261, 24576, 48, 229.28
2026/08/01 17:43:12.958, NVIDIA GeForce RTX 3090, 8261, 24576, 39, 224.08
2026/08/01 17:43:14.005, NVIDIA GeForce RTX 3090, 8261, 24576, 60, 229.64
2026/08/01 17:43:15.095, NVIDIA GeForce RTX 3090, 8261, 24576, 44, 224.78
2026/08/01 17:43:16.141, NVIDIA GeForce RTX 3090, 8261, 24576, 75, 230.84
2026/08/01 17:43:17.194, NVIDIA GeForce RTX 3090, 8261, 24576, 66, 230.38
2026/08/01 17:43:18.242, NVIDIA GeForce RTX 3090, 8261, 24576, 100, 228.28
2026/08/01 17:43:19.293, NVIDIA GeForce RTX 3090, 8261, 24576, 65, 229.43
2026/08/01 17:43:20.345, NVIDIA GeForce RTX 3090, 8261, 24576, 100, 228.87
2026/08/01 17:43:21.393, NVIDIA GeForce RTX 3090, 8261, 24576, 91, 232.55
2026/08/01 17:43:22.445, NVIDIA GeForce RTX 3090, 8261, 24576, 92, 229.27
2026/08/01 17:43:23.536, NVIDIA GeForce RTX 3090, 8261, 24576, 51, 228.66
2026/08/01 17:43:24.586, NVIDIA GeForce RTX 3090, 8261, 24576, 72, 228.97
2026/08/01 17:43:25.633, NVIDIA GeForce RTX 3090, 8261, 24576, 84, 231.78
2026/08/01 17:43:26.682, NVIDIA GeForce RTX 3090, 8261, 24576, 39, 226.79
2026/08/01 17:43:27.729, NVIDIA GeForce RTX 3090, 8261, 24576, 71, 232.86
2026/08/01 17:43:28.820, NVIDIA GeForce RTX 3090, 8261, 24576, 35, 224.10
2026/08/01 17:43:29.888, NVIDIA GeForce RTX 3090, 8261, 24576, 81, 229.29
2026/08/01 17:43:30.934, NVIDIA GeForce RTX 3090, 8261, 24576, 34, 223.93
2026/08/01 17:43:31.982, NVIDIA GeForce RTX 3090, 8261, 24576, 86, 228.72
2026/08/01 17:43:33.033, NVIDIA GeForce RTX 3090, 8261, 24576, 61, 228.41
2026/08/01 17:43:34.081, NVIDIA GeForce RTX 3090, 8261, 24576, 42, 228.54
2026/08/01 17:43:35.129, NVIDIA GeForce RTX 3090, 8261, 24576, 41, 228.36
2026/08/01 17:43:36.174, NVIDIA GeForce RTX 3090, 8261, 24576, 64, 225.33
2026/08/01 17:43:37.268, NVIDIA GeForce RTX 3090, 8261, 24576, 34, 224.23
2026/08/01 17:43:38.322, NVIDIA GeForce RTX 3090, 8261, 24576, 55, 229.35
2026/08/01 17:43:39.374, NVIDIA GeForce RTX 3090, 8261, 24576, 55, 223.94
2026/08/01 17:43:40.468, NVIDIA GeForce RTX 3090, 8261, 24576, 69, 230.55
2026/08/01 17:43:41.518, NVIDIA GeForce RTX 3090, 8261, 24576, 100, 227.95
2026/08/01 17:43:42.570, NVIDIA GeForce RTX 3090, 8261, 24576, 55, 229.42
2026/08/01 17:43:43.622, NVIDIA GeForce RTX 3090, 8261, 24576, 100, 229.26
2026/08/01 17:43:44.673, NVIDIA GeForce RTX 3090, 8261, 24576, 88, 231.23
2026/08/01 17:43:45.736, NVIDIA GeForce RTX 3090, 8261, 24576, 92, 230.57
2026/08/01 17:43:46.785, NVIDIA GeForce RTX 3090, 8261, 24576, 96, 227.08
2026/08/01 17:43:47.852, NVIDIA GeForce RTX 3090, 8261, 24576, 59, 228.73
2026/08/01 17:43:48.901, NVIDIA GeForce RTX 3090, 8261, 24576, 49, 229.34
2026/08/01 17:43:49.954, NVIDIA GeForce RTX 3090, 8261, 24576, 36, 224.18
2026/08/01 17:43:51.001, NVIDIA GeForce RTX 3090, 8261, 24576, 52, 229.39
2026/08/01 17:43:52.092, NVIDIA GeForce RTX 3090, 8261, 24576, 83, 226.23
2026/08/01 17:43:53.146, NVIDIA GeForce RTX 3090, 8261, 24576, 42, 225.50
2026/08/01 17:43:54.216, NVIDIA GeForce RTX 3090, 8261, 24576, 68, 229.18
2026/08/01 17:43:55.284, NVIDIA GeForce RTX 3090, 8261, 24576, 44, 227.46
2026/08/01 17:43:56.330, NVIDIA GeForce RTX 3090, 8261, 24576, 70, 230.43
2026/08/01 17:43:57.377, NVIDIA GeForce RTX 3090, 8261, 24576, 49, 228.26
2026/08/01 17:43:58.425, NVIDIA GeForce RTX 3090, 8261, 24576, 78, 230.22
2026/08/01 17:43:59.473, NVIDIA GeForce RTX 3090, 8261, 24576, 50, 228.97
2026/08/01 17:44:00.525, NVIDIA GeForce RTX 3090, 8261, 24576, 92, 230.80
2026/08/01 17:44:01.573, NVIDIA GeForce RTX 3090, 8261, 24576, 85, 227.91
2026/08/01 17:44:02.644, NVIDIA GeForce RTX 3090, 8261, 24576, 94, 227.35
2026/08/01 17:44:03.740, NVIDIA GeForce RTX 3090, 8261, 24576, 57, 229.47
2026/08/01 17:44:04.811, NVIDIA GeForce RTX 3090, 8261, 24576, 100, 232.42
2026/08/01 17:44:05.862, NVIDIA GeForce RTX 3090, 8261, 24576, 55, 229.38
2026/08/01 17:44:06.932, NVIDIA GeForce RTX 3090, 8261, 24576, 100, 229.30
2026/08/01 17:44:08.028, NVIDIA GeForce RTX 3090, 8261, 24576, 67, 229.36
2026/08/01 17:44:09.078, NVIDIA GeForce RTX 3090, 8261, 24576, 91, 229.55
2026/08/01 17:44:10.105, NVIDIA GeForce RTX 3090, 8261, 24576, 44, 228.40
2026/08/01 17:44:11.154, NVIDIA GeForce RTX 3090, 8261, 24576, 56, 226.19
2026/08/01 17:44:12.220, NVIDIA GeForce RTX 3090, 8261, 24576, 38, 225.89
2026/08/01 17:44:13.274, NVIDIA GeForce RTX 3090, 8261, 24576, 40, 232.30
2026/08/01 17:44:14.372, NVIDIA GeForce RTX 3090, 8261, 24576, 55, 228.68
2026/08/01 17:44:15.468, NVIDIA GeForce RTX 3090, 8261, 24576, 93, 226.65
2026/08/01 17:44:16.518, NVIDIA GeForce RTX 3090, 8261, 24576, 92, 227.17
2026/08/01 17:44:17.608, NVIDIA GeForce RTX 3090, 8261, 24576, 53, 228.47
2026/08/01 17:44:18.704, NVIDIA GeForce RTX 3090, 8261, 24576, 44, 225.30
2026/08/01 17:44:19.780, NVIDIA GeForce RTX 3090, 8261, 24576, 79, 229.85
2026/08/01 17:44:20.834, NVIDIA GeForce RTX 3090, 8261, 24576, 45, 224.69
2026/08/01 17:44:21.881, NVIDIA GeForce RTX 3090, 8261, 24576, 100, 233.52
2026/08/01 17:44:22.952, NVIDIA GeForce RTX 3090, 8261, 24576, 74, 230.57
2026/08/01 17:44:24.028, NVIDIA GeForce RTX 3090, 8261, 24576, 100, 227.62
2026/08/01 17:44:25.073, NVIDIA GeForce RTX 3090, 8261, 24576, 100, 229.07
2026/08/01 17:44:26.140, NVIDIA GeForce RTX 3090, 8261, 24576, 92, 225.33
2026/08/01 17:44:27.224, NVIDIA GeForce RTX 3090, 8261, 24576, 70, 228.39
2026/08/01 17:44:28.278, NVIDIA GeForce RTX 3090, 8261, 24576, 43, 224.22
2026/08/01 17:44:29.368, NVIDIA GeForce RTX 3090, 8261, 24576, 43, 234.29
2026/08/01 17:44:30.436, NVIDIA GeForce RTX 3090, 8261, 24576, 47, 229.11
2026/08/01 17:44:31.486, NVIDIA GeForce RTX 3090, 8261, 24576, 100, 229.07
2026/08/01 17:44:32.560, NVIDIA GeForce RTX 3090, 8261, 24576, 74, 231.35
2026/08/01 17:44:33.610, NVIDIA GeForce RTX 3090, 8261, 24576, 98, 228.03
2026/08/01 17:44:34.662, NVIDIA GeForce RTX 3090, 8261, 24576, 89, 230.44
2026/08/01 17:44:35.710, NVIDIA GeForce RTX 3090, 8261, 24576, 43, 224.31
2026/08/01 17:44:36.800, NVIDIA GeForce RTX 3090, 8261, 24576, 58, 229.80
2026/08/01 17:44:37.872, NVIDIA GeForce RTX 3090, 8261, 24576, 100, 229.09
2026/08/01 17:44:38.944, NVIDIA GeForce RTX 3090, 8261, 24576, 71, 230.95
2026/08/01 17:44:40.020, NVIDIA GeForce RTX 3090, 8261, 24576, 89, 225.17
2026/08/01 17:44:41.093, NVIDIA GeForce RTX 3090, 8261, 24576, 92, 227.52
2026/08/01 17:44:42.168, NVIDIA GeForce RTX 3090, 8261, 24576, 92, 226.34
2026/08/01 17:44:43.264, NVIDIA GeForce RTX 3090, 8261, 24576, 80, 226.11
2026/08/01 17:44:44.336, NVIDIA GeForce RTX 3090, 8261, 24576, 92, 227.73
2026/08/01 17:44:45.404, NVIDIA GeForce RTX 3090, 8261, 24576, 82, 228.31
2026/08/01 17:44:46.454, NVIDIA GeForce RTX 3090, 8261, 24576, 100, 228.78
2026/08/01 17:44:47.502, NVIDIA GeForce RTX 3090, 8261, 24576, 84, 228.86
2026/08/01 17:44:48.572, NVIDIA GeForce RTX 3090, 8261, 24576, 32, 224.29
2026/08/01 17:44:49.628, NVIDIA GeForce RTX 3090, 8261, 24576, 87, 228.66
2026/08/01 17:44:50.724, NVIDIA GeForce RTX 3090, 8261, 24576, 43, 228.29
2026/08/01 17:44:51.778, NVIDIA GeForce RTX 3090, 8261, 24576, 42, 224.32
2026/08/01 17:44:52.830, NVIDIA GeForce RTX 3090, 8261, 24576, 41, 224.60
2026/08/01 17:44:53.904, NVIDIA GeForce RTX 3090, 8261, 24576, 64, 229.55
2026/08/01 17:44:54.954, NVIDIA GeForce RTX 3090, 8261, 24576, 39, 226.71
2026/08/01 17:44:56.006, NVIDIA GeForce RTX 3090, 8261, 24576, 52, 229.43
2026/08/01 17:44:57.053, NVIDIA GeForce RTX 3090, 8261, 24576, 50, 229.17
2026/08/01 17:44:58.102, NVIDIA GeForce RTX 3090, 8261, 24576, 57, 229.65
2026/08/01 17:44:59.175, NVIDIA GeForce RTX 3090, 8261, 24576, 100, 229.04
2026/08/01 17:45:00.225, NVIDIA GeForce RTX 3090, 8261, 24576, 58, 229.36
2026/08/01 17:45:01.300, NVIDIA GeForce RTX 3090, 8261, 24576, 86, 226.26
2026/08/01 17:45:02.350, NVIDIA GeForce RTX 3090, 8261, 24576, 51, 227.54
2026/08/01 17:45:03.398, NVIDIA GeForce RTX 3090, 8261, 24576, 91, 230.58
2026/08/01 17:45:04.472, NVIDIA GeForce RTX 3090, 8261, 24576, 92, 229.05
2026/08/01 17:45:05.521, NVIDIA GeForce RTX 3090, 8261, 24576, 100, 229.44
2026/08/01 17:45:06.569, NVIDIA GeForce RTX 3090, 8261, 24576, 81, 229.43
2026/08/01 17:45:07.621, NVIDIA GeForce RTX 3090, 8261, 24576, 100, 226.86
2026/08/01 17:45:08.669, NVIDIA GeForce RTX 3090, 8261, 24576, 78, 230.41
2026/08/01 17:45:09.767, NVIDIA GeForce RTX 3090, 8261, 24576, 50, 224.09
2026/08/01 17:45:10.817, NVIDIA GeForce RTX 3090, 8261, 24576, 92, 227.45
2026/08/01 17:45:11.847, NVIDIA GeForce RTX 3090, 8261, 24576, 100, 227.35
2026/08/01 17:45:12.920, NVIDIA GeForce RTX 3090, 8261, 24576, 92, 226.77
2026/08/01 17:45:13.974, NVIDIA GeForce RTX 3090, 8261, 24576, 51, 227.09
2026/08/01 17:45:15.063, NVIDIA GeForce RTX 3090, 8261, 24576, 64, 230.05
2026/08/01 17:45:16.115, NVIDIA GeForce RTX 3090, 8261, 24576, 61, 228.01
2026/08/01 17:45:17.166, NVIDIA GeForce RTX 3090, 8261, 24576, 84, 228.21
2026/08/01 17:45:18.214, NVIDIA GeForce RTX 3090, 8261, 24576, 55, 229.51
2026/08/01 17:45:19.266, NVIDIA GeForce RTX 3090, 8261, 24576, 98, 229.83
2026/08/01 17:45:20.317, NVIDIA GeForce RTX 3090, 8261, 24576, 75, 230.13
2026/08/01 17:45:21.392, NVIDIA GeForce RTX 3090, 8261, 24576, 92, 229.05
2026/08/01 17:45:22.441, NVIDIA GeForce RTX 3090, 8261, 24576, 100, 228.00
2026/08/01 17:45:23.490, NVIDIA GeForce RTX 3090, 8261, 24576, 72, 229.23
2026/08/01 17:45:24.541, NVIDIA GeForce RTX 3090, 8261, 24576, 100, 225.67
2026/08/01 17:45:25.616, NVIDIA GeForce RTX 3090, 8261, 24576, 52, 229.18
2026/08/01 17:45:26.666, NVIDIA GeForce RTX 3090, 8261, 24576, 53, 225.81
2026/08/01 17:45:27.718, NVIDIA GeForce RTX 3090, 8261, 24576, 65, 228.48
2026/08/01 17:45:28.812, NVIDIA GeForce RTX 3090, 8261, 24576, 40, 227.53
2026/08/01 17:45:29.912, NVIDIA GeForce RTX 3090, 8261, 24576, 82, 228.32
2026/08/01 17:45:30.965, NVIDIA GeForce RTX 3090, 8261, 24576, 100, 227.54
2026/08/01 17:45:32.013, NVIDIA GeForce RTX 3090, 8261, 24576, 52, 228.34
2026/08/01 17:45:33.108, NVIDIA GeForce RTX 3090, 8261, 24576, 83, 234.62
2026/08/01 17:45:34.183, NVIDIA GeForce RTX 3090, 8261, 24576, 47, 224.90
2026/08/01 17:45:35.235, NVIDIA GeForce RTX 3090, 8261, 24576, 46, 232.36
2026/08/01 17:45:36.282, NVIDIA GeForce RTX 3090, 8261, 24576, 44, 228.76
2026/08/01 17:45:37.329, NVIDIA GeForce RTX 3090, 8261, 24576, 46, 224.95
2026/08/01 17:45:38.404, NVIDIA GeForce RTX 3090, 8261, 24576, 63, 229.56
2026/08/01 17:45:39.454, NVIDIA GeForce RTX 3090, 8261, 24576, 92, 229.90
2026/08/01 17:45:40.504, NVIDIA GeForce RTX 3090, 8261, 24576, 63, 226.27
2026/08/01 17:45:41.553, NVIDIA GeForce RTX 3090, 8261, 24576, 36, 229.94
2026/08/01 17:45:42.624, NVIDIA GeForce RTX 3090, 8261, 24576, 92, 225.60
2026/08/01 17:45:43.678, NVIDIA GeForce RTX 3090, 8261, 24576, 49, 228.00
2026/08/01 17:45:44.752, NVIDIA GeForce RTX 3090, 8261, 24576, 40, 224.62
2026/08/01 17:45:45.802, NVIDIA GeForce RTX 3090, 8261, 24576, 83, 228.71
2026/08/01 17:45:46.875, NVIDIA GeForce RTX 3090, 8261, 24576, 54, 228.47
2026/08/01 17:45:47.944, NVIDIA GeForce RTX 3090, 8261, 24576, 100, 229.59
2026/08/01 17:45:48.997, NVIDIA GeForce RTX 3090, 8261, 24576, 38, 228.06
2026/08/01 17:45:50.052, NVIDIA GeForce RTX 3090, 8261, 24576, 83, 227.29
2026/08/01 17:45:51.106, NVIDIA GeForce RTX 3090, 8261, 24576, 41, 226.11
2026/08/01 17:45:52.157, NVIDIA GeForce RTX 3090, 8261, 24576, 69, 228.32
2026/08/01 17:45:53.210, NVIDIA GeForce RTX 3090, 8261, 24576, 38, 224.46
2026/08/01 17:45:54.258, NVIDIA GeForce RTX 3090, 8261, 24576, 84, 230.84
2026/08/01 17:45:55.332, NVIDIA GeForce RTX 3090, 8261, 24576, 92, 230.40
2026/08/01 17:45:56.432, NVIDIA GeForce RTX 3090, 8261, 24576, 100, 225.06
2026/08/01 17:45:57.500, NVIDIA GeForce RTX 3090, 8261, 24576, 89, 228.75
2026/08/01 17:45:58.572, NVIDIA GeForce RTX 3090, 8261, 24576, 41, 224.22
2026/08/01 17:45:59.625, NVIDIA GeForce RTX 3090, 8261, 24576, 77, 229.96
2026/08/01 17:46:00.677, NVIDIA GeForce RTX 3090, 8261, 24576, 57, 226.58
2026/08/01 17:46:01.726, NVIDIA GeForce RTX 3090, 8261, 24576, 70, 228.50
2026/08/01 17:46:02.778, NVIDIA GeForce RTX 3090, 8261, 24576, 36, 224.66
2026/08/01 17:46:03.830, NVIDIA GeForce RTX 3090, 8261, 24576, 33, 232.14
2026/08/01 17:46:04.904, NVIDIA GeForce RTX 3090, 8261, 24576, 52, 227.16
2026/08/01 17:46:05.975, NVIDIA GeForce RTX 3090, 8261, 24576, 100, 230.61
2026/08/01 17:46:07.025, NVIDIA GeForce RTX 3090, 8261, 24576, 87, 229.26
2026/08/01 17:46:08.073, NVIDIA GeForce RTX 3090, 8261, 24576, 92, 227.27
2026/08/01 17:46:09.126, NVIDIA GeForce RTX 3090, 8261, 24576, 74, 228.11
2026/08/01 17:46:10.195, NVIDIA GeForce RTX 3090, 8261, 24576, 100, 225.74
2026/08/01 17:46:11.268, NVIDIA GeForce RTX 3090, 8261, 24576, 92, 228.19
2026/08/01 17:46:12.360, NVIDIA GeForce RTX 3090, 8261, 24576, 60, 230.47
2026/08/01 17:46:13.410, NVIDIA GeForce RTX 3090, 8261, 24576, 41, 228.63
2026/08/01 17:46:14.504, NVIDIA GeForce RTX 3090, 8261, 24576, 50, 228.27
2026/08/01 17:46:15.558, NVIDIA GeForce RTX 3090, 8261, 24576, 100, 228.86
2026/08/01 17:46:16.628, NVIDIA GeForce RTX 3090, 8261, 24576, 92, 228.10
2026/08/01 17:46:17.678, NVIDIA GeForce RTX 3090, 8261, 24576, 100, 229.09
2026/08/01 17:46:18.752, NVIDIA GeForce RTX 3090, 8261, 24576, 58, 229.00
2026/08/01 17:46:19.848, NVIDIA GeForce RTX 3090, 8261, 24576, 41, 228.05
2026/08/01 17:46:20.922, NVIDIA GeForce RTX 3090, 8261, 24576, 84, 227.30
2026/08/01 17:46:21.973, NVIDIA GeForce RTX 3090, 8261, 24576, 47, 224.59
2026/08/01 17:46:23.072, NVIDIA GeForce RTX 3090, 8261, 24576, 71, 229.81
2026/08/01 17:46:24.140, NVIDIA GeForce RTX 3090, 8261, 24576, 86, 232.67
2026/08/01 17:46:25.186, NVIDIA GeForce RTX 3090, 8261, 24576, 75, 225.42
2026/08/01 17:46:26.260, NVIDIA GeForce RTX 3090, 8261, 24576, 100, 226.96
2026/08/01 17:46:27.336, NVIDIA GeForce RTX 3090, 8261, 24576, 91, 228.57
2026/08/01 17:46:28.382, NVIDIA GeForce RTX 3090, 8261, 24576, 100, 229.26
2026/08/01 17:46:29.430, NVIDIA GeForce RTX 3090, 8261, 24576, 64, 228.44
2026/08/01 17:46:30.477, NVIDIA GeForce RTX 3090, 8261, 24576, 95, 227.41
2026/08/01 17:46:31.572, NVIDIA GeForce RTX 3090, 8261, 24576, 92, 224.99
2026/08/01 17:46:32.644, NVIDIA GeForce RTX 3090, 8261, 24576, 45, 228.26
2026/08/01 17:46:33.694, NVIDIA GeForce RTX 3090, 8261, 24576, 87, 228.88
2026/08/01 17:46:34.742, NVIDIA GeForce RTX 3090, 8261, 24576, 54, 225.14
2026/08/01 17:46:35.791, NVIDIA GeForce RTX 3090, 8261, 24576, 63, 229.16
2026/08/01 17:46:36.841, NVIDIA GeForce RTX 3090, 8261, 24576, 33, 223.78
2026/08/01 17:46:37.898, NVIDIA GeForce RTX 3090, 8261, 24576, 92, 225.72
2026/08/01 17:46:38.946, NVIDIA GeForce RTX 3090, 8261, 24576, 55, 226.70
2026/08/01 17:46:39.998, NVIDIA GeForce RTX 3090, 8261, 24576, 92, 227.88
2026/08/01 17:46:41.084, NVIDIA GeForce RTX 3090, 8261, 24576, 62, 230.41
2026/08/01 17:46:42.134, NVIDIA GeForce RTX 3090, 8261, 24576, 89, 227.96
2026/08/01 17:46:43.200, NVIDIA GeForce RTX 3090, 8261, 24576, 45, 228.71
2026/08/01 17:46:44.249, NVIDIA GeForce RTX 3090, 8261, 24576, 100, 229.55
2026/08/01 17:46:45.320, NVIDIA GeForce RTX 3090, 8261, 24576, 100, 233.77
2026/08/01 17:46:46.388, NVIDIA GeForce RTX 3090, 8261, 24576, 69, 229.55
2026/08/01 17:46:47.438, NVIDIA GeForce RTX 3090, 8261, 24576, 35, 223.78
2026/08/01 17:46:48.504, NVIDIA GeForce RTX 3090, 8261, 24576, 62, 227.25
2026/08/01 17:46:49.554, NVIDIA GeForce RTX 3090, 8261, 24576, 56, 226.29
2026/08/01 17:46:50.640, NVIDIA GeForce RTX 3090, 8261, 24576, 93, 229.67
2026/08/01 17:46:51.690, NVIDIA GeForce RTX 3090, 8261, 24576, 62, 228.20
2026/08/01 17:46:52.738, NVIDIA GeForce RTX 3090, 8261, 24576, 97, 229.41
2026/08/01 17:46:53.786, NVIDIA GeForce RTX 3090, 8261, 24576, 80, 229.76
2026/08/01 17:46:54.833, NVIDIA GeForce RTX 3090, 8261, 24576, 36, 227.81
2026/08/01 17:46:55.908, NVIDIA GeForce RTX 3090, 8261, 24576, 82, 229.11
2026/08/01 17:46:56.961, NVIDIA GeForce RTX 3090, 8261, 24576, 91, 227.83
2026/08/01 17:46:58.028, NVIDIA GeForce RTX 3090, 8261, 24576, 98, 230.38
2026/08/01 17:46:59.082, NVIDIA GeForce RTX 3090, 8261, 24576, 92, 227.85
2026/08/01 17:47:00.130, NVIDIA GeForce RTX 3090, 8261, 24576, 100, 229.66
2026/08/01 17:47:01.182, NVIDIA GeForce RTX 3090, 8261, 24576, 75, 229.85
2026/08/01 17:47:02.252, NVIDIA GeForce RTX 3090, 8261, 24576, 56, 229.03
2026/08/01 17:47:03.302, NVIDIA GeForce RTX 3090, 8261, 24576, 34, 227.03
2026/08/01 17:47:04.354, NVIDIA GeForce RTX 3090, 8261, 24576, 39, 225.08
2026/08/01 17:47:05.406, NVIDIA GeForce RTX 3090, 8261, 24576, 79, 228.56
2026/08/01 17:47:06.472, NVIDIA GeForce RTX 3090, 8261, 24576, 52, 228.96
2026/08/01 17:47:07.522, NVIDIA GeForce RTX 3090, 8261, 24576, 44, 227.14
2026/08/01 17:47:08.592, NVIDIA GeForce RTX 3090, 8261, 24576, 59, 229.18
2026/08/01 17:47:09.641, NVIDIA GeForce RTX 3090, 8261, 24576, 39, 229.81
2026/08/01 17:47:10.704, NVIDIA GeForce RTX 3090, 8261, 24576, 67, 228.73
2026/08/01 17:47:11.792, NVIDIA GeForce RTX 3090, 8261, 24576, 92, 229.68
2026/08/01 17:47:12.838, NVIDIA GeForce RTX 3090, 8261, 24576, 91, 228.55
2026/08/01 17:47:13.900, NVIDIA GeForce RTX 3090, 8261, 24576, 92, 227.83
2026/08/01 17:47:14.949, NVIDIA GeForce RTX 3090, 8261, 24576, 72, 228.64
2026/08/01 17:47:15.998, NVIDIA GeForce RTX 3090, 8261, 24576, 59, 232.61
2026/08/01 17:47:17.046, NVIDIA GeForce RTX 3090, 8261, 24576, 91, 228.38
2026/08/01 17:47:18.098, NVIDIA GeForce RTX 3090, 8261, 24576, 49, 226.94
2026/08/01 17:47:19.183, NVIDIA GeForce RTX 3090, 8261, 24576, 40, 228.45
2026/08/01 17:47:20.229, NVIDIA GeForce RTX 3090, 8261, 24576, 40, 225.12
2026/08/01 17:47:21.296, NVIDIA GeForce RTX 3090, 8261, 24576, 54, 228.95
2026/08/01 17:47:22.346, NVIDIA GeForce RTX 3090, 8261, 24576, 68, 226.25
2026/08/01 17:47:23.394, NVIDIA GeForce RTX 3090, 8261, 24576, 40, 224.15
2026/08/01 17:47:24.460, NVIDIA GeForce RTX 3090, 8261, 24576, 49, 229.15
2026/08/01 17:47:25.544, NVIDIA GeForce RTX 3090, 8261, 24576, 61, 227.81
2026/08/01 17:47:26.612, NVIDIA GeForce RTX 3090, 8261, 24576, 72, 230.99
2026/08/01 17:47:27.684, NVIDIA GeForce RTX 3090, 8261, 24576, 92, 228.49
2026/08/01 17:47:28.734, NVIDIA GeForce RTX 3090, 8261, 24576, 100, 231.00
2026/08/01 17:47:29.785, NVIDIA GeForce RTX 3090, 8261, 24576, 86, 229.37
2026/08/01 17:47:30.838, NVIDIA GeForce RTX 3090, 8261, 24576, 100, 228.54
2026/08/01 17:47:31.885, NVIDIA GeForce RTX 3090, 8261, 24576, 85, 229.46
2026/08/01 17:47:32.952, NVIDIA GeForce RTX 3090, 8261, 24576, 46, 224.94
2026/08/01 17:47:34.002, NVIDIA GeForce RTX 3090, 8261, 24576, 73, 228.35
2026/08/01 17:47:35.050, NVIDIA GeForce RTX 3090, 8261, 24576, 100, 224.35
2026/08/01 17:47:36.124, NVIDIA GeForce RTX 3090, 8261, 24576, 88, 228.72
2026/08/01 17:47:37.178, NVIDIA GeForce RTX 3090, 8261, 24576, 33, 224.09
2026/08/01 17:47:38.226, NVIDIA GeForce RTX 3090, 8261, 24576, 92, 225.57
2026/08/01 17:47:39.254, NVIDIA GeForce RTX 3090, 8261, 24576, 100, 227.74
2026/08/01 17:47:40.302, NVIDIA GeForce RTX 3090, 8261, 24576, 60, 229.08
2026/08/01 17:47:41.349, NVIDIA GeForce RTX 3090, 8261, 24576, 90, 228.55
2026/08/01 17:47:42.398, NVIDIA GeForce RTX 3090, 8261, 24576, 38, 224.38
2026/08/01 17:47:43.446, NVIDIA GeForce RTX 3090, 8261, 24576, 82, 229.15
2026/08/01 17:47:44.536, NVIDIA GeForce RTX 3090, 8261, 24576, 60, 223.80
2026/08/01 17:47:45.581, NVIDIA GeForce RTX 3090, 8261, 24576, 47, 224.62
2026/08/01 17:47:46.629, NVIDIA GeForce RTX 3090, 8261, 24576, 82, 228.24
2026/08/01 17:47:47.678, NVIDIA GeForce RTX 3090, 8261, 24576, 44, 224.37
2026/08/01 17:47:48.726, NVIDIA GeForce RTX 3090, 8261, 24576, 85, 228.64
2026/08/01 17:47:49.812, NVIDIA GeForce RTX 3090, 8261, 24576, 49, 226.49
2026/08/01 17:47:50.861, NVIDIA GeForce RTX 3090, 8261, 24576, 100, 231.59
2026/08/01 17:47:51.913, NVIDIA GeForce RTX 3090, 8261, 24576, 90, 231.74
2026/08/01 17:47:52.965, NVIDIA GeForce RTX 3090, 8261, 24576, 74, 231.23
2026/08/01 17:47:54.030, NVIDIA GeForce RTX 3090, 8261, 24576, 91, 229.32
2026/08/01 17:47:55.103, NVIDIA GeForce RTX 3090, 8261, 24576, 85, 226.66
2026/08/01 17:47:56.168, NVIDIA GeForce RTX 3090, 8261, 24576, 45, 224.88
2026/08/01 17:47:57.236, NVIDIA GeForce RTX 3090, 8261, 24576, 32, 224.12
2026/08/01 17:47:58.282, NVIDIA GeForce RTX 3090, 8261, 24576, 56, 229.41
2026/08/01 17:47:59.329, NVIDIA GeForce RTX 3090, 8261, 24576, 33, 223.87
2026/08/01 17:48:00.377, NVIDIA GeForce RTX 3090, 8261, 24576, 50, 228.99
2026/08/01 17:48:01.426, NVIDIA GeForce RTX 3090, 8261, 24576, 51, 225.77
2026/08/01 17:48:02.492, NVIDIA GeForce RTX 3090, 8261, 24576, 47, 228.79
2026/08/01 17:48:03.576, NVIDIA GeForce RTX 3090, 8261, 24576, 100, 229.26
2026/08/01 17:48:04.621, NVIDIA GeForce RTX 3090, 8261, 24576, 71, 230.58
2026/08/01 17:48:05.716, NVIDIA GeForce RTX 3090, 8261, 24576, 92, 229.10
2026/08/01 17:48:06.745, NVIDIA GeForce RTX 3090, 8261, 24576, 100, 229.95
2026/08/01 17:48:07.812, NVIDIA GeForce RTX 3090, 8261, 24576, 57, 229.97
2026/08/01 17:48:08.880, NVIDIA GeForce RTX 3090, 8261, 24576, 44, 226.39
2026/08/01 17:48:09.929, NVIDIA GeForce RTX 3090, 8261, 24576, 60, 227.15
2026/08/01 17:48:10.981, NVIDIA GeForce RTX 3090, 8261, 24576, 29, 224.00
2026/08/01 17:48:12.034, NVIDIA GeForce RTX 3090, 8261, 24576, 88, 228.80
2026/08/01 17:48:13.082, NVIDIA GeForce RTX 3090, 8261, 24576, 51, 225.68
2026/08/01 17:48:14.130, NVIDIA GeForce RTX 3090, 8261, 24576, 74, 228.55
2026/08/01 17:48:15.177, NVIDIA GeForce RTX 3090, 8261, 24576, 58, 229.81
2026/08/01 17:48:16.244, NVIDIA GeForce RTX 3090, 8261, 24576, 49, 225.61
2026/08/01 17:48:17.328, NVIDIA GeForce RTX 3090, 8261, 24576, 49, 227.93
2026/08/01 17:48:18.378, NVIDIA GeForce RTX 3090, 8261, 24576, 89, 226.54
2026/08/01 17:48:19.472, NVIDIA GeForce RTX 3090, 8261, 24576, 56, 232.17
2026/08/01 17:48:20.518, NVIDIA GeForce RTX 3090, 8261, 24576, 92, 227.08
2026/08/01 17:48:21.566, NVIDIA GeForce RTX 3090, 8261, 24576, 77, 228.69
2026/08/01 17:48:22.636, NVIDIA GeForce RTX 3090, 8261, 24576, 100, 227.66
2026/08/01 17:48:23.683, NVIDIA GeForce RTX 3090, 8261, 24576, 77, 229.51
2026/08/01 17:48:24.752, NVIDIA GeForce RTX 3090, 8261, 24576, 92, 230.16
2026/08/01 17:48:25.802, NVIDIA GeForce RTX 3090, 8261, 24576, 44, 226.48
2026/08/01 17:48:26.853, NVIDIA GeForce RTX 3090, 8261, 24576, 71, 229.26
2026/08/01 17:48:27.902, NVIDIA GeForce RTX 3090, 8261, 24576, 42, 225.38
2026/08/01 17:48:28.950, NVIDIA GeForce RTX 3090, 8261, 24576, 60, 227.82
2026/08/01 17:48:29.998, NVIDIA GeForce RTX 3090, 8261, 24576, 40, 224.29
2026/08/01 17:48:31.046, NVIDIA GeForce RTX 3090, 8261, 24576, 47, 229.72
2026/08/01 17:48:32.092, NVIDIA GeForce RTX 3090, 8261, 24576, 73, 230.56
2026/08/01 17:48:33.156, NVIDIA GeForce RTX 3090, 8261, 24576, 41, 227.84
2026/08/01 17:48:34.205, NVIDIA GeForce RTX 3090, 8261, 24576, 71, 228.86
2026/08/01 17:48:35.250, NVIDIA GeForce RTX 3090, 8261, 24576, 52, 225.92
2026/08/01 17:48:36.298, NVIDIA GeForce RTX 3090, 8261, 24576, 80, 229.61
2026/08/01 17:48:37.368, NVIDIA GeForce RTX 3090, 8261, 24576, 91, 228.97
2026/08/01 17:48:38.444, NVIDIA GeForce RTX 3090, 8261, 24576, 90, 226.85
2026/08/01 17:48:39.490, NVIDIA GeForce RTX 3090, 8261, 24576, 85, 231.91
2026/08/01 17:48:40.537, NVIDIA GeForce RTX 3090, 8261, 24576, 99, 227.99
2026/08/01 17:48:41.586, NVIDIA GeForce RTX 3090, 8261, 24576, 92, 227.40
2026/08/01 17:48:42.656, NVIDIA GeForce RTX 3090, 8261, 24576, 100, 230.11
2026/08/01 17:48:43.702, NVIDIA GeForce RTX 3090, 8261, 24576, 82, 229.88
2026/08/01 17:48:44.772, NVIDIA GeForce RTX 3090, 8261, 24576, 34, 224.65
2026/08/01 17:48:45.826, NVIDIA GeForce RTX 3090, 8261, 24576, 72, 228.78
2026/08/01 17:48:46.877, NVIDIA GeForce RTX 3090, 8261, 24576, 44, 225.67
2026/08/01 17:48:47.964, NVIDIA GeForce RTX 3090, 8261, 24576, 80, 229.95
2026/08/01 17:48:49.032, NVIDIA GeForce RTX 3090, 8261, 24576, 42, 224.29
2026/08/01 17:48:50.081, NVIDIA GeForce RTX 3090, 8261, 24576, 63, 229.60
2026/08/01 17:48:51.126, NVIDIA GeForce RTX 3090, 8261, 24576, 57, 225.69
2026/08/01 17:48:52.174, NVIDIA GeForce RTX 3090, 8261, 24576, 54, 229.38
2026/08/01 17:48:53.222, NVIDIA GeForce RTX 3090, 8261, 24576, 60, 224.08
2026/08/01 17:48:54.274, NVIDIA GeForce RTX 3090, 8261, 24576, 43, 224.39
2026/08/01 17:48:55.330, NVIDIA GeForce RTX 3090, 8261, 24576, 81, 228.76
2026/08/01 17:48:56.379, NVIDIA GeForce RTX 3090, 8261, 24576, 41, 224.92
2026/08/01 17:48:57.468, NVIDIA GeForce RTX 3090, 8261, 24576, 64, 229.04
2026/08/01 17:48:58.556, NVIDIA GeForce RTX 3090, 8261, 24576, 38, 227.19
2026/08/01 17:48:59.611, NVIDIA GeForce RTX 3090, 8261, 24576, 52, 229.28
2026/08/01 17:49:00.658, NVIDIA GeForce RTX 3090, 8261, 24576, 40, 229.07
2026/08/01 17:49:01.724, NVIDIA GeForce RTX 3090, 8261, 24576, 48, 228.78
2026/08/01 17:49:02.792, NVIDIA GeForce RTX 3090, 8261, 24576, 71, 230.39
2026/08/01 17:49:03.842, NVIDIA GeForce RTX 3090, 8261, 24576, 92, 229.10
2026/08/01 17:49:04.890, NVIDIA GeForce RTX 3090, 8261, 24576, 74, 227.85
2026/08/01 17:49:05.984, NVIDIA GeForce RTX 3090, 8261, 24576, 39, 224.17
2026/08/01 17:49:07.036, NVIDIA GeForce RTX 3090, 8261, 24576, 90, 227.82
2026/08/01 17:49:08.086, NVIDIA GeForce RTX 3090, 8261, 24576, 42, 226.74
2026/08/01 17:49:09.175, NVIDIA GeForce RTX 3090, 8261, 24576, 93, 231.50
2026/08/01 17:49:10.244, NVIDIA GeForce RTX 3090, 8261, 24576, 75, 231.63
2026/08/01 17:49:11.316, NVIDIA GeForce RTX 3090, 8261, 24576, 100, 227.67
2026/08/01 17:49:12.366, NVIDIA GeForce RTX 3090, 8261, 24576, 91, 227.96
2026/08/01 17:49:13.436, NVIDIA GeForce RTX 3090, 8261, 24576, 93, 229.97
2026/08/01 17:49:14.482, NVIDIA GeForce RTX 3090, 8261, 24576, 52, 228.70
2026/08/01 17:49:15.530, NVIDIA GeForce RTX 3090, 8261, 24576, 76, 230.96
2026/08/01 17:49:16.582, NVIDIA GeForce RTX 3090, 8261, 24576, 40, 224.60
2026/08/01 17:49:17.648, NVIDIA GeForce RTX 3090, 8261, 24576, 81, 228.45
2026/08/01 17:49:18.694, NVIDIA GeForce RTX 3090, 8261, 24576, 43, 225.44
2026/08/01 17:49:19.740, NVIDIA GeForce RTX 3090, 8261, 24576, 59, 227.74
2026/08/01 17:49:20.828, NVIDIA GeForce RTX 3090, 8261, 24576, 30, 224.27
2026/08/01 17:49:21.878, NVIDIA GeForce RTX 3090, 8261, 24576, 41, 225.18
2026/08/01 17:49:22.944, NVIDIA GeForce RTX 3090, 8261, 24576, 45, 228.54
2026/08/01 17:49:23.990, NVIDIA GeForce RTX 3090, 8261, 24576, 67, 230.36
2026/08/01 17:49:25.056, NVIDIA GeForce RTX 3090, 8261, 24576, 39, 227.20
2026/08/01 17:49:26.128, NVIDIA GeForce RTX 3090, 8261, 24576, 98, 230.90
2026/08/01 17:49:27.200, NVIDIA GeForce RTX 3090, 8261, 24576, 91, 227.66
2026/08/01 17:49:28.254, NVIDIA GeForce RTX 3090, 8261, 24576, 92, 227.59
2026/08/01 17:49:29.301, NVIDIA GeForce RTX 3090, 8261, 24576, 92, 230.94
2026/08/01 17:49:30.350, NVIDIA GeForce RTX 3090, 8261, 24576, 97, 228.23
2026/08/01 17:49:31.397, NVIDIA GeForce RTX 3090, 8261, 24576, 92, 228.59
2026/08/01 17:49:32.484, NVIDIA GeForce RTX 3090, 8261, 24576, 43, 226.32
2026/08/01 17:49:33.533, NVIDIA GeForce RTX 3090, 8261, 24576, 95, 224.89
2026/08/01 17:49:34.581, NVIDIA GeForce RTX 3090, 8261, 24576, 75, 228.63
2026/08/01 17:49:35.672, NVIDIA GeForce RTX 3090, 8261, 24576, 34, 224.22
2026/08/01 17:49:36.721, NVIDIA GeForce RTX 3090, 8261, 24576, 92, 225.00
2026/08/01 17:49:37.770, NVIDIA GeForce RTX 3090, 8261, 24576, 77, 228.16
2026/08/01 17:49:38.836, NVIDIA GeForce RTX 3090, 8261, 24576, 92, 229.38
2026/08/01 17:49:39.882, NVIDIA GeForce RTX 3090, 8261, 24576, 56, 227.84
2026/08/01 17:49:40.952, NVIDIA GeForce RTX 3090, 8261, 24576, 90, 230.75
2026/08/01 17:49:42.005, NVIDIA GeForce RTX 3090, 8261, 24576, 53, 225.08
2026/08/01 17:49:43.054, NVIDIA GeForce RTX 3090, 8261, 24576, 92, 229.27
2026/08/01 17:49:44.102, NVIDIA GeForce RTX 3090, 8261, 24576, 35, 226.08
2026/08/01 17:49:45.150, NVIDIA GeForce RTX 3090, 8261, 24576, 42, 229.82
2026/08/01 17:49:46.216, NVIDIA GeForce RTX 3090, 8261, 24576, 100, 234.36
2026/08/01 17:49:47.284, NVIDIA GeForce RTX 3090, 8261, 24576, 92, 226.58
2026/08/01 17:49:48.356, NVIDIA GeForce RTX 3090, 8261, 24576, 97, 227.61
2026/08/01 17:49:49.406, NVIDIA GeForce RTX 3090, 8261, 24576, 87, 228.62
2026/08/01 17:49:50.458, NVIDIA GeForce RTX 3090, 8261, 24576, 92, 227.85
2026/08/01 17:49:51.510, NVIDIA GeForce RTX 3090, 8261, 24576, 48, 226.63
2026/08/01 17:49:52.561, NVIDIA GeForce RTX 3090, 8261, 24576, 43, 225.75
2026/08/01 17:49:53.628, NVIDIA GeForce RTX 3090, 8261, 24576, 57, 228.65
2026/08/01 17:49:54.673, NVIDIA GeForce RTX 3090, 8261, 24576, 52, 227.72
2026/08/01 17:49:55.740, NVIDIA GeForce RTX 3090, 8261, 24576, 40, 227.38
2026/08/01 17:49:56.790, NVIDIA GeForce RTX 3090, 8261, 24576, 39, 226.82
2026/08/01 17:49:57.876, NVIDIA GeForce RTX 3090, 8261, 24576, 96, 230.75
2026/08/01 17:49:58.926, NVIDIA GeForce RTX 3090, 8261, 24576, 43, 228.81
2026/08/01 17:49:59.973, NVIDIA GeForce RTX 3090, 8261, 24576, 100, 230.90
2026/08/01 17:50:01.022, NVIDIA GeForce RTX 3090, 8261, 24576, 96, 232.27
2026/08/01 17:50:02.069, NVIDIA GeForce RTX 3090, 8261, 24576, 67, 231.23
2026/08/01 17:50:03.166, NVIDIA GeForce RTX 3090, 8261, 24576, 40, 224.72
2026/08/01 17:50:04.260, NVIDIA GeForce RTX 3090, 8261, 24576, 85, 228.54
2026/08/01 17:50:05.348, NVIDIA GeForce RTX 3090, 8261, 24576, 35, 224.43
2026/08/01 17:50:06.398, NVIDIA GeForce RTX 3090, 8261, 24576, 53, 229.60
2026/08/01 17:50:07.445, NVIDIA GeForce RTX 3090, 8261, 24576, 49, 227.49
2026/08/01 17:50:08.516, NVIDIA GeForce RTX 3090, 8261, 24576, 83, 228.66
2026/08/01 17:50:09.566, NVIDIA GeForce RTX 3090, 8261, 24576, 96, 227.57
2026/08/01 17:50:10.597, NVIDIA GeForce RTX 3090, 8261, 24576, 92, 230.28
2026/08/01 17:50:11.646, NVIDIA GeForce RTX 3090, 8261, 24576, 74, 226.82
2026/08/01 17:50:12.694, NVIDIA GeForce RTX 3090, 8261, 24576, 92, 228.11
2026/08/01 17:50:13.741, NVIDIA GeForce RTX 3090, 8261, 24576, 90, 229.14
2026/08/01 17:50:14.816, NVIDIA GeForce RTX 3090, 8261, 24576, 85, 231.83
2026/08/01 17:50:15.885, NVIDIA GeForce RTX 3090, 8261, 24576, 43, 227.93
2026/08/01 17:50:16.933, NVIDIA GeForce RTX 3090, 8261, 24576, 63, 225.74
2026/08/01 17:50:17.982, NVIDIA GeForce RTX 3090, 8261, 24576, 39, 226.26
2026/08/01 17:50:19.048, NVIDIA GeForce RTX 3090, 8261, 24576, 64, 227.57
2026/08/01 17:50:20.097, NVIDIA GeForce RTX 3090, 8261, 24576, 68, 230.27
2026/08/01 17:50:21.146, NVIDIA GeForce RTX 3090, 8261, 24576, 42, 225.65
2026/08/01 17:50:22.232, NVIDIA GeForce RTX 3090, 8261, 24576, 97, 231.64
2026/08/01 17:50:23.282, NVIDIA GeForce RTX 3090, 8261, 24576, 92, 226.07
2026/08/01 17:50:24.330, NVIDIA GeForce RTX 3090, 8261, 24576, 62, 226.90
2026/08/01 17:50:25.396, NVIDIA GeForce RTX 3090, 8261, 24576, 91, 226.36
2026/08/01 17:50:26.492, NVIDIA GeForce RTX 3090, 8261, 24576, 61, 232.13
2026/08/01 17:50:27.542, NVIDIA GeForce RTX 3090, 8261, 24576, 93, 227.59
2026/08/01 17:50:28.594, NVIDIA GeForce RTX 3090, 8261, 24576, 92, 225.54
2026/08/01 17:50:29.663, NVIDIA GeForce RTX 3090, 8261, 24576, 56, 227.12
2026/08/01 17:50:30.714, NVIDIA GeForce RTX 3090, 8261, 24576, 92, 230.25
2026/08/01 17:50:31.762, NVIDIA GeForce RTX 3090, 8261, 24576, 54, 225.47
2026/08/01 17:50:32.814, NVIDIA GeForce RTX 3090, 8261, 24576, 66, 231.10
2026/08/01 17:50:33.888, NVIDIA GeForce RTX 3090, 8261, 24576, 35, 224.27
2026/08/01 17:50:34.942, NVIDIA GeForce RTX 3090, 8261, 24576, 92, 226.42
2026/08/01 17:50:35.994, NVIDIA GeForce RTX 3090, 8261, 24576, 56, 226.40
2026/08/01 17:50:37.046, NVIDIA GeForce RTX 3090, 8261, 24576, 91, 226.95
2026/08/01 17:50:38.098, NVIDIA GeForce RTX 3090, 8261, 24576, 33, 228.38
2026/08/01 17:50:39.168, NVIDIA GeForce RTX 3090, 8261, 24576, 39, 224.64
2026/08/01 17:50:40.244, NVIDIA GeForce RTX 3090, 8261, 24576, 90, 228.18
2026/08/01 17:50:41.312, NVIDIA GeForce RTX 3090, 8261, 24576, 35, 224.42
2026/08/01 17:50:42.362, NVIDIA GeForce RTX 3090, 8261, 24576, 53, 229.46
2026/08/01 17:50:43.410, NVIDIA GeForce RTX 3090, 8261, 24576, 34, 224.18
2026/08/01 17:50:44.458, NVIDIA GeForce RTX 3090, 8261, 24576, 42, 227.50
2026/08/01 17:50:45.528, NVIDIA GeForce RTX 3090, 8261, 24576, 79, 226.16
2026/08/01 17:50:46.578, NVIDIA GeForce RTX 3090, 8261, 24576, 41, 228.93
2026/08/01 17:50:47.626, NVIDIA GeForce RTX 3090, 8261, 24576, 39, 224.12
2026/08/01 17:50:48.692, NVIDIA GeForce RTX 3090, 8261, 24576, 49, 229.24
2026/08/01 17:50:49.741, NVIDIA GeForce RTX 3090, 8261, 24576, 45, 224.38
2026/08/01 17:50:50.812, NVIDIA GeForce RTX 3090, 8261, 24576, 87, 231.61
2026/08/01 17:50:51.907, NVIDIA GeForce RTX 3090, 8261, 24576, 85, 232.26
2026/08/01 17:50:52.958, NVIDIA GeForce RTX 3090, 8261, 24576, 37, 224.31
2026/08/01 17:50:54.029, NVIDIA GeForce RTX 3090, 8261, 24576, 57, 228.64
2026/08/01 17:50:55.078, NVIDIA GeForce RTX 3090, 8261, 24576, 51, 229.35
2026/08/01 17:50:56.164, NVIDIA GeForce RTX 3090, 8261, 24576, 72, 226.06
2026/08/01 17:50:57.252, NVIDIA GeForce RTX 3090, 8261, 24576, 40, 228.55
2026/08/01 17:50:58.302, NVIDIA GeForce RTX 3090, 8261, 24576, 55, 228.20
2026/08/01 17:50:59.350, NVIDIA GeForce RTX 3090, 8261, 24576, 99, 230.12
2026/08/01 17:51:00.398, NVIDIA GeForce RTX 3090, 8261, 24576, 61, 228.40
2026/08/01 17:51:01.446, NVIDIA GeForce RTX 3090, 8261, 24576, 48, 226.44
2026/08/01 17:51:02.477, NVIDIA GeForce RTX 3090, 8261, 24576, 42, 226.81
2026/08/01 17:51:03.544, NVIDIA GeForce RTX 3090, 8261, 24576, 69, 228.50
2026/08/01 17:51:04.594, NVIDIA GeForce RTX 3090, 8261, 24576, 52, 227.77
2026/08/01 17:51:05.683, NVIDIA GeForce RTX 3090, 8261, 24576, 82, 228.18
2026/08/01 17:51:06.797, NVIDIA GeForce RTX 3090, 8261, 24576, 91, 228.39
2026/08/01 17:51:07.893, NVIDIA GeForce RTX 3090, 8261, 24576, 74, 227.63
2026/08/01 17:51:08.987, NVIDIA GeForce RTX 3090, 8261, 24576, 50, 229.36
2026/08/01 17:51:10.037, NVIDIA GeForce RTX 3090, 8261, 24576, 60, 228.02
2026/08/01 17:51:11.089, NVIDIA GeForce RTX 3090, 8261, 24576, 92, 228.94
2026/08/01 17:51:12.141, NVIDIA GeForce RTX 3090, 8261, 24576, 42, 227.65
2026/08/01 17:51:13.187, NVIDIA GeForce RTX 3090, 8261, 24576, 74, 227.54
2026/08/01 17:51:14.233, NVIDIA GeForce RTX 3090, 8261, 24576, 49, 226.13
2026/08/01 17:51:15.282, NVIDIA GeForce RTX 3090, 8261, 24576, 90, 230.10
2026/08/01 17:51:16.334, NVIDIA GeForce RTX 3090, 8261, 24576, 60, 227.44
2026/08/01 17:51:17.428, NVIDIA GeForce RTX 3090, 8261, 24576, 100, 227.80
2026/08/01 17:51:18.500, NVIDIA GeForce RTX 3090, 8261, 24576, 77, 229.11
2026/08/01 17:51:19.572, NVIDIA GeForce RTX 3090, 8261, 24576, 41, 224.86
2026/08/01 17:51:20.620, NVIDIA GeForce RTX 3090, 8261, 24576, 80, 229.17
2026/08/01 17:51:21.707, NVIDIA GeForce RTX 3090, 8261, 24576, 53, 226.95
2026/08/01 17:51:22.796, NVIDIA GeForce RTX 3090, 8261, 24576, 59, 227.30
2026/08/01 17:51:23.888, NVIDIA GeForce RTX 3090, 8261, 24576, 99, 228.42
2026/08/01 17:51:24.987, NVIDIA GeForce RTX 3090, 8261, 24576, 89, 230.18
2026/08/01 17:51:26.056, NVIDIA GeForce RTX 3090, 8261, 24576, 61, 227.82
2026/08/01 17:51:27.105, NVIDIA GeForce RTX 3090, 8261, 24576, 34, 228.86
2026/08/01 17:51:28.182, NVIDIA GeForce RTX 3090, 8261, 24576, 75, 231.50
2026/08/01 17:51:29.253, NVIDIA GeForce RTX 3090, 8261, 24576, 94, 228.21
2026/08/01 17:51:30.324, NVIDIA GeForce RTX 3090, 8261, 24576, 90, 230.84
2026/08/01 17:51:31.370, NVIDIA GeForce RTX 3090, 8261, 24576, 91, 227.90
2026/08/01 17:51:32.462, NVIDIA GeForce RTX 3090, 8261, 24576, 55, 228.27
2026/08/01 17:51:33.510, NVIDIA GeForce RTX 3090, 8261, 24576, 92, 226.82
2026/08/01 17:51:34.557, NVIDIA GeForce RTX 3090, 8261, 24576, 34, 227.30
2026/08/01 17:51:35.609, NVIDIA GeForce RTX 3090, 8261, 24576, 92, 226.26
2026/08/01 17:51:36.700, NVIDIA GeForce RTX 3090, 8261, 24576, 46, 227.23
2026/08/01 17:51:37.788, NVIDIA GeForce RTX 3090, 8261, 24576, 67, 230.07
2026/08/01 17:51:38.834, NVIDIA GeForce RTX 3090, 8261, 24576, 35, 224.26
2026/08/01 17:51:39.881, NVIDIA GeForce RTX 3090, 8261, 24576, 60, 229.89
2026/08/01 17:51:40.967, NVIDIA GeForce RTX 3090, 8261, 24576, 95, 229.72
2026/08/01 17:51:42.012, NVIDIA GeForce RTX 3090, 8261, 24576, 100, 232.25
2026/08/01 17:51:43.100, NVIDIA GeForce RTX 3090, 8261, 24576, 92, 227.46
2026/08/01 17:51:44.154, NVIDIA GeForce RTX 3090, 8261, 24576, 43, 226.73
2026/08/01 17:51:45.210, NVIDIA GeForce RTX 3090, 8261, 24576, 69, 229.26
2026/08/01 17:51:46.262, NVIDIA GeForce RTX 3090, 8261, 24576, 42, 224.27
2026/08/01 17:51:47.332, NVIDIA GeForce RTX 3090, 8261, 24576, 92, 226.78
2026/08/01 17:51:48.404, NVIDIA GeForce RTX 3090, 8261, 24576, 59, 226.81
2026/08/01 17:51:49.471, NVIDIA GeForce RTX 3090, 8261, 24576, 42, 226.28
2026/08/01 17:51:50.517, NVIDIA GeForce RTX 3090, 8261, 24576, 71, 227.43
2026/08/01 17:51:51.583, NVIDIA GeForce RTX 3090, 8261, 24576, 59, 229.95
2026/08/01 17:51:52.628, NVIDIA GeForce RTX 3090, 8261, 24576, 40, 226.06
2026/08/01 17:51:53.673, NVIDIA GeForce RTX 3090, 8261, 24576, 75, 230.15
2026/08/01 17:51:54.699, NVIDIA GeForce RTX 3090, 8261, 24576, 54, 228.87
2026/08/01 17:51:55.745, NVIDIA GeForce RTX 3090, 8261, 24576, 100, 230.09
2026/08/01 17:51:56.788, NVIDIA GeForce RTX 3090, 8261, 24576, 56, 229.23
2026/08/01 17:51:57.837, NVIDIA GeForce RTX 3090, 8261, 24576, 39, 227.27
2026/08/01 17:51:58.884, NVIDIA GeForce RTX 3090, 8261, 24576, 40, 225.41
2026/08/01 17:51:59.972, NVIDIA GeForce RTX 3090, 8261, 24576, 88, 231.23
2026/08/01 17:52:01.064, NVIDIA GeForce RTX 3090, 8261, 24576, 100, 227.55
2026/08/01 17:52:02.113, NVIDIA GeForce RTX 3090, 8261, 24576, 81, 231.06
2026/08/01 17:52:03.183, NVIDIA GeForce RTX 3090, 8261, 24576, 76, 232.60
2026/08/01 17:52:04.228, NVIDIA GeForce RTX 3090, 8261, 24576, 92, 229.80
2026/08/01 17:52:05.291, NVIDIA GeForce RTX 3090, 8261, 24576, 38, 227.48
2026/08/01 17:52:06.359, NVIDIA GeForce RTX 3090, 8261, 24576, 39, 225.75
2026/08/01 17:52:07.405, NVIDIA GeForce RTX 3090, 8261, 24576, 39, 227.73
2026/08/01 17:52:08.453, NVIDIA GeForce RTX 3090, 8261, 24576, 64, 230.06
2026/08/01 17:52:09.501, NVIDIA GeForce RTX 3090, 8261, 24576, 45, 226.21
2026/08/01 17:52:10.544, NVIDIA GeForce RTX 3090, 8261, 24576, 38, 227.45
2026/08/01 17:52:11.632, NVIDIA GeForce RTX 3090, 8261, 24576, 51, 231.41
2026/08/01 17:52:12.677, NVIDIA GeForce RTX 3090, 8261, 24576, 50, 229.41
2026/08/01 17:52:13.744, NVIDIA GeForce RTX 3090, 8261, 24576, 91, 232.06
2026/08/01 17:52:14.816, NVIDIA GeForce RTX 3090, 8261, 24576, 100, 228.88
2026/08/01 17:52:15.884, NVIDIA GeForce RTX 3090, 8261, 24576, 99, 226.15
2026/08/01 17:52:16.951, NVIDIA GeForce RTX 3090, 8261, 24576, 91, 227.27
2026/08/01 17:52:17.996, NVIDIA GeForce RTX 3090, 8261, 24576, 100, 229.99
2026/08/01 17:52:19.060, NVIDIA GeForce RTX 3090, 8261, 24576, 60, 229.12
2026/08/01 17:52:20.108, NVIDIA GeForce RTX 3090, 8261, 24576, 100, 227.31
2026/08/01 17:52:21.152, NVIDIA GeForce RTX 3090, 8261, 24576, 71, 228.97
2026/08/01 17:52:22.223, NVIDIA GeForce RTX 3090, 8261, 24576, 100, 227.33
2026/08/01 17:52:23.307, NVIDIA GeForce RTX 3090, 8261, 24576, 44, 229.59
2026/08/01 17:52:24.352, NVIDIA GeForce RTX 3090, 8261, 24576, 100, 230.43
2026/08/01 17:52:25.400, NVIDIA GeForce RTX 3090, 8261, 24576, 100, 234.89
2026/08/01 17:52:26.445, NVIDIA GeForce RTX 3090, 8261, 24576, 49, 229.45
2026/08/01 17:52:27.512, NVIDIA GeForce RTX 3090, 8261, 24576, 92, 229.54
2026/08/01 17:52:28.566, NVIDIA GeForce RTX 3090, 8261, 24576, 50, 225.59
2026/08/01 17:52:29.631, NVIDIA GeForce RTX 3090, 8261, 24576, 76, 229.75
2026/08/01 17:52:30.697, NVIDIA GeForce RTX 3090, 8261, 24576, 42, 225.66
2026/08/01 17:52:31.746, NVIDIA GeForce RTX 3090, 8261, 24576, 55, 228.07
2026/08/01 17:52:32.794, NVIDIA GeForce RTX 3090, 8261, 24576, 43, 224.21
2026/08/01 17:52:33.842, NVIDIA GeForce RTX 3090, 8261, 24576, 56, 229.55
2026/08/01 17:52:34.928, NVIDIA GeForce RTX 3090, 8261, 24576, 100, 229.29
2026/08/01 17:52:35.999, NVIDIA GeForce RTX 3090, 8261, 24576, 99, 233.12
2026/08/01 17:52:37.045, NVIDIA GeForce RTX 3090, 8261, 24576, 92, 228.11
2026/08/01 17:52:38.098, NVIDIA GeForce RTX 3090, 8261, 24576, 88, 226.91
2026/08/01 17:52:39.146, NVIDIA GeForce RTX 3090, 8261, 24576, 91, 228.35
2026/08/01 17:52:40.212, NVIDIA GeForce RTX 3090, 8261, 24576, 94, 228.30
2026/08/01 17:52:41.280, NVIDIA GeForce RTX 3090, 8261, 24576, 92, 226.90
2026/08/01 17:52:42.348, NVIDIA GeForce RTX 3090, 8261, 24576, 54, 228.83
2026/08/01 17:52:43.398, NVIDIA GeForce RTX 3090, 8261, 24576, 92, 228.31
2026/08/01 17:52:44.469, NVIDIA GeForce RTX 3090, 8261, 24576, 39, 227.05
2026/08/01 17:52:45.517, NVIDIA GeForce RTX 3090, 8261, 24576, 92, 226.90
2026/08/01 17:52:46.570, NVIDIA GeForce RTX 3090, 8261, 24576, 49, 226.78
2026/08/01 17:52:47.644, NVIDIA GeForce RTX 3090, 8261, 24576, 35, 224.02
2026/08/01 17:52:48.712, NVIDIA GeForce RTX 3090, 8261, 24576, 54, 228.59
2026/08/01 17:52:49.799, NVIDIA GeForce RTX 3090, 8261, 24576, 31, 224.00
2026/08/01 17:52:50.846, NVIDIA GeForce RTX 3090, 8261, 24576, 47, 229.07
2026/08/01 17:52:51.893, NVIDIA GeForce RTX 3090, 8261, 24576, 52, 224.14
2026/08/01 17:52:52.980, NVIDIA GeForce RTX 3090, 8261, 24576, 40, 224.61
2026/08/01 17:52:54.048, NVIDIA GeForce RTX 3090, 8261, 24576, 65, 229.28
2026/08/01 17:52:55.115, NVIDIA GeForce RTX 3090, 8261, 24576, 33, 228.51
2026/08/01 17:52:56.200, NVIDIA GeForce RTX 3090, 8261, 24576, 37, 227.49
2026/08/01 17:52:57.249, NVIDIA GeForce RTX 3090, 8261, 24576, 100, 231.25
2026/08/01 17:52:58.298, NVIDIA GeForce RTX 3090, 8261, 24576, 82, 231.37
2026/08/01 17:52:59.350, NVIDIA GeForce RTX 3090, 8261, 24576, 100, 227.74
2026/08/01 17:53:00.416, NVIDIA GeForce RTX 3090, 8261, 24576, 50, 226.79
2026/08/01 17:53:01.470, NVIDIA GeForce RTX 3090, 8261, 24576, 100, 229.36
2026/08/01 17:53:02.522, NVIDIA GeForce RTX 3090, 8261, 24576, 92, 226.49
2026/08/01 17:53:03.569, NVIDIA GeForce RTX 3090, 8261, 24576, 92, 230.89
2026/08/01 17:53:04.621, NVIDIA GeForce RTX 3090, 8261, 24576, 100, 228.72
2026/08/01 17:53:05.674, NVIDIA GeForce RTX 3090, 8261, 24576, 61, 229.77
2026/08/01 17:53:06.730, NVIDIA GeForce RTX 3090, 8261, 24576, 38, 224.71
2026/08/01 17:53:07.782, NVIDIA GeForce RTX 3090, 8261, 24576, 92, 227.10
2026/08/01 17:53:08.834, NVIDIA GeForce RTX 3090, 8261, 24576, 48, 227.13
2026/08/01 17:53:09.882, NVIDIA GeForce RTX 3090, 8261, 24576, 61, 228.97
2026/08/01 17:53:10.952, NVIDIA GeForce RTX 3090, 8261, 24576, 56, 226.40
2026/08/01 17:53:12.016, NVIDIA GeForce RTX 3090, 8261, 24576, 36, 230.86
2026/08/01 17:53:13.066, NVIDIA GeForce RTX 3090, 8261, 24576, 54, 229.32
2026/08/01 17:53:14.132, NVIDIA GeForce RTX 3090, 8261, 24576, 100, 229.75
2026/08/01 17:53:15.186, NVIDIA GeForce RTX 3090, 8261, 24576, 89, 230.87
2026/08/01 17:53:16.238, NVIDIA GeForce RTX 3090, 8261, 24576, 85, 232.32
2026/08/01 17:53:17.328, NVIDIA GeForce RTX 3090, 8261, 24576, 36, 224.53
2026/08/01 17:53:18.382, NVIDIA GeForce RTX 3090, 8261, 24576, 0, 177.41
2026/08/01 17:53:19.467, NVIDIA GeForce RTX 3090, 8261, 24576, 0, 156.10
2026/08/01 17:53:20.517, NVIDIA GeForce RTX 3090, 8261, 24576, 0, 140.12
2026/08/01 17:53:21.566, NVIDIA GeForce RTX 3090, 8261, 24576, 0, 121.29
2026/08/01 17:53:22.614, NVIDIA GeForce RTX 3090, 8261, 24576, 0, 120.53
2026/08/01 17:53:23.680, NVIDIA GeForce RTX 3090, 8261, 24576, 0, 120.41
2026/08/01 17:53:24.734, NVIDIA GeForce RTX 3090, 8261, 24576, 0, 120.23
2026/08/01 17:53:25.784, NVIDIA GeForce RTX 3090, 8261, 24576, 0, 119.99
2026/08/01 17:53:26.856, NVIDIA GeForce RTX 3090, 8261, 24576, 0, 119.96
2026/08/01 17:53:27.901, NVIDIA GeForce RTX 3090, 8261, 24576, 0, 119.97
2026/08/01 17:53:28.991, NVIDIA GeForce RTX 3090, 8261, 24576, 0, 119.74
2026/08/01 17:53:30.037, NVIDIA GeForce RTX 3090, 8261, 24576, 0, 119.59
2026/08/01 17:53:31.084, NVIDIA GeForce RTX 3090, 8261, 24576, 0, 119.72
2026/08/01 17:53:32.128, NVIDIA GeForce RTX 3090, 8261, 24576, 0, 119.53
2026/08/01 17:53:33.176, NVIDIA GeForce RTX 3090, 8261, 24576, 100, 128.80
2026/08/01 17:53:34.222, NVIDIA GeForce RTX 3090, 8261, 24576, 50, 223.95
2026/08/01 17:53:35.272, NVIDIA GeForce RTX 3090, 8261, 24576, 64, 226.48
2026/08/01 17:53:36.335, NVIDIA GeForce RTX 3090, 8261, 24576, 38, 222.43
2026/08/01 17:53:37.420, NVIDIA GeForce RTX 3090, 8261, 24576, 62, 227.36
2026/08/01 17:53:38.488, NVIDIA GeForce RTX 3090, 8261, 24576, 33, 222.26
2026/08/01 17:53:39.537, NVIDIA GeForce RTX 3090, 8261, 24576, 71, 228.90
2026/08/01 17:53:40.603, NVIDIA GeForce RTX 3090, 8261, 24576, 38, 223.15
2026/08/01 17:53:41.648, NVIDIA GeForce RTX 3090, 8261, 24576, 49, 226.56
2026/08/01 17:53:42.715, NVIDIA GeForce RTX 3090, 8261, 24576, 86, 224.58
2026/08/01 17:53:43.780, NVIDIA GeForce RTX 3090, 8261, 24576, 42, 226.93
2026/08/01 17:53:44.824, NVIDIA GeForce RTX 3090, 8261, 24576, 89, 225.73
2026/08/01 17:53:45.873, NVIDIA GeForce RTX 3090, 8261, 24576, 84, 230.21
2026/08/01 17:53:46.943, NVIDIA GeForce RTX 3090, 8261, 24576, 47, 226.68
2026/08/01 17:53:47.989, NVIDIA GeForce RTX 3090, 8261, 24576, 91, 223.94
2026/08/01 17:53:49.040, NVIDIA GeForce RTX 3090, 8261, 24576, 70, 227.16
2026/08/01 17:53:50.096, NVIDIA GeForce RTX 3090, 8261, 24576, 92, 226.95
2026/08/01 17:53:51.146, NVIDIA GeForce RTX 3090, 8261, 24576, 64, 227.47
2026/08/01 17:53:52.236, NVIDIA GeForce RTX 3090, 8261, 24576, 48, 224.09
2026/08/01 17:53:53.304, NVIDIA GeForce RTX 3090, 8261, 24576, 67, 227.96
2026/08/01 17:53:54.395, NVIDIA GeForce RTX 3090, 8261, 24576, 55, 228.62
2026/08/01 17:53:55.463, NVIDIA GeForce RTX 3090, 8261, 24576, 100, 228.14
2026/08/01 17:53:56.508, NVIDIA GeForce RTX 3090, 8261, 24576, 66, 228.51
2026/08/01 17:53:57.553, NVIDIA GeForce RTX 3090, 8261, 24576, 92, 226.95
2026/08/01 17:53:58.600, NVIDIA GeForce RTX 3090, 8261, 24576, 84, 227.33
2026/08/01 17:53:59.648, NVIDIA GeForce RTX 3090, 8261, 24576, 82, 231.20
2026/08/01 17:54:00.692, NVIDIA GeForce RTX 3090, 8261, 24576, 97, 226.71
2026/08/01 17:54:01.780, NVIDIA GeForce RTX 3090, 8261, 24576, 91, 228.82
2026/08/01 17:54:02.829, NVIDIA GeForce RTX 3090, 8261, 24576, 45, 224.41
2026/08/01 17:54:03.915, NVIDIA GeForce RTX 3090, 8261, 24576, 100, 233.04
2026/08/01 17:54:04.984, NVIDIA GeForce RTX 3090, 8261, 24576, 85, 230.87
2026/08/01 17:54:06.052, NVIDIA GeForce RTX 3090, 8261, 24576, 92, 227.88
2026/08/01 17:54:07.101, NVIDIA GeForce RTX 3090, 8261, 24576, 82, 227.24
2026/08/01 17:54:08.167, NVIDIA GeForce RTX 3090, 8261, 24576, 76, 231.60
2026/08/01 17:54:09.251, NVIDIA GeForce RTX 3090, 8261, 24576, 73, 230.84
2026/08/01 17:54:10.319, NVIDIA GeForce RTX 3090, 8261, 24576, 95, 227.66
2026/08/01 17:54:11.370, NVIDIA GeForce RTX 3090, 8261, 24576, 90, 229.74
2026/08/01 17:54:12.420, NVIDIA GeForce RTX 3090, 8261, 24576, 72, 230.15
2026/08/01 17:54:13.465, NVIDIA GeForce RTX 3090, 8261, 24576, 92, 225.37
2026/08/01 17:54:14.508, NVIDIA GeForce RTX 3090, 8261, 24576, 90, 225.98
2026/08/01 17:54:15.599, NVIDIA GeForce RTX 3090, 8261, 24576, 99, 222.58
2026/08/01 17:54:16.644, NVIDIA GeForce RTX 3090, 8261, 24576, 61, 226.03
2026/08/01 17:54:17.692, NVIDIA GeForce RTX 3090, 8261, 24576, 92, 224.92
2026/08/01 17:54:18.742, NVIDIA GeForce RTX 3090, 8261, 24576, 31, 223.98
2026/08/01 17:54:19.789, NVIDIA GeForce RTX 3090, 8261, 24576, 92, 225.72
2026/08/01 17:54:20.876, NVIDIA GeForce RTX 3090, 8261, 24576, 50, 222.02
2026/08/01 17:54:21.924, NVIDIA GeForce RTX 3090, 8261, 24576, 62, 226.40
2026/08/01 17:54:22.988, NVIDIA GeForce RTX 3090, 8261, 24576, 48, 226.55
2026/08/01 17:54:24.036, NVIDIA GeForce RTX 3090, 8261, 24576, 62, 226.21
2026/08/01 17:54:25.086, NVIDIA GeForce RTX 3090, 8261, 24576, 45, 222.41
2026/08/01 17:54:26.136, NVIDIA GeForce RTX 3090, 8261, 24576, 38, 224.11
2026/08/01 17:54:27.180, NVIDIA GeForce RTX 3090, 8261, 24576, 55, 223.34
2026/08/01 17:54:28.229, NVIDIA GeForce RTX 3090, 8261, 24576, 45, 222.79
2026/08/01 17:54:29.276, NVIDIA GeForce RTX 3090, 8261, 24576, 50, 225.80
2026/08/01 17:54:30.339, NVIDIA GeForce RTX 3090, 8261, 24576, 41, 223.60
2026/08/01 17:54:31.384, NVIDIA GeForce RTX 3090, 8261, 24576, 50, 224.57
2026/08/01 17:54:32.429, NVIDIA GeForce RTX 3090, 8261, 24576, 66, 227.64
2026/08/01 17:54:33.500, NVIDIA GeForce RTX 3090, 8261, 24576, 92, 228.14
2026/08/01 17:54:34.550, NVIDIA GeForce RTX 3090, 8261, 24576, 100, 227.06
2026/08/01 17:54:35.598, NVIDIA GeForce RTX 3090, 8261, 24576, 51, 227.04
2026/08/01 17:54:36.626, NVIDIA GeForce RTX 3090, 8261, 24576, 96, 223.59
2026/08/01 17:54:37.674, NVIDIA GeForce RTX 3090, 8261, 24576, 40, 224.09
2026/08/01 17:54:38.760, NVIDIA GeForce RTX 3090, 8261, 24576, 65, 223.67
2026/08/01 17:54:39.832, NVIDIA GeForce RTX 3090, 8261, 24576, 100, 226.09
2026/08/01 17:54:40.865, NVIDIA GeForce RTX 3090, 8261, 24576, 51, 226.65
2026/08/01 17:54:41.956, NVIDIA GeForce RTX 3090, 8261, 24576, 100, 226.80
2026/08/01 17:54:43.024, NVIDIA GeForce RTX 3090, 8261, 24576, 82, 227.00
2026/08/01 17:54:44.112, NVIDIA GeForce RTX 3090, 8261, 24576, 34, 221.79
2026/08/01 17:54:45.166, NVIDIA GeForce RTX 3090, 8261, 24576, 86, 226.87
2026/08/01 17:54:46.236, NVIDIA GeForce RTX 3090, 8261, 24576, 54, 221.63
2026/08/01 17:54:47.306, NVIDIA GeForce RTX 3090, 8261, 24576, 63, 227.34
2026/08/01 17:54:48.373, NVIDIA GeForce RTX 3090, 8261, 24576, 49, 223.08
2026/08/01 17:54:49.421, NVIDIA GeForce RTX 3090, 8261, 24576, 51, 225.63
2026/08/01 17:54:50.508, NVIDIA GeForce RTX 3090, 8261, 24576, 100, 226.67
2026/08/01 17:54:51.562, NVIDIA GeForce RTX 3090, 8261, 24576, 77, 228.98
2026/08/01 17:54:52.610, NVIDIA GeForce RTX 3090, 8261, 24576, 92, 228.37
2026/08/01 17:54:53.662, NVIDIA GeForce RTX 3090, 8261, 24576, 91, 226.01
2026/08/01 17:54:54.710, NVIDIA GeForce RTX 3090, 8261, 24576, 40, 224.34
2026/08/01 17:54:55.762, NVIDIA GeForce RTX 3090, 8261, 24576, 79, 226.60
2026/08/01 17:54:56.841, NVIDIA GeForce RTX 3090, 8261, 24576, 36, 222.25
2026/08/01 17:54:57.890, NVIDIA GeForce RTX 3090, 8261, 24576, 61, 227.38
2026/08/01 17:54:58.938, NVIDIA GeForce RTX 3090, 8261, 24576, 43, 221.77
2026/08/01 17:54:59.986, NVIDIA GeForce RTX 3090, 8261, 24576, 82, 229.07
2026/08/01 17:55:01.033, NVIDIA GeForce RTX 3090, 8261, 24576, 48, 226.57
2026/08/01 17:55:02.100, NVIDIA GeForce RTX 3090, 8261, 24576, 100, 226.61
2026/08/01 17:55:03.150, NVIDIA GeForce RTX 3090, 8261, 24576, 82, 228.76
2026/08/01 17:55:04.200, NVIDIA GeForce RTX 3090, 8261, 24576, 88, 229.40
2026/08/01 17:55:05.246, NVIDIA GeForce RTX 3090, 8261, 24576, 74, 223.33
2026/08/01 17:55:06.275, NVIDIA GeForce RTX 3090, 8261, 24576, 49, 222.93
2026/08/01 17:55:07.340, NVIDIA GeForce RTX 3090, 8261, 24576, 82, 228.21
2026/08/01 17:55:08.390, NVIDIA GeForce RTX 3090, 8261, 24576, 100, 224.84
2026/08/01 17:55:09.437, NVIDIA GeForce RTX 3090, 8261, 24576, 79, 229.16
2026/08/01 17:55:10.486, NVIDIA GeForce RTX 3090, 8261, 24576, 91, 229.78
2026/08/01 17:55:11.584, NVIDIA GeForce RTX 3090, 8261, 24576, 100, 222.59
2026/08/01 17:55:12.630, NVIDIA GeForce RTX 3090, 8261, 24576, 92, 225.87
2026/08/01 17:55:13.677, NVIDIA GeForce RTX 3090, 8261, 24576, 100, 223.70
2026/08/01 17:55:14.726, NVIDIA GeForce RTX 3090, 8261, 24576, 94, 223.22
2026/08/01 17:55:15.774, NVIDIA GeForce RTX 3090, 8261, 24576, 98, 229.25
2026/08/01 17:55:16.824, NVIDIA GeForce RTX 3090, 8261, 24576, 82, 228.45
2026/08/01 17:55:17.878, NVIDIA GeForce RTX 3090, 8261, 24576, 100, 222.07
2026/08/01 17:55:18.949, NVIDIA GeForce RTX 3090, 8261, 24576, 91, 224.22
2026/08/01 17:55:19.998, NVIDIA GeForce RTX 3090, 8261, 24576, 52, 224.82
2026/08/01 17:55:21.067, NVIDIA GeForce RTX 3090, 8261, 24576, 89, 228.34
2026/08/01 17:55:22.114, NVIDIA GeForce RTX 3090, 8261, 24576, 40, 222.45
2026/08/01 17:55:23.166, NVIDIA GeForce RTX 3090, 8261, 24576, 89, 227.20
2026/08/01 17:55:24.212, NVIDIA GeForce RTX 3090, 8261, 24576, 57, 222.23
2026/08/01 17:55:25.261, NVIDIA GeForce RTX 3090, 8261, 24576, 92, 225.20
2026/08/01 17:55:26.332, NVIDIA GeForce RTX 3090, 8261, 24576, 61, 226.80
2026/08/01 17:55:27.400, NVIDIA GeForce RTX 3090, 8261, 24576, 52, 227.41
2026/08/01 17:55:28.468, NVIDIA GeForce RTX 3090, 8261, 24576, 42, 224.83
2026/08/01 17:55:29.518, NVIDIA GeForce RTX 3090, 8261, 24576, 40, 225.01
2026/08/01 17:55:30.564, NVIDIA GeForce RTX 3090, 8261, 24576, 43, 223.91
2026/08/01 17:55:31.608, NVIDIA GeForce RTX 3090, 8261, 24576, 93, 230.67
2026/08/01 17:55:32.652, NVIDIA GeForce RTX 3090, 8261, 24576, 78, 229.85
2026/08/01 17:55:33.716, NVIDIA GeForce RTX 3090, 8261, 24576, 100, 225.95
2026/08/01 17:55:34.760, NVIDIA GeForce RTX 3090, 8261, 24576, 50, 226.53
2026/08/01 17:55:35.809, NVIDIA GeForce RTX 3090, 8261, 24576, 71, 224.34
2026/08/01 17:55:36.856, NVIDIA GeForce RTX 3090, 8261, 24576, 51, 226.56
2026/08/01 17:55:37.943, NVIDIA GeForce RTX 3090, 8261, 24576, 100, 228.23
2026/08/01 17:55:38.989, NVIDIA GeForce RTX 3090, 8261, 24576, 60, 227.69
2026/08/01 17:55:40.032, NVIDIA GeForce RTX 3090, 8261, 24576, 93, 225.84
2026/08/01 17:55:41.080, NVIDIA GeForce RTX 3090, 8261, 24576, 77, 226.94
2026/08/01 17:55:42.128, NVIDIA GeForce RTX 3090, 8261, 24576, 97, 226.46
2026/08/01 17:55:43.174, NVIDIA GeForce RTX 3090, 8261, 24576, 65, 227.01
2026/08/01 17:55:44.220, NVIDIA GeForce RTX 3090, 8261, 24576, 96, 227.84
2026/08/01 17:55:45.287, NVIDIA GeForce RTX 3090, 8261, 24576, 84, 227.12
2026/08/01 17:55:46.336, NVIDIA GeForce RTX 3090, 8261, 24576, 92, 227.73
2026/08/01 17:55:47.385, NVIDIA GeForce RTX 3090, 8261, 24576, 54, 226.86
2026/08/01 17:55:48.432, NVIDIA GeForce RTX 3090, 8261, 24576, 92, 224.56
2026/08/01 17:55:49.477, NVIDIA GeForce RTX 3090, 8261, 24576, 59, 226.71
2026/08/01 17:55:50.547, NVIDIA GeForce RTX 3090, 8261, 24576, 92, 228.24
2026/08/01 17:55:51.592, NVIDIA GeForce RTX 3090, 8261, 24576, 73, 223.94
2026/08/01 17:55:52.617, NVIDIA GeForce RTX 3090, 8261, 24576, 92, 226.04
2026/08/01 17:55:53.659, NVIDIA GeForce RTX 3090, 8261, 24576, 76, 226.90
2026/08/01 17:55:54.704, NVIDIA GeForce RTX 3090, 8261, 24576, 97, 225.81
2026/08/01 17:55:55.748, NVIDIA GeForce RTX 3090, 8261, 24576, 92, 228.73
2026/08/01 17:55:56.816, NVIDIA GeForce RTX 3090, 8261, 24576, 92, 226.82
2026/08/01 17:55:57.905, NVIDIA GeForce RTX 3090, 8261, 24576, 33, 225.33
2026/08/01 17:55:58.996, NVIDIA GeForce RTX 3090, 8261, 24576, 43, 226.77
2026/08/01 17:56:00.040, NVIDIA GeForce RTX 3090, 8261, 24576, 57, 223.24
2026/08/01 17:56:01.103, NVIDIA GeForce RTX 3090, 8261, 24576, 100, 227.76
2026/08/01 17:56:02.148, NVIDIA GeForce RTX 3090, 8261, 24576, 37, 225.27
2026/08/01 17:56:03.239, NVIDIA GeForce RTX 3090, 8261, 24576, 93, 227.94
2026/08/01 17:56:04.288, NVIDIA GeForce RTX 3090, 8261, 24576, 94, 224.36
2026/08/01 17:56:05.355, NVIDIA GeForce RTX 3090, 8261, 24576, 75, 227.07
2026/08/01 17:56:06.400, NVIDIA GeForce RTX 3090, 8261, 24576, 92, 226.48
2026/08/01 17:56:07.448, NVIDIA GeForce RTX 3090, 8261, 24576, 99, 228.10
2026/08/01 17:56:08.497, NVIDIA GeForce RTX 3090, 8261, 24576, 84, 228.45
2026/08/01 17:56:09.544, NVIDIA GeForce RTX 3090, 8261, 24576, 100, 226.14
2026/08/01 17:56:10.632, NVIDIA GeForce RTX 3090, 8261, 24576, 92, 226.60
2026/08/01 17:56:11.686, NVIDIA GeForce RTX 3090, 8261, 24576, 42, 224.51
2026/08/01 17:56:12.738, NVIDIA GeForce RTX 3090, 8261, 24576, 92, 226.25
2026/08/01 17:56:13.793, NVIDIA GeForce RTX 3090, 8261, 24576, 34, 223.18
2026/08/01 17:56:14.844, NVIDIA GeForce RTX 3090, 8261, 24576, 92, 225.64
2026/08/01 17:56:15.908, NVIDIA GeForce RTX 3090, 8261, 24576, 31, 224.34
2026/08/01 17:56:16.956, NVIDIA GeForce RTX 3090, 8261, 24576, 46, 227.44
2026/08/01 17:56:18.002, NVIDIA GeForce RTX 3090, 8261, 24576, 64, 228.48
2026/08/01 17:56:19.048, NVIDIA GeForce RTX 3090, 8261, 24576, 40, 224.03
2026/08/01 17:56:20.092, NVIDIA GeForce RTX 3090, 8261, 24576, 96, 229.67
2026/08/01 17:56:21.159, NVIDIA GeForce RTX 3090, 8261, 24576, 49, 226.46
2026/08/01 17:56:22.243, NVIDIA GeForce RTX 3090, 8261, 24576, 99, 228.22
2026/08/01 17:56:23.331, NVIDIA GeForce RTX 3090, 8261, 24576, 40, 227.03
2026/08/01 17:56:24.395, NVIDIA GeForce RTX 3090, 8261, 24576, 43, 223.29
2026/08/01 17:56:25.440, NVIDIA GeForce RTX 3090, 8261, 24576, 57, 226.30
2026/08/01 17:56:26.485, NVIDIA GeForce RTX 3090, 8261, 24576, 37, 222.60
2026/08/01 17:56:27.533, NVIDIA GeForce RTX 3090, 8261, 24576, 75, 226.85
2026/08/01 17:56:28.580, NVIDIA GeForce RTX 3090, 8261, 24576, 53, 225.93
2026/08/01 17:56:29.626, NVIDIA GeForce RTX 3090, 8261, 24576, 41, 225.85
2026/08/01 17:56:30.691, NVIDIA GeForce RTX 3090, 8261, 24576, 55, 227.83
2026/08/01 17:56:31.756, NVIDIA GeForce RTX 3090, 8261, 24576, 32, 227.09
2026/08/01 17:56:32.800, NVIDIA GeForce RTX 3090, 8261, 24576, 70, 228.86
2026/08/01 17:56:33.844, NVIDIA GeForce RTX 3090, 8261, 24576, 45, 222.69
2026/08/01 17:56:34.888, NVIDIA GeForce RTX 3090, 8261, 24576, 54, 227.08
2026/08/01 17:56:35.951, NVIDIA GeForce RTX 3090, 8261, 24576, 42, 222.47
2026/08/01 17:56:36.996, NVIDIA GeForce RTX 3090, 8261, 24576, 45, 226.90
2026/08/01 17:56:38.059, NVIDIA GeForce RTX 3090, 8261, 24576, 100, 227.61
2026/08/01 17:56:39.106, NVIDIA GeForce RTX 3090, 8261, 24576, 80, 229.31
2026/08/01 17:56:40.176, NVIDIA GeForce RTX 3090, 8261, 24576, 92, 229.01
2026/08/01 17:56:41.222, NVIDIA GeForce RTX 3090, 8261, 24576, 92, 225.60
2026/08/01 17:56:42.292, NVIDIA GeForce RTX 3090, 8261, 24576, 92, 224.82
2026/08/01 17:56:43.338, NVIDIA GeForce RTX 3090, 8261, 24576, 78, 226.29
2026/08/01 17:56:44.408, NVIDIA GeForce RTX 3090, 8261, 24576, 92, 226.10
2026/08/01 17:56:45.496, NVIDIA GeForce RTX 3090, 8261, 24576, 57, 227.17
2026/08/01 17:56:46.584, NVIDIA GeForce RTX 3090, 8261, 24576, 56, 227.97
2026/08/01 17:56:47.634, NVIDIA GeForce RTX 3090, 8261, 24576, 55, 222.48
2026/08/01 17:56:48.700, NVIDIA GeForce RTX 3090, 8261, 24576, 55, 227.77
2026/08/01 17:56:49.768, NVIDIA GeForce RTX 3090, 8261, 24576, 100, 227.43
2026/08/01 17:56:50.814, NVIDIA GeForce RTX 3090, 8261, 24576, 53, 227.40
2026/08/01 17:56:51.903, NVIDIA GeForce RTX 3090, 8261, 24576, 93, 228.19
2026/08/01 17:56:52.951, NVIDIA GeForce RTX 3090, 8261, 24576, 98, 227.00
2026/08/01 17:56:54.002, NVIDIA GeForce RTX 3090, 8261, 24576, 92, 224.87
2026/08/01 17:56:55.072, NVIDIA GeForce RTX 3090, 8261, 24576, 49, 226.94
2026/08/01 17:56:56.121, NVIDIA GeForce RTX 3090, 8261, 24576, 91, 228.20
2026/08/01 17:56:57.170, NVIDIA GeForce RTX 3090, 8261, 24576, 44, 223.52
2026/08/01 17:56:58.236, NVIDIA GeForce RTX 3090, 8261, 24576, 71, 227.32
2026/08/01 17:56:59.286, NVIDIA GeForce RTX 3090, 8261, 24576, 28, 222.30
2026/08/01 17:57:00.334, NVIDIA GeForce RTX 3090, 8261, 24576, 91, 224.80
2026/08/01 17:57:01.382, NVIDIA GeForce RTX 3090, 8261, 24576, 61, 224.09
2026/08/01 17:57:02.434, NVIDIA GeForce RTX 3090, 8261, 24576, 100, 224.85
2026/08/01 17:57:03.481, NVIDIA GeForce RTX 3090, 8261, 24576, 91, 223.62
2026/08/01 17:57:04.576, NVIDIA GeForce RTX 3090, 8261, 24576, 67, 225.73
2026/08/01 17:57:05.626, NVIDIA GeForce RTX 3090, 8261, 24576, 82, 230.28
2026/08/01 17:57:06.690, NVIDIA GeForce RTX 3090, 8261, 24576, 40, 222.20
2026/08/01 17:57:07.738, NVIDIA GeForce RTX 3090, 8261, 24576, 45, 223.30
2026/08/01 17:57:08.804, NVIDIA GeForce RTX 3090, 8261, 24576, 59, 227.85
2026/08/01 17:57:09.896, NVIDIA GeForce RTX 3090, 8261, 24576, 91, 227.81
2026/08/01 17:57:10.940, NVIDIA GeForce RTX 3090, 8261, 24576, 100, 226.99
2026/08/01 17:57:11.985, NVIDIA GeForce RTX 3090, 8261, 24576, 91, 226.29
2026/08/01 17:57:13.038, NVIDIA GeForce RTX 3090, 8261, 24576, 100, 227.96
2026/08/01 17:57:14.090, NVIDIA GeForce RTX 3090, 8261, 24576, 68, 227.10
2026/08/01 17:57:15.160, NVIDIA GeForce RTX 3090, 8261, 24576, 51, 223.84
2026/08/01 17:57:16.210, NVIDIA GeForce RTX 3090, 8261, 24576, 62, 226.76
2026/08/01 17:57:17.258, NVIDIA GeForce RTX 3090, 8261, 24576, 64, 226.93
2026/08/01 17:57:18.324, NVIDIA GeForce RTX 3090, 8261, 24576, 43, 226.85
2026/08/01 17:57:19.374, NVIDIA GeForce RTX 3090, 8261, 24576, 79, 229.76
2026/08/01 17:57:20.421, NVIDIA GeForce RTX 3090, 8261, 24576, 53, 227.35
2026/08/01 17:57:21.507, NVIDIA GeForce RTX 3090, 8261, 24576, 100, 227.98
2026/08/01 17:57:22.554, NVIDIA GeForce RTX 3090, 8261, 24576, 84, 227.68
2026/08/01 17:57:23.602, NVIDIA GeForce RTX 3090, 8261, 24576, 100, 226.51
2026/08/01 17:57:24.650, NVIDIA GeForce RTX 3090, 8261, 24576, 91, 226.89
2026/08/01 17:57:25.736, NVIDIA GeForce RTX 3090, 8261, 24576, 91, 223.94
2026/08/01 17:57:26.790, NVIDIA GeForce RTX 3090, 8261, 24576, 88, 230.03
2026/08/01 17:57:27.860, NVIDIA GeForce RTX 3090, 8261, 24576, 52, 222.44
2026/08/01 17:57:28.910, NVIDIA GeForce RTX 3090, 8261, 24576, 100, 223.72
2026/08/01 17:57:29.957, NVIDIA GeForce RTX 3090, 8261, 24576, 92, 224.00
2026/08/01 17:57:31.005, NVIDIA GeForce RTX 3090, 8261, 24576, 96, 226.86
2026/08/01 17:57:32.075, NVIDIA GeForce RTX 3090, 8261, 24576, 93, 224.30
2026/08/01 17:57:33.122, NVIDIA GeForce RTX 3090, 8261, 24576, 95, 228.45
2026/08/01 17:57:34.188, NVIDIA GeForce RTX 3090, 8261, 24576, 92, 226.42
2026/08/01 17:57:35.234, NVIDIA GeForce RTX 3090, 8261, 24576, 79, 225.48
2026/08/01 17:57:36.284, NVIDIA GeForce RTX 3090, 8261, 24576, 92, 226.43
2026/08/01 17:57:37.333, NVIDIA GeForce RTX 3090, 8261, 24576, 87, 226.82
2026/08/01 17:57:38.395, NVIDIA GeForce RTX 3090, 8261, 24576, 86, 230.42
2026/08/01 17:57:39.467, NVIDIA GeForce RTX 3090, 8261, 24576, 35, 222.32
2026/08/01 17:57:40.512, NVIDIA GeForce RTX 3090, 8261, 24576, 92, 223.02
2026/08/01 17:57:41.556, NVIDIA GeForce RTX 3090, 8261, 24576, 48, 226.51
2026/08/01 17:57:42.605, NVIDIA GeForce RTX 3090, 8261, 24576, 92, 224.34
2026/08/01 17:57:43.656, NVIDIA GeForce RTX 3090, 8261, 24576, 63, 225.44
2026/08/01 17:57:44.700, NVIDIA GeForce RTX 3090, 8261, 24576, 92, 227.40
2026/08/01 17:57:45.767, NVIDIA GeForce RTX 3090, 8261, 24576, 49, 225.23
2026/08/01 17:57:46.820, NVIDIA GeForce RTX 3090, 8261, 24576, 92, 225.51
2026/08/01 17:57:47.896, NVIDIA GeForce RTX 3090, 8261, 24576, 40, 225.31
2026/08/01 17:57:48.964, NVIDIA GeForce RTX 3090, 8261, 24576, 71, 228.97
2026/08/01 17:57:50.013, NVIDIA GeForce RTX 3090, 8261, 24576, 42, 223.49
2026/08/01 17:57:51.083, NVIDIA GeForce RTX 3090, 8261, 24576, 95, 229.62
2026/08/01 17:57:52.155, NVIDIA GeForce RTX 3090, 8261, 24576, 88, 228.94
2026/08/01 17:57:53.200, NVIDIA GeForce RTX 3090, 8261, 24576, 100, 226.19
2026/08/01 17:57:54.249, NVIDIA GeForce RTX 3090, 8261, 24576, 93, 223.71
2026/08/01 17:57:55.296, NVIDIA GeForce RTX 3090, 8261, 24576, 62, 225.65
2026/08/01 17:57:56.341, NVIDIA GeForce RTX 3090, 8261, 24576, 100, 227.24
2026/08/01 17:57:57.407, NVIDIA GeForce RTX 3090, 8261, 24576, 85, 229.12
2026/08/01 17:57:58.476, NVIDIA GeForce RTX 3090, 8261, 24576, 89, 230.05
2026/08/01 17:57:59.525, NVIDIA GeForce RTX 3090, 8261, 24576, 95, 223.63
2026/08/01 17:58:00.595, NVIDIA GeForce RTX 3090, 8261, 24576, 74, 226.62
2026/08/01 17:58:01.659, NVIDIA GeForce RTX 3090, 8261, 24576, 63, 227.69
2026/08/01 17:58:02.724, NVIDIA GeForce RTX 3090, 8261, 24576, 38, 227.61
2026/08/01 17:58:03.796, NVIDIA GeForce RTX 3090, 8261, 24576, 82, 228.70
2026/08/01 17:58:04.863, NVIDIA GeForce RTX 3090, 8261, 24576, 92, 227.70
2026/08/01 17:58:05.908, NVIDIA GeForce RTX 3090, 8261, 24576, 96, 225.68
2026/08/01 17:58:06.971, NVIDIA GeForce RTX 3090, 8261, 24576, 92, 225.16
2026/08/01 17:58:08.040, NVIDIA GeForce RTX 3090, 8261, 24576, 68, 226.20
2026/08/01 17:58:09.085, NVIDIA GeForce RTX 3090, 8261, 24576, 100, 225.29
2026/08/01 17:58:10.155, NVIDIA GeForce RTX 3090, 8261, 24576, 92, 225.37
2026/08/01 17:58:11.200, NVIDIA GeForce RTX 3090, 8261, 24576, 85, 224.38
2026/08/01 17:58:12.283, NVIDIA GeForce RTX 3090, 8261, 24576, 91, 228.82
2026/08/01 17:58:13.329, NVIDIA GeForce RTX 3090, 8261, 24576, 100, 223.14
2026/08/01 17:58:14.391, NVIDIA GeForce RTX 3090, 8261, 24576, 83, 227.29
2026/08/01 17:58:15.455, NVIDIA GeForce RTX 3090, 8261, 24576, 61, 224.64
2026/08/01 17:58:16.501, NVIDIA GeForce RTX 3090, 8261, 24576, 40, 224.47
2026/08/01 17:58:17.550, NVIDIA GeForce RTX 3090, 8261, 24576, 82, 229.06
2026/08/01 17:58:18.598, NVIDIA GeForce RTX 3090, 8261, 24576, 43, 222.82
2026/08/01 17:58:19.650, NVIDIA GeForce RTX 3090, 8261, 24576, 100, 232.03
2026/08/01 17:58:20.719, NVIDIA GeForce RTX 3090, 8261, 24576, 75, 226.87
2026/08/01 17:58:21.808, NVIDIA GeForce RTX 3090, 8261, 24576, 91, 227.57
2026/08/01 17:58:22.895, NVIDIA GeForce RTX 3090, 8261, 24576, 80, 225.13
2026/08/01 17:58:23.944, NVIDIA GeForce RTX 3090, 8261, 24576, 44, 222.39
2026/08/01 17:58:24.972, NVIDIA GeForce RTX 3090, 8261, 24576, 71, 227.39
2026/08/01 17:58:26.016, NVIDIA GeForce RTX 3090, 8261, 24576, 91, 229.54
2026/08/01 17:58:27.060, NVIDIA GeForce RTX 3090, 8261, 24576, 32, 223.22
2026/08/01 17:58:28.104, NVIDIA GeForce RTX 3090, 8261, 24576, 81, 227.01
2026/08/01 17:58:29.175, NVIDIA GeForce RTX 3090, 8261, 24576, 34, 222.41
2026/08/01 17:58:30.220, NVIDIA GeForce RTX 3090, 8261, 24576, 61, 227.63
2026/08/01 17:58:31.292, NVIDIA GeForce RTX 3090, 8261, 24576, 55, 222.04
2026/08/01 17:58:32.341, NVIDIA GeForce RTX 3090, 8261, 24576, 42, 222.96
2026/08/01 17:58:33.433, NVIDIA GeForce RTX 3090, 8261, 24576, 61, 227.18
2026/08/01 17:58:34.462, NVIDIA GeForce RTX 3090, 8261, 24576, 36, 222.44
2026/08/01 17:58:35.512, NVIDIA GeForce RTX 3090, 8261, 24576, 92, 226.31
2026/08/01 17:58:36.579, NVIDIA GeForce RTX 3090, 8261, 24576, 46, 224.27
2026/08/01 17:58:37.643, NVIDIA GeForce RTX 3090, 8261, 24576, 67, 227.54
2026/08/01 17:58:38.689, NVIDIA GeForce RTX 3090, 8261, 24576, 40, 225.51
2026/08/01 17:58:39.736, NVIDIA GeForce RTX 3090, 8261, 24576, 63, 225.20
2026/08/01 17:58:40.781, NVIDIA GeForce RTX 3090, 8261, 24576, 53, 226.51
2026/08/01 17:58:41.836, NVIDIA GeForce RTX 3090, 8261, 24576, 86, 225.65
2026/08/01 17:58:42.900, NVIDIA GeForce RTX 3090, 8261, 24576, 61, 227.56
2026/08/01 17:58:43.945, NVIDIA GeForce RTX 3090, 8261, 24576, 90, 224.92
2026/08/01 17:58:45.012, NVIDIA GeForce RTX 3090, 8261, 24576, 54, 227.85
2026/08/01 17:58:46.079, NVIDIA GeForce RTX 3090, 8261, 24576, 100, 227.66
2026/08/01 17:58:47.127, NVIDIA GeForce RTX 3090, 8261, 24576, 89, 226.37
2026/08/01 17:58:48.196, NVIDIA GeForce RTX 3090, 8261, 24576, 98, 225.81
2026/08/01 17:58:49.264, NVIDIA GeForce RTX 3090, 8261, 24576, 60, 228.43
2026/08/01 17:58:50.313, NVIDIA GeForce RTX 3090, 8261, 24576, 76, 228.07
2026/08/01 17:58:51.362, NVIDIA GeForce RTX 3090, 8261, 24576, 53, 223.79
2026/08/01 17:58:52.428, NVIDIA GeForce RTX 3090, 8261, 24576, 100, 230.36
2026/08/01 17:58:53.500, NVIDIA GeForce RTX 3090, 8261, 24576, 79, 229.64
2026/08/01 17:58:54.592, NVIDIA GeForce RTX 3090, 8261, 24576, 85, 230.80
2026/08/01 17:58:55.641, NVIDIA GeForce RTX 3090, 8261, 24576, 42, 222.85
2026/08/01 17:58:56.708, NVIDIA GeForce RTX 3090, 8261, 24576, 73, 227.42
2026/08/01 17:58:57.762, NVIDIA GeForce RTX 3090, 8261, 24576, 54, 222.22
2026/08/01 17:58:58.836, NVIDIA GeForce RTX 3090, 8261, 24576, 46, 223.04
2026/08/01 17:58:59.904, NVIDIA GeForce RTX 3090, 8261, 24576, 62, 226.87
2026/08/01 17:59:00.952, NVIDIA GeForce RTX 3090, 8261, 24576, 54, 226.23
2026/08/01 17:59:02.016, NVIDIA GeForce RTX 3090, 8261, 24576, 91, 225.88
2026/08/01 17:59:03.066, NVIDIA GeForce RTX 3090, 8261, 24576, 34, 222.40
2026/08/01 17:59:04.132, NVIDIA GeForce RTX 3090, 8261, 24576, 43, 225.69
2026/08/01 17:59:05.204, NVIDIA GeForce RTX 3090, 8261, 24576, 76, 223.62
2026/08/01 17:59:06.254, NVIDIA GeForce RTX 3090, 8261, 24576, 62, 227.89
2026/08/01 17:59:07.302, NVIDIA GeForce RTX 3090, 8261, 24576, 36, 225.93
2026/08/01 17:59:08.350, NVIDIA GeForce RTX 3090, 8261, 24576, 79, 226.31
2026/08/01 17:59:09.440, NVIDIA GeForce RTX 3090, 8261, 24576, 91, 226.38
2026/08/01 17:59:10.490, NVIDIA GeForce RTX 3090, 8261, 24576, 100, 228.57
2026/08/01 17:59:11.556, NVIDIA GeForce RTX 3090, 8261, 24576, 92, 224.24
2026/08/01 17:59:12.606, NVIDIA GeForce RTX 3090, 8261, 24576, 82, 226.95
2026/08/01 17:59:13.658, NVIDIA GeForce RTX 3090, 8261, 24576, 91, 226.01
2026/08/01 17:59:14.728, NVIDIA GeForce RTX 3090, 8261, 24576, 76, 226.79
2026/08/01 17:59:15.816, NVIDIA GeForce RTX 3090, 8261, 24576, 41, 222.27
2026/08/01 17:59:16.845, NVIDIA GeForce RTX 3090, 8261, 24576, 91, 226.41
2026/08/01 17:59:17.912, NVIDIA GeForce RTX 3090, 8261, 24576, 45, 223.77
2026/08/01 17:59:18.984, NVIDIA GeForce RTX 3090, 8261, 24576, 92, 225.45
2026/08/01 17:59:20.040, NVIDIA GeForce RTX 3090, 8261, 24576, 86, 224.65
2026/08/01 17:59:21.085, NVIDIA GeForce RTX 3090, 8261, 24576, 99, 225.94
2026/08/01 17:59:22.156, NVIDIA GeForce RTX 3090, 8261, 24576, 57, 224.85
2026/08/01 17:59:23.244, NVIDIA GeForce RTX 3090, 8261, 24576, 63, 226.40
2026/08/01 17:59:24.294, NVIDIA GeForce RTX 3090, 8261, 24576, 44, 226.86
2026/08/01 17:59:25.342, NVIDIA GeForce RTX 3090, 8261, 24576, 44, 222.71
2026/08/01 17:59:26.390, NVIDIA GeForce RTX 3090, 8261, 24576, 43, 227.07
2026/08/01 17:59:27.438, NVIDIA GeForce RTX 3090, 8261, 24576, 49, 227.32
2026/08/01 17:59:28.490, NVIDIA GeForce RTX 3090, 8261, 24576, 66, 223.86
2026/08/01 17:59:29.542, NVIDIA GeForce RTX 3090, 8261, 24576, 52, 227.69
2026/08/01 17:59:30.608, NVIDIA GeForce RTX 3090, 8261, 24576, 48, 222.91
2026/08/01 17:59:31.676, NVIDIA GeForce RTX 3090, 8261, 24576, 61, 227.40
2026/08/01 17:59:32.726, NVIDIA GeForce RTX 3090, 8261, 24576, 68, 224.67
2026/08/01 17:59:33.774, NVIDIA GeForce RTX 3090, 8261, 24576, 42, 223.47
2026/08/01 17:59:34.822, NVIDIA GeForce RTX 3090, 8261, 24576, 44, 225.65
2026/08/01 17:59:35.888, NVIDIA GeForce RTX 3090, 8261, 24576, 29, 222.07
2026/08/01 17:59:36.976, NVIDIA GeForce RTX 3090, 8261, 24576, 64, 227.92
2026/08/01 17:59:38.026, NVIDIA GeForce RTX 3090, 8261, 24576, 55, 222.08
2026/08/01 17:59:39.074, NVIDIA GeForce RTX 3090, 8261, 24576, 50, 224.73
2026/08/01 17:59:40.124, NVIDIA GeForce RTX 3090, 8261, 24576, 53, 226.55
2026/08/01 17:59:41.206, NVIDIA GeForce RTX 3090, 8261, 24576, 37, 222.57
2026/08/01 17:59:42.253, NVIDIA GeForce RTX 3090, 8261, 24576, 96, 230.83
2026/08/01 17:59:43.301, NVIDIA GeForce RTX 3090, 8261, 24576, 41, 226.18
2026/08/01 17:59:44.349, NVIDIA GeForce RTX 3090, 8261, 24576, 100, 228.31
2026/08/01 17:59:45.397, NVIDIA GeForce RTX 3090, 8261, 24576, 66, 227.60
2026/08/01 17:59:46.487, NVIDIA GeForce RTX 3090, 8261, 24576, 91, 226.99
2026/08/01 17:59:47.536, NVIDIA GeForce RTX 3090, 8261, 24576, 100, 229.09
2026/08/01 17:59:48.580, NVIDIA GeForce RTX 3090, 8261, 24576, 73, 227.35
2026/08/01 17:59:49.624, NVIDIA GeForce RTX 3090, 8261, 24576, 99, 225.84
2026/08/01 17:59:50.690, NVIDIA GeForce RTX 3090, 8261, 24576, 78, 226.89
2026/08/01 17:59:51.756, NVIDIA GeForce RTX 3090, 8261, 24576, 35, 222.35
2026/08/01 17:59:52.808, NVIDIA GeForce RTX 3090, 8261, 24576, 79, 226.66
2026/08/01 17:59:53.881, NVIDIA GeForce RTX 3090, 8261, 24576, 41, 222.38
2026/08/01 17:59:54.931, NVIDIA GeForce RTX 3090, 8261, 24576, 92, 223.20
2026/08/01 17:59:55.980, NVIDIA GeForce RTX 3090, 8261, 24576, 86, 226.20
2026/08/01 17:59:57.024, NVIDIA GeForce RTX 3090, 8261, 24576, 95, 227.58
2026/08/01 17:59:58.112, NVIDIA GeForce RTX 3090, 8261, 24576, 46, 226.82
2026/08/01 17:59:59.157, NVIDIA GeForce RTX 3090, 8261, 24576, 71, 229.25
2026/08/01 18:00:00.231, NVIDIA GeForce RTX 3090, 8261, 24576, 34, 221.89
2026/08/01 18:00:01.276, NVIDIA GeForce RTX 3090, 8261, 24576, 99, 231.16
2026/08/01 18:00:02.326, NVIDIA GeForce RTX 3090, 8261, 24576, 42, 225.70
2026/08/01 18:00:03.373, NVIDIA GeForce RTX 3090, 8261, 24576, 100, 228.68
2026/08/01 18:00:04.443, NVIDIA GeForce RTX 3090, 8261, 24576, 44, 224.65
2026/08/01 18:00:05.492, NVIDIA GeForce RTX 3090, 8261, 24576, 100, 228.69
2026/08/01 18:00:06.537, NVIDIA GeForce RTX 3090, 8261, 24576, 59, 227.79
2026/08/01 18:00:07.589, NVIDIA GeForce RTX 3090, 8261, 24576, 94, 227.48
2026/08/01 18:00:08.642, NVIDIA GeForce RTX 3090, 8261, 24576, 73, 227.71
2026/08/01 18:00:09.738, NVIDIA GeForce RTX 3090, 8261, 24576, 90, 226.13
2026/08/01 18:00:10.784, NVIDIA GeForce RTX 3090, 8261, 24576, 80, 226.37
2026/08/01 18:00:11.830, NVIDIA GeForce RTX 3090, 8261, 24576, 92, 226.95
2026/08/01 18:00:12.877, NVIDIA GeForce RTX 3090, 8261, 24576, 67, 226.70
2026/08/01 18:00:13.920, NVIDIA GeForce RTX 3090, 8261, 24576, 92, 228.45
2026/08/01 18:00:15.007, NVIDIA GeForce RTX 3090, 8261, 24576, 52, 227.00
2026/08/01 18:00:16.033, NVIDIA GeForce RTX 3090, 8261, 24576, 76, 226.49
2026/08/01 18:00:17.084, NVIDIA GeForce RTX 3090, 8261, 24576, 37, 222.75
2026/08/01 18:00:18.132, NVIDIA GeForce RTX 3090, 8261, 24576, 58, 226.70
2026/08/01 18:00:19.198, NVIDIA GeForce RTX 3090, 8261, 24576, 70, 228.83
2026/08/01 18:00:20.256, NVIDIA GeForce RTX 3090, 8261, 24576, 52, 223.62
2026/08/01 18:00:21.284, NVIDIA GeForce RTX 3090, 8261, 24576, 89, 228.22
2026/08/01 18:00:22.329, NVIDIA GeForce RTX 3090, 8261, 24576, 46, 227.12
2026/08/01 18:00:23.416, NVIDIA GeForce RTX 3090, 8261, 24576, 73, 224.45
2026/08/01 18:00:24.464, NVIDIA GeForce RTX 3090, 8261, 24576, 41, 225.66
2026/08/01 18:00:25.527, NVIDIA GeForce RTX 3090, 8261, 24576, 76, 225.83
2026/08/01 18:00:26.573, NVIDIA GeForce RTX 3090, 8261, 24576, 37, 226.14
2026/08/01 18:00:27.620, NVIDIA GeForce RTX 3090, 8261, 24576, 100, 228.55
2026/08/01 18:00:28.683, NVIDIA GeForce RTX 3090, 8261, 24576, 69, 226.47
2026/08/01 18:00:29.709, NVIDIA GeForce RTX 3090, 8261, 24576, 74, 226.72
2026/08/01 18:00:30.772, NVIDIA GeForce RTX 3090, 8261, 24576, 78, 227.36
2026/08/01 18:00:31.821, NVIDIA GeForce RTX 3090, 8261, 24576, 45, 222.15
2026/08/01 18:00:32.887, NVIDIA GeForce RTX 3090, 8261, 24576, 76, 229.40
2026/08/01 18:00:33.933, NVIDIA GeForce RTX 3090, 8261, 24576, 50, 223.57
2026/08/01 18:00:34.980, NVIDIA GeForce RTX 3090, 8261, 24576, 56, 225.88
2026/08/01 18:00:36.063, NVIDIA GeForce RTX 3090, 8261, 24576, 42, 221.90
2026/08/01 18:00:37.128, NVIDIA GeForce RTX 3090, 8261, 24576, 38, 225.48
2026/08/01 18:00:38.174, NVIDIA GeForce RTX 3090, 8261, 24576, 59, 225.57
2026/08/01 18:00:39.221, NVIDIA GeForce RTX 3090, 8261, 24576, 40, 222.16
2026/08/01 18:00:40.288, NVIDIA GeForce RTX 3090, 8261, 24576, 71, 228.07
2026/08/01 18:00:41.336, NVIDIA GeForce RTX 3090, 8261, 24576, 49, 224.51
2026/08/01 18:00:42.364, NVIDIA GeForce RTX 3090, 8261, 24576, 65, 226.23
2026/08/01 18:00:43.427, NVIDIA GeForce RTX 3090, 8261, 24576, 43, 223.51
2026/08/01 18:00:44.472, NVIDIA GeForce RTX 3090, 8261, 24576, 100, 229.78
2026/08/01 18:00:45.516, NVIDIA GeForce RTX 3090, 8261, 24576, 39, 225.03
2026/08/01 18:00:46.579, NVIDIA GeForce RTX 3090, 8261, 24576, 96, 228.30
2026/08/01 18:00:47.648, NVIDIA GeForce RTX 3090, 8261, 24576, 80, 229.88
2026/08/01 18:00:48.696, NVIDIA GeForce RTX 3090, 8261, 24576, 91, 226.08
2026/08/01 18:00:49.759, NVIDIA GeForce RTX 3090, 8261, 24576, 93, 227.02
2026/08/01 18:00:50.828, NVIDIA GeForce RTX 3090, 8261, 24576, 92, 225.36
2026/08/01 18:00:51.872, NVIDIA GeForce RTX 3090, 8261, 24576, 79, 226.80
2026/08/01 18:00:52.922, NVIDIA GeForce RTX 3090, 8261, 24576, 91, 226.84
2026/08/01 18:00:54.012, NVIDIA GeForce RTX 3090, 8261, 24576, 55, 228.11
2026/08/01 18:00:55.062, NVIDIA GeForce RTX 3090, 8261, 24576, 62, 226.97
2026/08/01 18:00:56.148, NVIDIA GeForce RTX 3090, 8261, 24576, 31, 222.03
2026/08/01 18:00:57.216, NVIDIA GeForce RTX 3090, 8261, 24576, 44, 226.46
2026/08/01 18:00:58.266, NVIDIA GeForce RTX 3090, 8261, 24576, 48, 225.19
2026/08/01 18:00:59.332, NVIDIA GeForce RTX 3090, 8261, 24576, 40, 222.60
2026/08/01 18:01:00.382, NVIDIA GeForce RTX 3090, 8261, 24576, 59, 227.41
2026/08/01 18:01:01.468, NVIDIA GeForce RTX 3090, 8261, 24576, 46, 227.33
2026/08/01 18:01:02.560, NVIDIA GeForce RTX 3090, 8261, 24576, 81, 228.57
2026/08/01 18:01:03.606, NVIDIA GeForce RTX 3090, 8261, 24576, 99, 225.85
2026/08/01 18:01:04.653, NVIDIA GeForce RTX 3090, 8261, 24576, 100, 231.60
2026/08/01 18:01:05.720, NVIDIA GeForce RTX 3090, 8261, 24576, 90, 227.64
2026/08/01 18:01:06.774, NVIDIA GeForce RTX 3090, 8261, 24576, 44, 222.90
2026/08/01 18:01:07.822, NVIDIA GeForce RTX 3090, 8261, 24576, 72, 227.16
2026/08/01 18:01:08.878, NVIDIA GeForce RTX 3090, 8261, 24576, 45, 223.21
2026/08/01 18:01:09.948, NVIDIA GeForce RTX 3090, 8261, 24576, 82, 226.80
2026/08/01 18:01:10.997, NVIDIA GeForce RTX 3090, 8261, 24576, 51, 223.73
2026/08/01 18:01:12.064, NVIDIA GeForce RTX 3090, 8261, 24576, 65, 226.51
2026/08/01 18:01:13.152, NVIDIA GeForce RTX 3090, 8261, 24576, 43, 222.63
2026/08/01 18:01:14.202, NVIDIA GeForce RTX 3090, 8261, 24576, 68, 228.68
2026/08/01 18:01:15.268, NVIDIA GeForce RTX 3090, 8261, 24576, 91, 226.95
2026/08/01 18:01:16.342, NVIDIA GeForce RTX 3090, 8261, 24576, 78, 226.19
2026/08/01 18:01:17.412, NVIDIA GeForce RTX 3090, 8261, 24576, 100, 224.85
2026/08/01 18:01:18.466, NVIDIA GeForce RTX 3090, 8261, 24576, 66, 227.65
2026/08/01 18:01:19.518, NVIDIA GeForce RTX 3090, 8261, 24576, 88, 230.38
2026/08/01 18:01:20.588, NVIDIA GeForce RTX 3090, 8261, 24576, 49, 222.61
2026/08/01 18:01:21.638, NVIDIA GeForce RTX 3090, 8261, 24576, 92, 225.76
2026/08/01 18:01:22.690, NVIDIA GeForce RTX 3090, 8261, 24576, 42, 225.42
2026/08/01 18:01:23.764, NVIDIA GeForce RTX 3090, 8261, 24576, 88, 227.06
2026/08/01 18:01:24.797, NVIDIA GeForce RTX 3090, 8261, 24576, 54, 224.46
2026/08/01 18:01:25.846, NVIDIA GeForce RTX 3090, 8261, 24576, 52, 226.90
2026/08/01 18:01:26.916, NVIDIA GeForce RTX 3090, 8261, 24576, 41, 222.25
2026/08/01 18:01:27.966, NVIDIA GeForce RTX 3090, 8261, 24576, 41, 225.69
2026/08/01 18:01:29.015, NVIDIA GeForce RTX 3090, 8261, 24576, 50, 223.76
2026/08/01 18:01:30.068, NVIDIA GeForce RTX 3090, 8261, 24576, 36, 224.34
2026/08/01 18:01:31.126, NVIDIA GeForce RTX 3090, 8261, 24576, 64, 224.60
2026/08/01 18:01:32.212, NVIDIA GeForce RTX 3090, 8261, 24576, 47, 222.99
2026/08/01 18:01:33.300, NVIDIA GeForce RTX 3090, 8261, 24576, 84, 228.94
2026/08/01 18:01:34.392, NVIDIA GeForce RTX 3090, 8261, 24576, 92, 226.51
2026/08/01 18:01:35.456, NVIDIA GeForce RTX 3090, 8261, 24576, 100, 226.18
2026/08/01 18:01:36.520, NVIDIA GeForce RTX 3090, 8261, 24576, 48, 225.59
2026/08/01 18:01:37.588, NVIDIA GeForce RTX 3090, 8261, 24576, 88, 228.29
2026/08/01 18:01:38.660, NVIDIA GeForce RTX 3090, 8261, 24576, 88, 229.98
2026/08/01 18:01:39.706, NVIDIA GeForce RTX 3090, 8261, 24576, 100, 227.46
2026/08/01 18:01:40.776, NVIDIA GeForce RTX 3090, 8261, 24576, 82, 227.06
2026/08/01 18:01:41.821, NVIDIA GeForce RTX 3090, 8261, 24576, 100, 227.47
2026/08/01 18:01:42.892, NVIDIA GeForce RTX 3090, 8261, 24576, 92, 223.57
2026/08/01 18:01:43.960, NVIDIA GeForce RTX 3090, 8261, 24576, 51, 225.62
2026/08/01 18:01:45.028, NVIDIA GeForce RTX 3090, 8261, 24576, 98, 224.11
2026/08/01 18:01:46.073, NVIDIA GeForce RTX 3090, 8261, 24576, 52, 227.17
2026/08/01 18:01:47.122, NVIDIA GeForce RTX 3090, 8261, 24576, 66, 228.80
2026/08/01 18:01:48.187, NVIDIA GeForce RTX 3090, 8261, 24576, 46, 223.14
2026/08/01 18:01:49.232, NVIDIA GeForce RTX 3090, 8261, 24576, 79, 226.59
2026/08/01 18:01:50.280, NVIDIA GeForce RTX 3090, 8261, 24576, 37, 222.69
2026/08/01 18:01:51.332, NVIDIA GeForce RTX 3090, 8261, 24576, 83, 226.62
2026/08/01 18:01:52.377, NVIDIA GeForce RTX 3090, 8261, 24576, 42, 222.75
2026/08/01 18:01:53.425, NVIDIA GeForce RTX 3090, 8261, 24576, 59, 226.74
2026/08/01 18:01:54.473, NVIDIA GeForce RTX 3090, 8261, 24576, 49, 223.49
2026/08/01 18:01:55.521, NVIDIA GeForce RTX 3090, 8261, 24576, 44, 226.60
2026/08/01 18:01:56.615, NVIDIA GeForce RTX 3090, 8261, 24576, 39, 222.28
2026/08/01 18:01:57.660, NVIDIA GeForce RTX 3090, 8261, 24576, 92, 229.84
2026/08/01 18:01:58.723, NVIDIA GeForce RTX 3090, 8261, 24576, 52, 227.39
2026/08/01 18:01:59.795, NVIDIA GeForce RTX 3090, 8261, 24576, 92, 231.13
2026/08/01 18:02:00.842, NVIDIA GeForce RTX 3090, 8261, 24576, 93, 228.00
2026/08/01 18:02:01.906, NVIDIA GeForce RTX 3090, 8261, 24576, 91, 224.23
2026/08/01 18:02:02.953, NVIDIA GeForce RTX 3090, 8261, 24576, 49, 224.42
2026/08/01 18:02:04.000, NVIDIA GeForce RTX 3090, 8261, 24576, 92, 225.29
2026/08/01 18:02:05.092, NVIDIA GeForce RTX 3090, 8261, 24576, 48, 225.68
2026/08/01 18:02:06.137, NVIDIA GeForce RTX 3090, 8261, 24576, 91, 227.99
2026/08/01 18:02:07.208, NVIDIA GeForce RTX 3090, 8261, 24576, 38, 223.30
2026/08/01 18:02:08.257, NVIDIA GeForce RTX 3090, 8261, 24576, 54, 227.21
2026/08/01 18:02:09.309, NVIDIA GeForce RTX 3090, 8261, 24576, 35, 222.18
2026/08/01 18:02:10.357, NVIDIA GeForce RTX 3090, 8261, 24576, 68, 228.37
2026/08/01 18:02:11.408, NVIDIA GeForce RTX 3090, 8261, 24576, 42, 223.58
2026/08/01 18:02:12.461, NVIDIA GeForce RTX 3090, 8261, 24576, 67, 226.74
2026/08/01 18:02:13.514, NVIDIA GeForce RTX 3090, 8261, 24576, 35, 222.28
2026/08/01 18:02:14.588, NVIDIA GeForce RTX 3090, 8261, 24576, 47, 226.96
2026/08/01 18:02:15.641, NVIDIA GeForce RTX 3090, 8261, 24576, 58, 224.67
2026/08/01 18:02:16.715, NVIDIA GeForce RTX 3090, 8261, 24576, 50, 224.82
2026/08/01 18:02:17.744, NVIDIA GeForce RTX 3090, 8261, 24576, 62, 226.01
2026/08/01 18:02:18.792, NVIDIA GeForce RTX 3090, 8261, 24576, 55, 224.97
2026/08/01 18:02:19.840, NVIDIA GeForce RTX 3090, 8261, 24576, 54, 230.84
2026/08/01 18:02:20.884, NVIDIA GeForce RTX 3090, 8261, 24576, 74, 225.36
2026/08/01 18:02:21.928, NVIDIA GeForce RTX 3090, 8261, 24576, 51, 227.41
2026/08/01 18:02:22.976, NVIDIA GeForce RTX 3090, 8261, 24576, 100, 227.66
2026/08/01 18:02:24.025, NVIDIA GeForce RTX 3090, 8261, 24576, 59, 227.45
2026/08/01 18:02:25.076, NVIDIA GeForce RTX 3090, 8261, 24576, 95, 225.30
2026/08/01 18:02:26.171, NVIDIA GeForce RTX 3090, 8261, 24576, 100, 224.00
2026/08/01 18:02:27.226, NVIDIA GeForce RTX 3090, 8261, 24576, 61, 227.58
2026/08/01 18:02:28.278, NVIDIA GeForce RTX 3090, 8261, 24576, 95, 227.31
2026/08/01 18:02:29.347, NVIDIA GeForce RTX 3090, 8261, 24576, 55, 226.54
2026/08/01 18:02:30.392, NVIDIA GeForce RTX 3090, 8261, 24576, 92, 225.41
2026/08/01 18:02:31.436, NVIDIA GeForce RTX 3090, 8261, 24576, 52, 225.72
2026/08/01 18:02:32.480, NVIDIA GeForce RTX 3090, 8261, 24576, 79, 228.66
2026/08/01 18:02:33.529, NVIDIA GeForce RTX 3090, 8261, 24576, 92, 226.26
2026/08/01 18:02:34.580, NVIDIA GeForce RTX 3090, 8261, 24576, 70, 225.30
2026/08/01 18:02:35.633, NVIDIA GeForce RTX 3090, 8261, 24576, 53, 223.62
2026/08/01 18:02:36.707, NVIDIA GeForce RTX 3090, 8261, 24576, 61, 226.86
2026/08/01 18:02:37.804, NVIDIA GeForce RTX 3090, 8261, 24576, 52, 227.15
2026/08/01 18:02:38.853, NVIDIA GeForce RTX 3090, 8261, 24576, 96, 227.71
2026/08/01 18:02:39.927, NVIDIA GeForce RTX 3090, 8261, 24576, 81, 226.64
2026/08/01 18:02:40.977, NVIDIA GeForce RTX 3090, 8261, 24576, 92, 225.90
2026/08/01 18:02:42.025, NVIDIA GeForce RTX 3090, 8261, 24576, 100, 226.80
2026/08/01 18:02:43.091, NVIDIA GeForce RTX 3090, 8261, 24576, 0, 210.80
2026/08/01 18:02:44.170, NVIDIA GeForce RTX 3090, 8261, 24576, 0, 158.50
2026/08/01 18:02:45.221, NVIDIA GeForce RTX 3090, 8261, 24576, 0, 139.75
2026/08/01 18:02:46.268, NVIDIA GeForce RTX 3090, 8261, 24576, 0, 120.84
2026/08/01 18:02:47.340, NVIDIA GeForce RTX 3090, 8261, 24576, 0, 120.67
2026/08/01 18:02:48.388, NVIDIA GeForce RTX 3090, 8261, 24576, 0, 120.16
2026/08/01 18:02:49.455, NVIDIA GeForce RTX 3090, 8261, 24576, 0, 119.87
2026/08/01 18:02:50.527, NVIDIA GeForce RTX 3090, 8261, 24576, 0, 119.85
2026/08/01 18:02:51.576, NVIDIA GeForce RTX 3090, 8261, 24576, 0, 119.31
2026/08/01 18:02:52.625, NVIDIA GeForce RTX 3090, 8261, 24576, 0, 119.22
2026/08/01 18:02:53.692, NVIDIA GeForce RTX 3090, 8261, 24576, 0, 119.20
2026/08/01 18:02:54.746, NVIDIA GeForce RTX 3090, 8261, 24576, 0, 118.50
2026/08/01 18:02:55.816, NVIDIA GeForce RTX 3090, 8261, 24576, 0, 118.94
2026/08/01 18:02:56.860, NVIDIA GeForce RTX 3090, 8261, 24576, 0, 118.50
2026/08/01 18:02:57.924, NVIDIA GeForce RTX 3090, 8261, 24576, 0, 118.37
2026/08/01 18:02:59.016, NVIDIA GeForce RTX 3090, 8261, 24576, 0, 118.54
2026/08/01 18:03:00.070, NVIDIA GeForce RTX 3090, 8261, 24576, 0, 118.53
2026/08/01 18:03:01.135, NVIDIA GeForce RTX 3090, 8261, 24576, 0, 118.39
2026/08/01 18:03:02.182, NVIDIA GeForce RTX 3090, 8261, 24576, 0, 118.38
2026/08/01 18:03:03.256, NVIDIA GeForce RTX 3090, 8261, 24576, 0, 118.41
2026/08/01 18:03:04.310, NVIDIA GeForce RTX 3090, 8261, 24576, 0, 118.56
2026/08/01 18:03:05.362, NVIDIA GeForce RTX 3090, 8261, 24576, 0, 118.50
2026/08/01 18:03:06.414, NVIDIA GeForce RTX 3090, 8261, 24576, 0, 117.93
2026/08/01 18:03:07.466, NVIDIA GeForce RTX 3090, 8261, 24576, 0, 117.52
2026/08/01 18:03:08.514, NVIDIA GeForce RTX 3090, 8261, 24576, 0, 117.54
2026/08/01 18:03:09.612, NVIDIA GeForce RTX 3090, 8261, 24576, 0, 117.36
2026/08/01 18:03:10.658, NVIDIA GeForce RTX 3090, 8261, 24576, 0, 117.63
2026/08/01 18:03:11.732, NVIDIA GeForce RTX 3090, 8261, 24576, 0, 117.73
2026/08/01 18:03:12.804, NVIDIA GeForce RTX 3090, 8261, 24576, 0, 117.33
2026/08/01 18:03:13.876, NVIDIA GeForce RTX 3090, 8261, 24576, 0, 117.70
2026/08/01 18:03:14.926, NVIDIA GeForce RTX 3090, 8261, 24576, 0, 118.00
2026/08/01 18:03:15.991, NVIDIA GeForce RTX 3090, 8261, 24576, 0, 117.86
2026/08/01 18:03:17.042, NVIDIA GeForce RTX 3090, 8261, 24576, 0, 118.52
2026/08/01 18:03:18.094, NVIDIA GeForce RTX 3090, 8261, 24576, 0, 117.96
2026/08/01 18:03:19.142, NVIDIA GeForce RTX 3090, 8261, 24576, 0, 118.17
2026/08/01 18:03:20.208, NVIDIA GeForce RTX 3090, 8261, 24576, 0, 120.60
2026/08/01 18:03:21.257, NVIDIA GeForce RTX 3090, 8261, 24576, 0, 117.49
2026/08/01 18:03:22.352, NVIDIA GeForce RTX 3090, 8261, 24576, 12, 118.17
2026/08/01 18:03:23.402, NVIDIA GeForce RTX 3090, 8261, 24576, 0, 118.23
2026/08/01 18:03:24.476, NVIDIA GeForce RTX 3090, 8261, 24576, 0, 117.57
2026/08/01 18:03:25.530, NVIDIA GeForce RTX 3090, 8261, 24576, 0, 117.32
2026/08/01 18:03:26.604, NVIDIA GeForce RTX 3090, 8261, 24576, 0, 117.44
2026/08/01 18:03:27.658, NVIDIA GeForce RTX 3090, 8261, 24576, 0, 117.46
2026/08/01 18:03:28.728, NVIDIA GeForce RTX 3090, 8261, 24576, 0, 117.35
2026/08/01 18:03:29.782, NVIDIA GeForce RTX 3090, 8261, 24576, 0, 117.35
2026/08/01 18:03:30.876, NVIDIA GeForce RTX 3090, 8261, 24576, 0, 116.96
2026/08/01 18:03:31.951, NVIDIA GeForce RTX 3090, 8261, 24576, 0, 117.03
2026/08/01 18:03:33.016, NVIDIA GeForce RTX 3090, 8261, 24576, 0, 117.05
2026/08/01 18:03:34.066, NVIDIA GeForce RTX 3090, 8261, 24576, 0, 116.69
2026/08/01 18:03:35.113, NVIDIA GeForce RTX 3090, 8261, 24576, 0, 117.00
2026/08/01 18:03:36.161, NVIDIA GeForce RTX 3090, 8261, 24576, 0, 117.08
2026/08/01 18:03:37.224, NVIDIA GeForce RTX 3090, 8261, 24576, 0, 117.10
2026/08/01 18:03:38.270, NVIDIA GeForce RTX 3090, 7699, 24576, 2, 117.46
2026/08/01 18:03:39.340, NVIDIA GeForce RTX 3090, 0, 24576, 45, 121.07
2026/08/01 18:03:40.386, NVIDIA GeForce RTX 3090, 0, 24576, 0, 136.99
2026/08/01 18:03:41.456, NVIDIA GeForce RTX 3090, 0, 24576, 0, 130.63
2026/08/01 18:03:42.525, NVIDIA GeForce RTX 3090, 463, 24576, 9, 63.76
2026/08/01 18:03:43.596, NVIDIA GeForce RTX 3090, 881, 24576, 9, 118.80
2026/08/01 18:03:44.650, NVIDIA GeForce RTX 3090, 1197, 24576, 8, 118.54
2026/08/01 18:03:45.698, NVIDIA GeForce RTX 3090, 3297, 24576, 3, 119.01
2026/08/01 18:03:46.750, NVIDIA GeForce RTX 3090, 3297, 24576, 45, 287.13
2026/08/01 18:03:47.798, NVIDIA GeForce RTX 3090, 3297, 24576, 19, 204.53
2026/08/01 18:03:48.846, NVIDIA GeForce RTX 3090, 3297, 24576, 0, 210.57
2026/08/01 18:03:49.897, NVIDIA GeForce RTX 3090, 3297, 24576, 53, 224.11
2026/08/01 18:03:50.945, NVIDIA GeForce RTX 3090, 3297, 24576, 28, 222.36
2026/08/01 18:03:51.990, NVIDIA GeForce RTX 3090, 3297, 24576, 1, 217.69
2026/08/01 18:03:53.060, NVIDIA GeForce RTX 3090, 3297, 24576, 17, 222.68
2026/08/01 18:03:54.128, NVIDIA GeForce RTX 3090, 3297, 24576, 0, 211.58
2026/08/01 18:03:55.197, NVIDIA GeForce RTX 3090, 3297, 24576, 0, 223.32
2026/08/01 18:03:56.228, NVIDIA GeForce RTX 3090, 3297, 24576, 84, 222.37
2026/08/01 18:03:57.273, NVIDIA GeForce RTX 3090, 3297, 24576, 0, 205.83
2026/08/01 18:03:58.321, NVIDIA GeForce RTX 3090, 3297, 24576, 54, 217.09
2026/08/01 18:03:59.365, NVIDIA GeForce RTX 3090, 3297, 24576, 84, 227.90
2026/08/01 18:04:00.414, NVIDIA GeForce RTX 3090, 3297, 24576, 0, 221.41
2026/08/01 18:04:01.483, NVIDIA GeForce RTX 3090, 3297, 24576, 18, 222.15
2026/08/01 18:04:02.530, NVIDIA GeForce RTX 3090, 3297, 24576, 54, 221.50
2026/08/01 18:04:03.601, NVIDIA GeForce RTX 3090, 3297, 24576, 0, 213.35
2026/08/01 18:04:04.668, NVIDIA GeForce RTX 3090, 3297, 24576, 10, 221.92
2026/08/01 18:04:05.732, NVIDIA GeForce RTX 3090, 3297, 24576, 61, 223.85
2026/08/01 18:04:06.777, NVIDIA GeForce RTX 3090, 3297, 24576, 0, 220.38
2026/08/01 18:04:07.810, NVIDIA GeForce RTX 3090, 3297, 24576, 5, 208.37
2026/08/01 18:04:08.897, NVIDIA GeForce RTX 3090, 3297, 24576, 5, 222.80
2026/08/01 18:04:09.945, NVIDIA GeForce RTX 3090, 3297, 24576, 37, 222.29
2026/08/01 18:04:10.989, NVIDIA GeForce RTX 3090, 3297, 24576, 8, 214.59
2026/08/01 18:04:12.038, NVIDIA GeForce RTX 3090, 3297, 24576, 0, 223.40
2026/08/01 18:04:13.108, NVIDIA GeForce RTX 3090, 3297, 24576, 81, 222.91
2026/08/01 18:04:14.172, NVIDIA GeForce RTX 3090, 3297, 24576, 53, 216.20
2026/08/01 18:04:15.217, NVIDIA GeForce RTX 3090, 3297, 24576, 0, 214.59
2026/08/01 18:04:16.304, NVIDIA GeForce RTX 3090, 3297, 24576, 12, 225.40
2026/08/01 18:04:17.351, NVIDIA GeForce RTX 3090, 3297, 24576, 29, 214.40
2026/08/01 18:04:18.401, NVIDIA GeForce RTX 3090, 3297, 24576, 86, 218.24
2026/08/01 18:04:19.450, NVIDIA GeForce RTX 3090, 3297, 24576, 0, 206.98
2026/08/01 18:04:20.516, NVIDIA GeForce RTX 3090, 3297, 24576, 31, 213.23
2026/08/01 18:04:21.565, NVIDIA GeForce RTX 3090, 3297, 24576, 66, 216.92
2026/08/01 18:04:22.613, NVIDIA GeForce RTX 3090, 3297, 24576, 51, 211.00
2026/08/01 18:04:23.676, NVIDIA GeForce RTX 3090, 3297, 24576, 81, 218.52
2026/08/01 18:04:24.740, NVIDIA GeForce RTX 3090, 3297, 24576, 70, 219.43
2026/08/01 18:04:25.785, NVIDIA GeForce RTX 3090, 3297, 24576, 0, 223.82
2026/08/01 18:04:26.817, NVIDIA GeForce RTX 3090, 3297, 24576, 80, 222.83
2026/08/01 18:04:27.884, NVIDIA GeForce RTX 3090, 3297, 24576, 53, 207.33
2026/08/01 18:04:28.929, NVIDIA GeForce RTX 3090, 3297, 24576, 2, 220.64
2026/08/01 18:04:29.982, NVIDIA GeForce RTX 3090, 3297, 24576, 0, 225.24
2026/08/01 18:04:31.030, NVIDIA GeForce RTX 3090, 3297, 24576, 0, 208.13
2026/08/01 18:04:32.081, NVIDIA GeForce RTX 3090, 3297, 24576, 50, 224.24
2026/08/01 18:04:33.126, NVIDIA GeForce RTX 3090, 3297, 24576, 14, 218.20
2026/08/01 18:04:34.176, NVIDIA GeForce RTX 3090, 3297, 24576, 73, 220.84
2026/08/01 18:04:35.227, NVIDIA GeForce RTX 3090, 3297, 24576, 5, 225.07
2026/08/01 18:04:36.296, NVIDIA GeForce RTX 3090, 3297, 24576, 79, 223.16
2026/08/01 18:04:37.360, NVIDIA GeForce RTX 3090, 3297, 24576, 27, 223.44
2026/08/01 18:04:38.410, NVIDIA GeForce RTX 3090, 3297, 24576, 2, 209.38
2026/08/01 18:04:39.488, NVIDIA GeForce RTX 3090, 3297, 24576, 23, 226.93
2026/08/01 18:04:40.537, NVIDIA GeForce RTX 3090, 3297, 24576, 52, 215.99
2026/08/01 18:04:41.589, NVIDIA GeForce RTX 3090, 3297, 24576, 0, 207.52
2026/08/01 18:04:42.642, NVIDIA GeForce RTX 3090, 3297, 24576, 0, 206.72
2026/08/01 18:04:43.722, NVIDIA GeForce RTX 3090, 3297, 24576, 87, 224.16
2026/08/01 18:04:44.773, NVIDIA GeForce RTX 3090, 3297, 24576, 0, 207.97
2026/08/01 18:04:45.849, NVIDIA GeForce RTX 3090, 3297, 24576, 0, 208.43
2026/08/01 18:04:46.924, NVIDIA GeForce RTX 3090, 3297, 24576, 0, 206.59
2026/08/01 18:04:47.974, NVIDIA GeForce RTX 3090, 3297, 24576, 71, 219.56
2026/08/01 18:04:49.025, NVIDIA GeForce RTX 3090, 3297, 24576, 81, 225.73
2026/08/01 18:04:50.092, NVIDIA GeForce RTX 3090, 3297, 24576, 83, 224.24
2026/08/01 18:04:51.137, NVIDIA GeForce RTX 3090, 3297, 24576, 87, 226.10
2026/08/01 18:04:52.185, NVIDIA GeForce RTX 3090, 3297, 24576, 21, 210.87
2026/08/01 18:04:53.237, NVIDIA GeForce RTX 3090, 3297, 24576, 79, 225.59
2026/08/01 18:04:54.299, NVIDIA GeForce RTX 3090, 3297, 24576, 0, 210.69
2026/08/01 18:04:55.350, NVIDIA GeForce RTX 3090, 3297, 24576, 15, 209.66
2026/08/01 18:04:56.402, NVIDIA GeForce RTX 3090, 3297, 24576, 4, 208.73
2026/08/01 18:04:57.500, NVIDIA GeForce RTX 3090, 3297, 24576, 65, 219.21
2026/08/01 18:04:58.572, NVIDIA GeForce RTX 3090, 3297, 24576, 48, 213.85
2026/08/01 18:04:59.622, NVIDIA GeForce RTX 3090, 3297, 24576, 7, 219.65
2026/08/01 18:05:00.674, NVIDIA GeForce RTX 3090, 3297, 24576, 40, 223.50
2026/08/01 18:05:01.726, NVIDIA GeForce RTX 3090, 3297, 24576, 39, 226.78
2026/08/01 18:05:02.779, NVIDIA GeForce RTX 3090, 3297, 24576, 0, 217.65
2026/08/01 18:05:03.833, NVIDIA GeForce RTX 3090, 3297, 24576, 81, 225.76
2026/08/01 18:05:04.878, NVIDIA GeForce RTX 3090, 3297, 24576, 86, 227.69
2026/08/01 18:05:05.945, NVIDIA GeForce RTX 3090, 3297, 24576, 45, 216.55
2026/08/01 18:05:06.993, NVIDIA GeForce RTX 3090, 3297, 24576, 62, 225.06
2026/08/01 18:05:08.042, NVIDIA GeForce RTX 3090, 3297, 24576, 86, 226.65
2026/08/01 18:05:09.108, NVIDIA GeForce RTX 3090, 3297, 24576, 87, 226.02
2026/08/01 18:05:10.176, NVIDIA GeForce RTX 3090, 3297, 24576, 66, 219.36
2026/08/01 18:05:11.244, NVIDIA GeForce RTX 3090, 3297, 24576, 0, 213.04
2026/08/01 18:05:12.316, NVIDIA GeForce RTX 3090, 3297, 24576, 0, 176.02
2026/08/01 18:05:13.379, NVIDIA GeForce RTX 3090, 18, 24576, 0, 142.24
2026/08/01 18:05:14.430, NVIDIA GeForce RTX 3090, 603, 24576, 11, 121.57
2026/08/01 18:05:15.516, NVIDIA GeForce RTX 3090, 793, 24576, 0, 120.66
2026/08/01 18:05:16.566, NVIDIA GeForce RTX 3090, 793, 24576, 0, 119.43
2026/08/01 18:05:17.614, NVIDIA GeForce RTX 3090, 793, 24576, 0, 118.71
2026/08/01 18:05:18.684, NVIDIA GeForce RTX 3090, 955, 24576, 3, 118.46
2026/08/01 18:05:19.740, NVIDIA GeForce RTX 3090, 7703, 24576, 99, 151.86
2026/08/01 18:05:20.794, NVIDIA GeForce RTX 3090, 7703, 24576, 97, 308.84
2026/08/01 18:05:21.850, NVIDIA GeForce RTX 3090, 7703, 24576, 0, 180.70
2026/08/01 18:05:22.920, NVIDIA GeForce RTX 3090, 7703, 24576, 0, 136.85
2026/08/01 18:05:23.988, NVIDIA GeForce RTX 3090, 7703, 24576, 35, 147.43
2026/08/01 18:05:25.056, NVIDIA GeForce RTX 3090, 7703, 24576, 19, 213.03
2026/08/01 18:05:26.106, NVIDIA GeForce RTX 3090, 7703, 24576, 0, 214.64
2026/08/01 18:05:27.154, NVIDIA GeForce RTX 3090, 7703, 24576, 33, 218.30
2026/08/01 18:05:28.224, NVIDIA GeForce RTX 3090, 7703, 24576, 27, 230.25
2026/08/01 18:05:29.270, NVIDIA GeForce RTX 3090, 7703, 24576, 35, 221.56
2026/08/01 18:05:30.337, NVIDIA GeForce RTX 3090, 7703, 24576, 0, 215.65
2026/08/01 18:05:31.428, NVIDIA GeForce RTX 3090, 7703, 24576, 0, 214.82
2026/08/01 18:05:32.492, NVIDIA GeForce RTX 3090, 7703, 24576, 0, 215.53
2026/08/01 18:05:33.580, NVIDIA GeForce RTX 3090, 7703, 24576, 83, 228.38
2026/08/01 18:05:34.626, NVIDIA GeForce RTX 3090, 7703, 24576, 91, 221.31
2026/08/01 18:05:35.674, NVIDIA GeForce RTX 3090, 7703, 24576, 36, 219.34
2026/08/01 18:05:36.764, NVIDIA GeForce RTX 3090, 7703, 24576, 64, 228.88
2026/08/01 18:05:37.833, NVIDIA GeForce RTX 3090, 7703, 24576, 12, 217.75
2026/08/01 18:05:38.932, NVIDIA GeForce RTX 3090, 7703, 24576, 92, 228.12
2026/08/01 18:05:39.982, NVIDIA GeForce RTX 3090, 7703, 24576, 94, 230.04
2026/08/01 18:05:41.055, NVIDIA GeForce RTX 3090, 7703, 24576, 13, 218.85
2026/08/01 18:05:42.128, NVIDIA GeForce RTX 3090, 7703, 24576, 0, 215.60
2026/08/01 18:05:43.178, NVIDIA GeForce RTX 3090, 7703, 24576, 0, 215.51
2026/08/01 18:05:44.234, NVIDIA GeForce RTX 3090, 7703, 24576, 27, 219.02
2026/08/01 18:05:45.282, NVIDIA GeForce RTX 3090, 7703, 24576, 0, 215.41
2026/08/01 18:05:46.361, NVIDIA GeForce RTX 3090, 7703, 24576, 27, 219.94
2026/08/01 18:05:47.436, NVIDIA GeForce RTX 3090, 7703, 24576, 94, 226.85
2026/08/01 18:05:48.486, NVIDIA GeForce RTX 3090, 7703, 24576, 47, 223.20
2026/08/01 18:05:49.580, NVIDIA GeForce RTX 3090, 7703, 24576, 98, 226.35
2026/08/01 18:05:50.672, NVIDIA GeForce RTX 3090, 7703, 24576, 11, 217.20
2026/08/01 18:05:51.726, NVIDIA GeForce RTX 3090, 7703, 24576, 36, 221.31
2026/08/01 18:05:52.782, NVIDIA GeForce RTX 3090, 7703, 24576, 36, 221.34
2026/08/01 18:05:53.856, NVIDIA GeForce RTX 3090, 7703, 24576, 93, 229.88
2026/08/01 18:05:54.905, NVIDIA GeForce RTX 3090, 7703, 24576, 67, 216.69
2026/08/01 18:05:55.975, NVIDIA GeForce RTX 3090, 7703, 24576, 58, 224.77
2026/08/01 18:05:57.048, NVIDIA GeForce RTX 3090, 7703, 24576, 0, 216.74
2026/08/01 18:05:58.102, NVIDIA GeForce RTX 3090, 7703, 24576, 3, 220.97
2026/08/01 18:05:59.177, NVIDIA GeForce RTX 3090, 7703, 24576, 4, 217.14
2026/08/01 18:06:00.229, NVIDIA GeForce RTX 3090, 7703, 24576, 0, 216.55
2026/08/01 18:06:01.277, NVIDIA GeForce RTX 3090, 7703, 24576, 84, 216.03
2026/08/01 18:06:02.325, NVIDIA GeForce RTX 3090, 7703, 24576, 80, 216.46
2026/08/01 18:06:03.373, NVIDIA GeForce RTX 3090, 7703, 24576, 0, 213.97
2026/08/01 18:06:04.425, NVIDIA GeForce RTX 3090, 7703, 24576, 0, 216.92
2026/08/01 18:06:05.493, NVIDIA GeForce RTX 3090, 7703, 24576, 40, 219.59
2026/08/01 18:06:06.567, NVIDIA GeForce RTX 3090, 7703, 24576, 45, 222.94
2026/08/01 18:06:07.640, NVIDIA GeForce RTX 3090, 7703, 24576, 95, 227.49
2026/08/01 18:06:08.690, NVIDIA GeForce RTX 3090, 7703, 24576, 0, 215.05
2026/08/01 18:06:09.741, NVIDIA GeForce RTX 3090, 7703, 24576, 3, 215.94
2026/08/01 18:06:10.836, NVIDIA GeForce RTX 3090, 7703, 24576, 15, 219.01
2026/08/01 18:06:11.889, NVIDIA GeForce RTX 3090, 7703, 24576, 30, 220.60
2026/08/01 18:06:12.939, NVIDIA GeForce RTX 3090, 7703, 24576, 39, 217.79
2026/08/01 18:06:13.994, NVIDIA GeForce RTX 3090, 7703, 24576, 71, 222.00
2026/08/01 18:06:15.045, NVIDIA GeForce RTX 3090, 7703, 24576, 0, 217.00
2026/08/01 18:06:16.120, NVIDIA GeForce RTX 3090, 7703, 24576, 1, 216.02
2026/08/01 18:06:17.170, NVIDIA GeForce RTX 3090, 7703, 24576, 1, 217.24
2026/08/01 18:06:18.222, NVIDIA GeForce RTX 3090, 7703, 24576, 56, 224.95
2026/08/01 18:06:19.274, NVIDIA GeForce RTX 3090, 7703, 24576, 0, 216.40
2026/08/01 18:06:20.326, NVIDIA GeForce RTX 3090, 7703, 24576, 0, 216.78
2026/08/01 18:06:21.377, NVIDIA GeForce RTX 3090, 7703, 24576, 55, 216.93
2026/08/01 18:06:22.448, NVIDIA GeForce RTX 3090, 7703, 24576, 13, 216.40
2026/08/01 18:06:23.497, NVIDIA GeForce RTX 3090, 7703, 24576, 60, 216.88
2026/08/01 18:06:24.550, NVIDIA GeForce RTX 3090, 7703, 24576, 4, 209.79
2026/08/01 18:06:25.581, NVIDIA GeForce RTX 3090, 7703, 24576, 62, 217.06
2026/08/01 18:06:26.633, NVIDIA GeForce RTX 3090, 7703, 24576, 47, 217.55
2026/08/01 18:06:27.685, NVIDIA GeForce RTX 3090, 7703, 24576, 79, 217.83
2026/08/01 18:06:28.737, NVIDIA GeForce RTX 3090, 7703, 24576, 77, 216.63
2026/08/01 18:06:29.812, NVIDIA GeForce RTX 3090, 7703, 24576, 61, 215.05
2026/08/01 18:06:30.861, NVIDIA GeForce RTX 3090, 7703, 24576, 26, 216.88
2026/08/01 18:06:31.913, NVIDIA GeForce RTX 3090, 7703, 24576, 40, 217.07
2026/08/01 18:06:32.958, NVIDIA GeForce RTX 3090, 7703, 24576, 77, 218.78
2026/08/01 18:06:34.056, NVIDIA GeForce RTX 3090, 7703, 24576, 45, 223.57
2026/08/01 18:06:35.105, NVIDIA GeForce RTX 3090, 7703, 24576, 0, 217.17
2026/08/01 18:06:36.153, NVIDIA GeForce RTX 3090, 7703, 24576, 78, 217.40
2026/08/01 18:06:37.205, NVIDIA GeForce RTX 3090, 7703, 24576, 0, 216.52
2026/08/01 18:06:38.253, NVIDIA GeForce RTX 3090, 7703, 24576, 71, 218.13
2026/08/01 18:06:39.301, NVIDIA GeForce RTX 3090, 7703, 24576, 98, 214.48
2026/08/01 18:06:40.372, NVIDIA GeForce RTX 3090, 7703, 24576, 0, 217.15
2026/08/01 18:06:41.421, NVIDIA GeForce RTX 3090, 7703, 24576, 0, 216.05
2026/08/01 18:06:42.473, NVIDIA GeForce RTX 3090, 7703, 24576, 98, 213.64
2026/08/01 18:06:43.522, NVIDIA GeForce RTX 3090, 7703, 24576, 65, 212.81
2026/08/01 18:06:44.574, NVIDIA GeForce RTX 3090, 7703, 24576, 10, 224.89
2026/08/01 18:06:45.668, NVIDIA GeForce RTX 3090, 7703, 24576, 99, 230.75
2026/08/01 18:06:46.736, NVIDIA GeForce RTX 3090, 7703, 24576, 13, 221.54
2026/08/01 18:06:47.790, NVIDIA GeForce RTX 3090, 7703, 24576, 44, 223.71
2026/08/01 18:06:48.842, NVIDIA GeForce RTX 3090, 7703, 24576, 7, 218.23
2026/08/01 18:06:49.889, NVIDIA GeForce RTX 3090, 7703, 24576, 51, 234.92
2026/08/01 18:06:50.939, NVIDIA GeForce RTX 3090, 7703, 24576, 70, 227.74
2026/08/01 18:06:51.989, NVIDIA GeForce RTX 3090, 7703, 24576, 0, 217.21
2026/08/01 18:06:53.034, NVIDIA GeForce RTX 3090, 7703, 24576, 27, 217.67
2026/08/01 18:06:54.086, NVIDIA GeForce RTX 3090, 7703, 24576, 20, 219.65
2026/08/01 18:06:55.137, NVIDIA GeForce RTX 3090, 7703, 24576, 18, 217.11
2026/08/01 18:06:56.232, NVIDIA GeForce RTX 3090, 7703, 24576, 13, 219.26
2026/08/01 18:06:57.328, NVIDIA GeForce RTX 3090, 7703, 24576, 75, 226.86
2026/08/01 18:06:58.374, NVIDIA GeForce RTX 3090, 7647, 24576, 1, 206.74
2026/08/01 18:06:59.440, NVIDIA GeForce RTX 3090, 6811, 24576, 0, 145.74
2026/08/01 18:07:00.486, NVIDIA GeForce RTX 3090, 0, 24576, 0, 146.50
2026/08/01 18:07:01.534, NVIDIA GeForce RTX 3090, 0, 24576, 0, 146.48
2026/08/01 18:07:02.586, NVIDIA GeForce RTX 3090, 0, 24576, 0, 106.10
2026/08/01 18:07:03.642, NVIDIA GeForce RTX 3090, 0, 24576, 0, 53.69
2026/08/01 18:07:04.729, NVIDIA GeForce RTX 3090, 0, 24576, 0, 31.51
2026/08/01 18:07:05.787, NVIDIA GeForce RTX 3090, 0, 24576, 0, 28.34
2026/08/01 18:07:06.842, NVIDIA GeForce RTX 3090, 0, 24576, 0, 25.96
2026/08/01 18:07:07.917, NVIDIA GeForce RTX 3090, 0, 24576, 0, 25.55
2026/08/01 18:07:08.972, NVIDIA GeForce RTX 3090, 0, 24576, 0, 25.57
2026/08/01 18:07:10.040, NVIDIA GeForce RTX 3090, 1, 24576, 0, 25.55
2026/08/01 18:07:11.240, NVIDIA GeForce RTX 3090, 681, 24576, 10, 116.84
2026/08/01 18:07:12.312, NVIDIA GeForce RTX 3090, 1063, 24576, 4, 119.66
2026/08/01 18:07:13.358, NVIDIA GeForce RTX 3090, 1441, 24576, 9, 119.72
2026/08/01 18:07:14.428, NVIDIA GeForce RTX 3090, 2681, 24576, 100, 209.21
2026/08/01 18:07:15.482, NVIDIA GeForce RTX 3090, 2681, 24576, 51, 230.05
2026/08/01 18:07:16.572, NVIDIA GeForce RTX 3090, 2681, 24576, 45, 224.13
2026/08/01 18:07:17.622, NVIDIA GeForce RTX 3090, 2681, 24576, 56, 227.07
2026/08/01 18:07:18.712, NVIDIA GeForce RTX 3090, 2681, 24576, 33, 216.23
2026/08/01 18:07:19.764, NVIDIA GeForce RTX 3090, 2681, 24576, 12, 216.88
2026/08/01 18:07:20.810, NVIDIA GeForce RTX 3090, 2681, 24576, 3, 215.28
2026/08/01 18:07:21.860, NVIDIA GeForce RTX 3090, 2681, 24576, 40, 217.10
2026/08/01 18:07:22.944, NVIDIA GeForce RTX 3090, 2681, 24576, 39, 216.93
2026/08/01 18:07:23.990, NVIDIA GeForce RTX 3090, 2681, 24576, 5, 210.40
2026/08/01 18:07:25.060, NVIDIA GeForce RTX 3090, 2681, 24576, 15, 216.22
2026/08/01 18:07:26.106, NVIDIA GeForce RTX 3090, 2681, 24576, 22, 218.22
2026/08/01 18:07:27.153, NVIDIA GeForce RTX 3090, 2681, 24576, 36, 240.36
2026/08/01 18:07:28.240, NVIDIA GeForce RTX 3090, 2681, 24576, 55, 230.05
2026/08/01 18:07:29.296, NVIDIA GeForce RTX 3090, 2681, 24576, 22, 228.05
2026/08/01 18:07:30.346, NVIDIA GeForce RTX 3090, 2681, 24576, 28, 224.17
2026/08/01 18:07:31.413, NVIDIA GeForce RTX 3090, 2681, 24576, 9, 217.57
2026/08/01 18:07:32.484, NVIDIA GeForce RTX 3090, 2681, 24576, 27, 221.93
2026/08/01 18:07:33.535, NVIDIA GeForce RTX 3090, 2681, 24576, 36, 213.74
2026/08/01 18:07:34.582, NVIDIA GeForce RTX 3090, 2681, 24576, 47, 248.50
2026/08/01 18:07:35.630, NVIDIA GeForce RTX 3090, 2681, 24576, 10, 218.47
2026/08/01 18:07:36.678, NVIDIA GeForce RTX 3090, 2681, 24576, 50, 242.13
2026/08/01 18:07:37.727, NVIDIA GeForce RTX 3090, 2681, 24576, 51, 240.70
2026/08/01 18:07:38.804, NVIDIA GeForce RTX 3090, 2681, 24576, 26, 232.21
2026/08/01 18:07:39.873, NVIDIA GeForce RTX 3090, 2681, 24576, 54, 232.87
2026/08/01 18:07:40.923, NVIDIA GeForce RTX 3090, 2681, 24576, 48, 243.21
2026/08/01 18:07:41.977, NVIDIA GeForce RTX 3090, 2681, 24576, 51, 238.51
2026/08/01 18:07:43.023, NVIDIA GeForce RTX 3090, 2681, 24576, 46, 231.42
2026/08/01 18:07:44.116, NVIDIA GeForce RTX 3090, 2681, 24576, 33, 229.62
2026/08/01 18:07:45.165, NVIDIA GeForce RTX 3090, 2681, 24576, 40, 229.16
2026/08/01 18:07:46.214, NVIDIA GeForce RTX 3090, 2681, 24576, 22, 229.10
2026/08/01 18:07:47.266, NVIDIA GeForce RTX 3090, 2681, 24576, 40, 229.19
2026/08/01 18:07:48.314, NVIDIA GeForce RTX 3090, 2681, 24576, 52, 236.00
2026/08/01 18:07:49.362, NVIDIA GeForce RTX 3090, 2681, 24576, 48, 231.83
2026/08/01 18:07:50.428, NVIDIA GeForce RTX 3090, 2681, 24576, 28, 233.07
2026/08/01 18:07:51.474, NVIDIA GeForce RTX 3090, 2681, 24576, 30, 234.10
2026/08/01 18:07:52.526, NVIDIA GeForce RTX 3090, 2681, 24576, 34, 235.53
2026/08/01 18:07:53.592, NVIDIA GeForce RTX 3090, 2681, 24576, 44, 229.96
2026/08/01 18:07:54.680, NVIDIA GeForce RTX 3090, 2681, 24576, 0, 186.37
2026/08/01 18:07:55.776, NVIDIA GeForce RTX 3090, 0, 24576, 0, 139.30
2026/08/01 18:07:56.809, NVIDIA GeForce RTX 3090, 539, 24576, 11, 121.85
2026/08/01 18:07:57.854, NVIDIA GeForce RTX 3090, 937, 24576, 4, 120.59
2026/08/01 18:07:58.924, NVIDIA GeForce RTX 3090, 7941, 24576, 93, 165.83
2026/08/01 18:07:59.973, NVIDIA GeForce RTX 3090, 7941, 24576, 50, 286.44
2026/08/01 18:08:01.021, NVIDIA GeForce RTX 3090, 7941, 24576, 52, 222.42
2026/08/01 18:08:02.073, NVIDIA GeForce RTX 3090, 7941, 24576, 76, 226.49
2026/08/01 18:08:03.126, NVIDIA GeForce RTX 3090, 7941, 24576, 38, 222.17
2026/08/01 18:08:04.179, NVIDIA GeForce RTX 3090, 7941, 24576, 2, 216.51
2026/08/01 18:08:05.252, NVIDIA GeForce RTX 3090, 7941, 24576, 3, 216.75
2026/08/01 18:08:06.301, NVIDIA GeForce RTX 3090, 7941, 24576, 79, 218.72
2026/08/01 18:08:07.329, NVIDIA GeForce RTX 3090, 7941, 24576, 60, 213.73
2026/08/01 18:08:08.378, NVIDIA GeForce RTX 3090, 7941, 24576, 45, 217.40
2026/08/01 18:08:09.429, NVIDIA GeForce RTX 3090, 7941, 24576, 62, 218.49
2026/08/01 18:08:10.478, NVIDIA GeForce RTX 3090, 7941, 24576, 3, 217.36
2026/08/01 18:08:11.525, NVIDIA GeForce RTX 3090, 7941, 24576, 44, 218.50
2026/08/01 18:08:12.578, NVIDIA GeForce RTX 3090, 7941, 24576, 6, 203.00
2026/08/01 18:08:13.644, NVIDIA GeForce RTX 3090, 7941, 24576, 44, 215.78
2026/08/01 18:08:14.712, NVIDIA GeForce RTX 3090, 7941, 24576, 55, 240.96
2026/08/01 18:08:15.780, NVIDIA GeForce RTX 3090, 7941, 24576, 5, 223.94
2026/08/01 18:08:16.809, NVIDIA GeForce RTX 3090, 7941, 24576, 36, 225.68
2026/08/01 18:08:17.896, NVIDIA GeForce RTX 3090, 7941, 24576, 12, 227.18
2026/08/01 18:08:18.968, NVIDIA GeForce RTX 3090, 7941, 24576, 22, 221.12
2026/08/01 18:08:20.017, NVIDIA GeForce RTX 3090, 7941, 24576, 74, 218.34
2026/08/01 18:08:21.079, NVIDIA GeForce RTX 3090, 7941, 24576, 50, 218.47
2026/08/01 18:08:22.144, NVIDIA GeForce RTX 3090, 7941, 24576, 0, 215.63
2026/08/01 18:08:23.190, NVIDIA GeForce RTX 3090, 7941, 24576, 49, 244.25
2026/08/01 18:08:24.242, NVIDIA GeForce RTX 3090, 7941, 24576, 40, 241.46
2026/08/01 18:08:25.293, NVIDIA GeForce RTX 3090, 7941, 24576, 11, 215.61
2026/08/01 18:08:26.364, NVIDIA GeForce RTX 3090, 7941, 24576, 32, 250.18
2026/08/01 18:08:27.410, NVIDIA GeForce RTX 3090, 7941, 24576, 33, 236.33
2026/08/01 18:08:28.480, NVIDIA GeForce RTX 3090, 7941, 24576, 31, 232.41
2026/08/01 18:08:29.529, NVIDIA GeForce RTX 3090, 7941, 24576, 52, 234.06
2026/08/01 18:08:30.581, NVIDIA GeForce RTX 3090, 7941, 24576, 79, 238.53
2026/08/01 18:08:31.644, NVIDIA GeForce RTX 3090, 7943, 24576, 38, 242.21
2026/08/01 18:08:32.690, NVIDIA GeForce RTX 3090, 7943, 24576, 54, 239.56
2026/08/01 18:08:33.742, NVIDIA GeForce RTX 3090, 7943, 24576, 56, 232.20
2026/08/01 18:08:34.789, NVIDIA GeForce RTX 3090, 7943, 24576, 74, 231.59
2026/08/01 18:08:35.842, NVIDIA GeForce RTX 3090, 7943, 24576, 57, 232.32
2026/08/01 18:08:36.889, NVIDIA GeForce RTX 3090, 7943, 24576, 74, 230.02
2026/08/01 18:08:37.972, NVIDIA GeForce RTX 3090, 7943, 24576, 63, 228.41
2026/08/01 18:08:39.022, NVIDIA GeForce RTX 3090, 7943, 24576, 33, 223.82
2026/08/01 18:08:40.088, NVIDIA GeForce RTX 3090, 7943, 24576, 16, 237.72
2026/08/01 18:08:41.137, NVIDIA GeForce RTX 3090, 8015, 24576, 70, 231.72
2026/08/01 18:08:42.185, NVIDIA GeForce RTX 3090, 8015, 24576, 74, 232.07
2026/08/01 18:08:43.234, NVIDIA GeForce RTX 3090, 8015, 24576, 59, 242.78
2026/08/01 18:08:44.282, NVIDIA GeForce RTX 3090, 8015, 24576, 46, 236.19
2026/08/01 18:08:45.330, NVIDIA GeForce RTX 3090, 8015, 24576, 22, 234.60
2026/08/01 18:08:46.377, NVIDIA GeForce RTX 3090, 8015, 24576, 62, 236.25
2026/08/01 18:08:47.465, NVIDIA GeForce RTX 3090, 8015, 24576, 67, 230.33
2026/08/01 18:08:48.536, NVIDIA GeForce RTX 3090, 7977, 24576, 0, 210.87
2026/08/01 18:08:49.624, NVIDIA GeForce RTX 3090, 7123, 24576, 0, 142.29
2026/08/01 18:08:50.696, NVIDIA GeForce RTX 3090, 0, 24576, 0, 142.36
2026/08/01 18:08:51.740, NVIDIA GeForce RTX 3090, 0, 24576, 0, 144.04
2026/08/01 18:08:52.793, NVIDIA GeForce RTX 3090, 0, 24576, 0, 105.45
2026/08/01 18:08:53.845, NVIDIA GeForce RTX 3090, 0, 24576, 0, 60.93
2026/08/01 18:08:54.892, NVIDIA GeForce RTX 3090, 0, 24576, 0, 37.27
2026/08/01 18:08:55.947, NVIDIA GeForce RTX 3090, 415, 24576, 13, 58.78
2026/08/01 18:08:56.996, NVIDIA GeForce RTX 3090, 863, 24576, 8, 120.39
2026/08/01 18:08:58.046, NVIDIA GeForce RTX 3090, 1299, 24576, 9, 120.49
2026/08/01 18:08:59.116, NVIDIA GeForce RTX 3090, 1605, 24576, 8, 120.00
2026/08/01 18:09:00.180, NVIDIA GeForce RTX 3090, 4003, 24576, 100, 280.75
2026/08/01 18:09:01.230, NVIDIA GeForce RTX 3090, 4003, 24576, 72, 264.34
2026/08/01 18:09:02.328, NVIDIA GeForce RTX 3090, 6223, 24576, 27, 240.76
2026/08/01 18:09:03.424, NVIDIA GeForce RTX 3090, 6227, 24576, 42, 249.08
2026/08/01 18:09:04.474, NVIDIA GeForce RTX 3090, 6227, 24576, 36, 240.66
2026/08/01 18:09:05.544, NVIDIA GeForce RTX 3090, 6227, 24576, 60, 249.41
2026/08/01 18:09:06.632, NVIDIA GeForce RTX 3090, 6227, 24576, 45, 243.15
2026/08/01 18:09:07.678, NVIDIA GeForce RTX 3090, 6227, 24576, 48, 241.57
2026/08/01 18:09:08.768, NVIDIA GeForce RTX 3090, 6227, 24576, 0, 190.53
2026/08/01 18:09:09.818, NVIDIA GeForce RTX 3090, 18, 24576, 0, 147.23
2026/08/01 18:09:10.878, NVIDIA GeForce RTX 3090, 605, 24576, 9, 145.50
2026/08/01 18:09:11.929, NVIDIA GeForce RTX 3090, 1093, 24576, 4, 121.02
2026/08/01 18:09:12.978, NVIDIA GeForce RTX 3090, 10517, 24576, 92, 197.83
2026/08/01 18:09:14.030, NVIDIA GeForce RTX 3090, 10517, 24576, 97, 309.07
2026/08/01 18:09:15.082, NVIDIA GeForce RTX 3090, 10517, 24576, 100, 261.49
2026/08/01 18:09:16.129, NVIDIA GeForce RTX 3090, 10523, 24576, 0, 250.65
2026/08/01 18:09:17.196, NVIDIA GeForce RTX 3090, 11263, 24576, 16, 256.66
2026/08/01 18:09:18.250, NVIDIA GeForce RTX 3090, 14585, 24576, 98, 287.15
2026/08/01 18:09:19.302, NVIDIA GeForce RTX 3090, 14587, 24576, 47, 254.26
2026/08/01 18:09:20.350, NVIDIA GeForce RTX 3090, 14587, 24576, 43, 243.07
2026/08/01 18:09:21.421, NVIDIA GeForce RTX 3090, 14587, 24576, 22, 240.73
2026/08/01 18:09:22.470, NVIDIA GeForce RTX 3090, 14587, 24576, 59, 241.13
2026/08/01 18:09:23.522, NVIDIA GeForce RTX 3090, 14587, 24576, 60, 234.75
2026/08/01 18:09:24.569, NVIDIA GeForce RTX 3090, 14587, 24576, 52, 244.13
2026/08/01 18:09:25.640, NVIDIA GeForce RTX 3090, 14415, 24576, 1, 215.05
2026/08/01 18:09:26.716, NVIDIA GeForce RTX 3090, 0, 24576, 100, 149.48
