framework,source_log,line_number,epoch_zero_based,epoch_one_based,configured_epochs,logged_sample_in_epoch,learning_rate,loss,eta
Jittor,G:\科研\图像融合\培育期Jittor_SIBA\logs\jittor_msrs_roadscene_60e_20260727_siba_official_protocol\train.log,11,0,1,60,0,0.0001,0.295,0:26:32.228279
Jittor,G:\科研\图像融合\培育期Jittor_SIBA\logs\jittor_msrs_roadscene_60e_20260727_siba_official_protocol\train.log,14,0,1,60,1,0.0001,0.1345,1:08:23.208668
Jittor,G:\科研\图像融合\培育期Jittor_SIBA\logs\jittor_msrs_roadscene_60e_20260727_siba_official_protocol\train.log,15,0,1,60,2,0.0001,0.1297,1:08:02.766762
Jittor,G:\科研\图像融合\培育期Jittor_SIBA\logs\jittor_msrs_roadscene_60e_20260727_siba_official_protocol\train.log,16,0,1,60,3,0.0001,0.1662,1:04:55.492079
Jittor,G:\科研\图像融合\培育期Jittor_SIBA\logs\jittor_msrs_roadscene_60e_20260727_siba_official_protocol\train.log,17,0,1,60,4,0.0001,0.2081,1:01:06.311994
Jittor,G:\科研\图像融合\培育期Jittor_SIBA\logs\jittor_msrs_roadscene_60e_20260727_siba_official_protocol\train.log,18,0,1,60,5,0.0001,0.1648,1:04:56.346037
Jittor,G:\科研\图像融合\培育期Jittor_SIBA\logs\jittor_msrs_roadscene_60e_20260727_siba_official_protocol\train.log,19,0,1,60,6,0.0001,0.1327,1:01:40.557404
Jittor,G:\科研\图像融合\培育期Jittor_SIBA\logs\jittor_msrs_roadscene_60e_20260727_siba_official_protocol\train.log,20,1,2,60,0,0.0001,0.2151,"1 day, 10:02:32.014980"
Jittor,G:\科研\图像融合\培育期Jittor_SIBA\logs\jittor_msrs_roadscene_60e_20260727_siba_official_protocol\train.log,21,1,2,60,1,0.0001,0.1031,1:07:40.246192
Jittor,G:\科研\图像融合\培育期Jittor_SIBA\logs\jittor_msrs_roadscene_60e_20260727_siba_official_protocol\train.log,22,1,2,60,2,0.0001,0.1506,1:07:52.324691
Jittor,G:\科研\图像融合\培育期Jittor_SIBA\logs\jittor_msrs_roadscene_60e_20260727_siba_official_protocol\train.log,23,1,2,60,3,0.0001,0.1327,1:04:59.339813
Jittor,G:\科研\图像融合\培育期Jittor_SIBA\logs\jittor_msrs_roadscene_60e_20260727_siba_official_protocol\train.log,24,1,2,60,4,0.0001,0.1772,1:04:03.517450
Jittor,G:\科研\图像融合\培育期Jittor_SIBA\logs\jittor_msrs_roadscene_60e_20260727_siba_official_protocol\train.log,25,1,2,60,5,0.0001,0.1332,1:04:13.763212
Jittor,G:\科研\图像融合\培育期Jittor_SIBA\logs\jittor_msrs_roadscene_60e_20260727_siba_official_protocol\train.log,26,1,2,60,6,0.0001,0.113,1:03:09.753074
Jittor,G:\科研\图像融合\培育期Jittor_SIBA\logs\jittor_msrs_roadscene_60e_20260727_siba_official_protocol\train.log,27,2,3,60,0,0.0001,0.2023,0:55:19.108212
Jittor,G:\科研\图像融合\培育期Jittor_SIBA\logs\jittor_msrs_roadscene_60e_20260727_siba_official_protocol\train.log,28,2,3,60,1,0.0001,0.1092,1:07:00.849352
Jittor,G:\科研\图像融合\培育期Jittor_SIBA\logs\jittor_msrs_roadscene_60e_20260727_siba_official_protocol\train.log,29,2,3,60,2,0.0001,0.1409,1:03:40.970180
Jittor,G:\科研\图像融合\培育期Jittor_SIBA\logs\jittor_msrs_roadscene_60e_20260727_siba_official_protocol\train.log,30,2,3,60,3,0.0001,0.1104,1:05:58.580300
Jittor,G:\科研\图像融合\培育期Jittor_SIBA\logs\jittor_msrs_roadscene_60e_20260727_siba_official_protocol\train.log,31,2,3,60,4,0.0001,0.1132,1:06:50.815045
Jittor,G:\科研\图像融合\培育期Jittor_SIBA\logs\jittor_msrs_roadscene_60e_20260727_siba_official_protocol\train.log,32,2,3,60,5,0.0001,0.1637,1:06:17.899002
Jittor,G:\科研\图像融合\培育期Jittor_SIBA\logs\jittor_msrs_roadscene_60e_20260727_siba_official_protocol\train.log,33,2,3,60,6,0.0001,0.1556,1:06:16.753080
Jittor,G:\科研\图像融合\培育期Jittor_SIBA\logs\jittor_msrs_roadscene_60e_20260727_siba_official_protocol\train.log,34,3,4,60,0,0.0001,0.0586,0:53:59.594989
Jittor,G:\科研\图像融合\培育期Jittor_SIBA\logs\jittor_msrs_roadscene_60e_20260727_siba_official_protocol\train.log,35,3,4,60,1,0.0001,0.0758,1:05:27.606122
Jittor,G:\科研\图像融合\培育期Jittor_SIBA\logs\jittor_msrs_roadscene_60e_20260727_siba_official_protocol\train.log,36,3,4,60,2,0.0001,0.1721,1:02:53.161250
Jittor,G:\科研\图像融合\培育期Jittor_SIBA\logs\jittor_msrs_roadscene_60e_20260727_siba_official_protocol\train.log,37,3,4,60,3,0.0001,0.1571,1:05:30.063699
Jittor,G:\科研\图像融合\培育期Jittor_SIBA\logs\jittor_msrs_roadscene_60e_20260727_siba_official_protocol\train.log,38,3,4,60,4,0.0001,0.1938,0:55:31.798503
Jittor,G:\科研\图像融合\培育期Jittor_SIBA\logs\jittor_msrs_roadscene_60e_20260727_siba_official_protocol\train.log,39,3,4,60,5,0.0001,0.2018,1:06:06.541197
Jittor,G:\科研\图像融合\培育期Jittor_SIBA\logs\jittor_msrs_roadscene_60e_20260727_siba_official_protocol\train.log,40,3,4,60,6,0.0001,0.1424,1:05:48.922406
Jittor,G:\科研\图像融合\培育期Jittor_SIBA\logs\jittor_msrs_roadscene_60e_20260727_siba_official_protocol\train.log,41,4,5,60,0,0.0001,0.0689,0:52:55.911261
Jittor,G:\科研\图像融合\培育期Jittor_SIBA\logs\jittor_msrs_roadscene_60e_20260727_siba_official_protocol\train.log,42,4,5,60,1,0.0001,0.0876,0:58:10.619637
Jittor,G:\科研\图像融合\培育期Jittor_SIBA\logs\jittor_msrs_roadscene_60e_20260727_siba_official_protocol\train.log,43,4,5,60,2,0.0001,0.1587,1:00:17.023569
Jittor,G:\科研\图像融合\培育期Jittor_SIBA\logs\jittor_msrs_roadscene_60e_20260727_siba_official_protocol\train.log,44,4,5,60,3,0.0001,0.1496,1:03:57.416526
Jittor,G:\科研\图像融合\培育期Jittor_SIBA\logs\jittor_msrs_roadscene_60e_20260727_siba_official_protocol\train.log,45,4,5,60,4,0.0001,0.1361,1:00:13.941311
Jittor,G:\科研\图像融合\培育期Jittor_SIBA\logs\jittor_msrs_roadscene_60e_20260727_siba_official_protocol\train.log,46,4,5,60,5,0.0001,0.1179,1:04:19.922309
Jittor,G:\科研\图像融合\培育期Jittor_SIBA\logs\jittor_msrs_roadscene_60e_20260727_siba_official_protocol\train.log,47,4,5,60,6,0.0001,0.2046,1:00:52.792088
Jittor,G:\科研\图像融合\培育期Jittor_SIBA\logs\jittor_msrs_roadscene_60e_20260727_siba_official_protocol\train.log,48,5,6,60,0,0.0001,0.0867,0:48:41.114051
Jittor,G:\科研\图像融合\培育期Jittor_SIBA\logs\jittor_msrs_roadscene_60e_20260727_siba_official_protocol\train.log,49,5,6,60,1,0.0001,0.1189,1:02:21.760941
Jittor,G:\科研\图像融合\培育期Jittor_SIBA\logs\jittor_msrs_roadscene_60e_20260727_siba_official_protocol\train.log,50,5,6,60,2,0.0001,0.1541,1:03:25.898439
Jittor,G:\科研\图像融合\培育期Jittor_SIBA\logs\jittor_msrs_roadscene_60e_20260727_siba_official_protocol\train.log,51,5,6,60,3,0.0001,0.1139,1:02:22.831117
Jittor,G:\科研\图像融合\培育期Jittor_SIBA\logs\jittor_msrs_roadscene_60e_20260727_siba_official_protocol\train.log,52,5,6,60,4,0.0001,0.0576,1:02:43.264947
Jittor,G:\科研\图像融合\培育期Jittor_SIBA\logs\jittor_msrs_roadscene_60e_20260727_siba_official_protocol\train.log,53,5,6,60,5,0.0001,0.1285,0:59:12.051572
Jittor,G:\科研\图像融合\培育期Jittor_SIBA\logs\jittor_msrs_roadscene_60e_20260727_siba_official_protocol\train.log,54,5,6,60,6,0.0001,0.0854,1:01:38.767658
Jittor,G:\科研\图像融合\培育期Jittor_SIBA\logs\jittor_msrs_roadscene_60e_20260727_siba_official_protocol\train.log,55,6,7,60,0,0.0001,0.0875,0:47:22.334391
Jittor,G:\科研\图像融合\培育期Jittor_SIBA\logs\jittor_msrs_roadscene_60e_20260727_siba_official_protocol\train.log,56,6,7,60,1,0.0001,0.1502,1:01:44.668551
Jittor,G:\科研\图像融合\培育期Jittor_SIBA\logs\jittor_msrs_roadscene_60e_20260727_siba_official_protocol\train.log,57,6,7,60,2,0.0001,0.0828,0:58:35.283955
Jittor,G:\科研\图像融合\培育期Jittor_SIBA\logs\jittor_msrs_roadscene_60e_20260727_siba_official_protocol\train.log,58,6,7,60,3,0.0001,0.0982,1:02:44.948822
Jittor,G:\科研\图像融合\培育期Jittor_SIBA\logs\jittor_msrs_roadscene_60e_20260727_siba_official_protocol\train.log,59,6,7,60,4,0.0001,0.1498,0:57:08.455268
Jittor,G:\科研\图像融合\培育期Jittor_SIBA\logs\jittor_msrs_roadscene_60e_20260727_siba_official_protocol\train.log,60,6,7,60,5,0.0001,0.1235,0:58:22.426427
Jittor,G:\科研\图像融合\培育期Jittor_SIBA\logs\jittor_msrs_roadscene_60e_20260727_siba_official_protocol\train.log,61,6,7,60,6,0.0001,0.1058,1:01:29.437501
Jittor,G:\科研\图像融合\培育期Jittor_SIBA\logs\jittor_msrs_roadscene_60e_20260727_siba_official_protocol\train.log,62,7,8,60,0,0.0001,0.1747,0:43:56.373631
Jittor,G:\科研\图像融合\培育期Jittor_SIBA\logs\jittor_msrs_roadscene_60e_20260727_siba_official_protocol\train.log,63,7,8,60,1,0.0001,0.1575,1:01:25.545226
Jittor,G:\科研\图像融合\培育期Jittor_SIBA\logs\jittor_msrs_roadscene_60e_20260727_siba_official_protocol\train.log,64,7,8,60,2,0.0001,0.1373,0:53:37.588021
Jittor,G:\科研\图像融合\培育期Jittor_SIBA\logs\jittor_msrs_roadscene_60e_20260727_siba_official_protocol\train.log,65,7,8,60,3,0.0001,0.126,0:54:07.922552
Jittor,G:\科研\图像融合\培育期Jittor_SIBA\logs\jittor_msrs_roadscene_60e_20260727_siba_official_protocol\train.log,66,7,8,60,4,0.0001,0.0972,1:00:37.473829
Jittor,G:\科研\图像融合\培育期Jittor_SIBA\logs\jittor_msrs_roadscene_60e_20260727_siba_official_protocol\train.log,67,7,8,60,5,0.0001,0.0609,0:57:25.014427
Jittor,G:\科研\图像融合\培育期Jittor_SIBA\logs\jittor_msrs_roadscene_60e_20260727_siba_official_protocol\train.log,68,7,8,60,6,0.0001,0.1609,0:51:05.927851
Jittor,G:\科研\图像融合\培育期Jittor_SIBA\logs\jittor_msrs_roadscene_60e_20260727_siba_official_protocol\train.log,69,8,9,60,0,0.0001,0.0977,0:49:22.356577
Jittor,G:\科研\图像融合\培育期Jittor_SIBA\logs\jittor_msrs_roadscene_60e_20260727_siba_official_protocol\train.log,70,8,9,60,1,0.0001,0.0803,0:55:47.434148
Jittor,G:\科研\图像融合\培育期Jittor_SIBA\logs\jittor_msrs_roadscene_60e_20260727_siba_official_protocol\train.log,71,8,9,60,2,0.0001,0.1624,0:57:09.192032
Jittor,G:\科研\图像融合\培育期Jittor_SIBA\logs\jittor_msrs_roadscene_60e_20260727_siba_official_protocol\train.log,72,8,9,60,3,0.0001,0.1906,0:59:33.641250
Jittor,G:\科研\图像融合\培育期Jittor_SIBA\logs\jittor_msrs_roadscene_60e_20260727_siba_official_protocol\train.log,73,8,9,60,4,0.0001,0.1222,0:56:27.287560
Jittor,G:\科研\图像融合\培育期Jittor_SIBA\logs\jittor_msrs_roadscene_60e_20260727_siba_official_protocol\train.log,74,8,9,60,5,0.0001,0.0888,0:49:57.209529
Jittor,G:\科研\图像融合\培育期Jittor_SIBA\logs\jittor_msrs_roadscene_60e_20260727_siba_official_protocol\train.log,75,8,9,60,6,0.0001,0.183,0:59:14.316690
Jittor,G:\科研\图像融合\培育期Jittor_SIBA\logs\jittor_msrs_roadscene_60e_20260727_siba_official_protocol\train.log,76,9,10,60,0,0.0001,0.1762,0:49:14.700585
Jittor,G:\科研\图像融合\培育期Jittor_SIBA\logs\jittor_msrs_roadscene_60e_20260727_siba_official_protocol\train.log,77,9,10,60,1,0.0001,0.1977,0:53:19.380675
Jittor,G:\科研\图像融合\培育期Jittor_SIBA\logs\jittor_msrs_roadscene_60e_20260727_siba_official_protocol\train.log,78,9,10,60,2,0.0001,0.0932,0:58:51.734279
Jittor,G:\科研\图像融合\培育期Jittor_SIBA\logs\jittor_msrs_roadscene_60e_20260727_siba_official_protocol\train.log,79,9,10,60,3,0.0001,0.1161,0:59:05.744865
Jittor,G:\科研\图像融合\培育期Jittor_SIBA\logs\jittor_msrs_roadscene_60e_20260727_siba_official_protocol\train.log,80,9,10,60,4,0.0001,0.1262,0:55:54.838329
Jittor,G:\科研\图像融合\培育期Jittor_SIBA\logs\jittor_msrs_roadscene_60e_20260727_siba_official_protocol\train.log,81,9,10,60,5,0.0001,0.1372,0:58:48.421271
Jittor,G:\科研\图像融合\培育期Jittor_SIBA\logs\jittor_msrs_roadscene_60e_20260727_siba_official_protocol\train.log,82,9,10,60,6,0.0001,0.1399,0:57:44.781377
Jittor,G:\科研\图像融合\培育期Jittor_SIBA\logs\jittor_msrs_roadscene_60e_20260727_siba_official_protocol\train.log,83,10,11,60,0,0.0001,0.1567,0:47:47.878139
Jittor,G:\科研\图像融合\培育期Jittor_SIBA\logs\jittor_msrs_roadscene_60e_20260727_siba_official_protocol\train.log,84,10,11,60,1,0.0001,0.1551,0:57:35.650330
Jittor,G:\科研\图像融合\培育期Jittor_SIBA\logs\jittor_msrs_roadscene_60e_20260727_siba_official_protocol\train.log,85,10,11,60,2,0.0001,0.1534,0:57:55.030255
Jittor,G:\科研\图像融合\培育期Jittor_SIBA\logs\jittor_msrs_roadscene_60e_20260727_siba_official_protocol\train.log,86,10,11,60,3,0.0001,0.1448,0:57:44.925241
Jittor,G:\科研\图像融合\培育期Jittor_SIBA\logs\jittor_msrs_roadscene_60e_20260727_siba_official_protocol\train.log,87,10,11,60,4,0.0001,0.1559,0:57:29.082625
Jittor,G:\科研\图像融合\培育期Jittor_SIBA\logs\jittor_msrs_roadscene_60e_20260727_siba_official_protocol\train.log,88,10,11,60,5,0.0001,0.1967,0:57:39.199572
Jittor,G:\科研\图像融合\培育期Jittor_SIBA\logs\jittor_msrs_roadscene_60e_20260727_siba_official_protocol\train.log,89,10,11,60,6,0.0001,0.122,0:56:50.596669
Jittor,G:\科研\图像融合\培育期Jittor_SIBA\logs\jittor_msrs_roadscene_60e_20260727_siba_official_protocol\train.log,90,11,12,60,0,0.0001,0.1181,0:47:25.677631
Jittor,G:\科研\图像融合\培育期Jittor_SIBA\logs\jittor_msrs_roadscene_60e_20260727_siba_official_protocol\train.log,91,11,12,60,1,0.0001,0.1246,0:54:21.040486
Jittor,G:\科研\图像融合\培育期Jittor_SIBA\logs\jittor_msrs_roadscene_60e_20260727_siba_official_protocol\train.log,92,11,12,60,2,0.0001,0.0813,0:54:01.373928
Jittor,G:\科研\图像融合\培育期Jittor_SIBA\logs\jittor_msrs_roadscene_60e_20260727_siba_official_protocol\train.log,93,11,12,60,3,0.0001,0.0943,0:56:19.766539
Jittor,G:\科研\图像融合\培育期Jittor_SIBA\logs\jittor_msrs_roadscene_60e_20260727_siba_official_protocol\train.log,94,11,12,60,4,0.0001,0.1517,0:53:26.935557
Jittor,G:\科研\图像融合\培育期Jittor_SIBA\logs\jittor_msrs_roadscene_60e_20260727_siba_official_protocol\train.log,95,11,12,60,5,0.0001,0.1297,0:43:45.242244
Jittor,G:\科研\图像融合\培育期Jittor_SIBA\logs\jittor_msrs_roadscene_60e_20260727_siba_official_protocol\train.log,96,11,12,60,6,0.0001,0.1388,0:52:44.326962
Jittor,G:\科研\图像融合\培育期Jittor_SIBA\logs\jittor_msrs_roadscene_60e_20260727_siba_official_protocol\train.log,97,12,13,60,0,0.0001,0.0732,0:42:29.938362
Jittor,G:\科研\图像融合\培育期Jittor_SIBA\logs\jittor_msrs_roadscene_60e_20260727_siba_official_protocol\train.log,98,12,13,60,1,0.0001,0.0948,0:51:41.757938
Jittor,G:\科研\图像融合\培育期Jittor_SIBA\logs\jittor_msrs_roadscene_60e_20260727_siba_official_protocol\train.log,99,12,13,60,2,0.0001,0.1139,0:52:56.497301
Jittor,G:\科研\图像融合\培育期Jittor_SIBA\logs\jittor_msrs_roadscene_60e_20260727_siba_official_protocol\train.log,100,12,13,60,3,0.0001,0.1403,0:54:58.654006
Jittor,G:\科研\图像融合\培育期Jittor_SIBA\logs\jittor_msrs_roadscene_60e_20260727_siba_official_protocol\train.log,101,12,13,60,4,0.0001,0.1688,0:52:23.146833
Jittor,G:\科研\图像融合\培育期Jittor_SIBA\logs\jittor_msrs_roadscene_60e_20260727_siba_official_protocol\train.log,102,12,13,60,5,0.0001,0.2202,0:52:58.023473
Jittor,G:\科研\图像融合\培育期Jittor_SIBA\logs\jittor_msrs_roadscene_60e_20260727_siba_official_protocol\train.log,103,12,13,60,6,0.0001,0.0961,0:53:52.596708
Jittor,G:\科研\图像融合\培育期Jittor_SIBA\logs\jittor_msrs_roadscene_60e_20260727_siba_official_protocol\train.log,104,13,14,60,0,0.0001,0.0579,0:41:15.308057
Jittor,G:\科研\图像融合\培育期Jittor_SIBA\logs\jittor_msrs_roadscene_60e_20260727_siba_official_protocol\train.log,105,13,14,60,1,0.0001,0.1037,0:51:17.916052
Jittor,G:\科研\图像融合\培育期Jittor_SIBA\logs\jittor_msrs_roadscene_60e_20260727_siba_official_protocol\train.log,106,13,14,60,2,0.0001,0.0624,0:53:13.732621
Jittor,G:\科研\图像融合\培育期Jittor_SIBA\logs\jittor_msrs_roadscene_60e_20260727_siba_official_protocol\train.log,107,13,14,60,3,0.0001,0.1075,0:54:11.475139
Jittor,G:\科研\图像融合\培育期Jittor_SIBA\logs\jittor_msrs_roadscene_60e_20260727_siba_official_protocol\train.log,108,13,14,60,4,0.0001,0.0778,0:52:50.772160
Jittor,G:\科研\图像融合\培育期Jittor_SIBA\logs\jittor_msrs_roadscene_60e_20260727_siba_official_protocol\train.log,109,13,14,60,5,0.0001,0.1698,0:53:12.773047
Jittor,G:\科研\图像融合\培育期Jittor_SIBA\logs\jittor_msrs_roadscene_60e_20260727_siba_official_protocol\train.log,110,13,14,60,6,0.0001,0.0954,0:52:41.939379
Jittor,G:\科研\图像融合\培育期Jittor_SIBA\logs\jittor_msrs_roadscene_60e_20260727_siba_official_protocol\train.log,111,14,15,60,0,0.0001,0.1691,0:40:08.352264
Jittor,G:\科研\图像融合\培育期Jittor_SIBA\logs\jittor_msrs_roadscene_60e_20260727_siba_official_protocol\train.log,112,14,15,60,1,0.0001,0.146,0:47:38.767017
Jittor,G:\科研\图像融合\培育期Jittor_SIBA\logs\jittor_msrs_roadscene_60e_20260727_siba_official_protocol\train.log,113,14,15,60,2,0.0001,0.1184,0:51:25.626530
Jittor,G:\科研\图像融合\培育期Jittor_SIBA\logs\jittor_msrs_roadscene_60e_20260727_siba_official_protocol\train.log,114,14,15,60,3,0.0001,0.1501,0:52:47.256964
Jittor,G:\科研\图像融合\培育期Jittor_SIBA\logs\jittor_msrs_roadscene_60e_20260727_siba_official_protocol\train.log,115,14,15,60,4,0.0001,0.0818,0:47:58.479590
Jittor,G:\科研\图像融合\培育期Jittor_SIBA\logs\jittor_msrs_roadscene_60e_20260727_siba_official_protocol\train.log,116,14,15,60,5,0.0001,0.1235,0:50:15.326415
Jittor,G:\科研\图像融合\培育期Jittor_SIBA\logs\jittor_msrs_roadscene_60e_20260727_siba_official_protocol\train.log,117,14,15,60,6,0.0001,0.1136,0:50:32.183558
Jittor,G:\科研\图像融合\培育期Jittor_SIBA\logs\jittor_msrs_roadscene_60e_20260727_siba_official_protocol\train.log,118,15,16,60,0,0.0001,0.0677,0:43:13.285375
Jittor,G:\科研\图像融合\培育期Jittor_SIBA\logs\jittor_msrs_roadscene_60e_20260727_siba_official_protocol\train.log,119,15,16,60,1,0.0001,0.1589,0:52:20.892447
Jittor,G:\科研\图像融合\培育期Jittor_SIBA\logs\jittor_msrs_roadscene_60e_20260727_siba_official_protocol\train.log,120,15,16,60,2,0.0001,0.092,0:48:51.848708
Jittor,G:\科研\图像融合\培育期Jittor_SIBA\logs\jittor_msrs_roadscene_60e_20260727_siba_official_protocol\train.log,121,15,16,60,3,0.0001,0.1371,0:51:18.324755
Jittor,G:\科研\图像融合\培育期Jittor_SIBA\logs\jittor_msrs_roadscene_60e_20260727_siba_official_protocol\train.log,122,15,16,60,4,0.0001,0.1756,0:52:09.665256
Jittor,G:\科研\图像融合\培育期Jittor_SIBA\logs\jittor_msrs_roadscene_60e_20260727_siba_official_protocol\train.log,123,15,16,60,5,0.0001,0.0944,0:51:27.205648
Jittor,G:\科研\图像融合\培育期Jittor_SIBA\logs\jittor_msrs_roadscene_60e_20260727_siba_official_protocol\train.log,124,15,16,60,6,0.0001,0.1244,0:51:56.814036
Jittor,G:\科研\图像融合\培育期Jittor_SIBA\logs\jittor_msrs_roadscene_60e_20260727_siba_official_protocol\train.log,125,16,17,60,0,0.0001,0.1415,0:38:45.913439
Jittor,G:\科研\图像融合\培育期Jittor_SIBA\logs\jittor_msrs_roadscene_60e_20260727_siba_official_protocol\train.log,126,16,17,60,1,0.0001,0.0867,0:45:37.865696
Jittor,G:\科研\图像融合\培育期Jittor_SIBA\logs\jittor_msrs_roadscene_60e_20260727_siba_official_protocol\train.log,127,16,17,60,2,0.0001,0.1045,0:50:47.935932
Jittor,G:\科研\图像融合\培育期Jittor_SIBA\logs\jittor_msrs_roadscene_60e_20260727_siba_official_protocol\train.log,128,16,17,60,3,0.0001,0.1431,0:48:07.734025
Jittor,G:\科研\图像融合\培育期Jittor_SIBA\logs\jittor_msrs_roadscene_60e_20260727_siba_official_protocol\train.log,129,16,17,60,4,0.0001,0.1082,0:50:38.312632
Jittor,G:\科研\图像融合\培育期Jittor_SIBA\logs\jittor_msrs_roadscene_60e_20260727_siba_official_protocol\train.log,130,16,17,60,5,0.0001,0.1079,0:49:57.800612
Jittor,G:\科研\图像融合\培育期Jittor_SIBA\logs\jittor_msrs_roadscene_60e_20260727_siba_official_protocol\train.log,131,16,17,60,6,0.0001,0.115,0:47:47.797485
Jittor,G:\科研\图像融合\培育期Jittor_SIBA\logs\jittor_msrs_roadscene_60e_20260727_siba_official_protocol\train.log,132,17,18,60,0,0.0001,0.0714,0:40:51.809713
Jittor,G:\科研\图像融合\培育期Jittor_SIBA\logs\jittor_msrs_roadscene_60e_20260727_siba_official_protocol\train.log,133,17,18,60,1,0.0001,0.133,0:49:06.774916
Jittor,G:\科研\图像融合\培育期Jittor_SIBA\logs\jittor_msrs_roadscene_60e_20260727_siba_official_protocol\train.log,134,17,18,60,2,0.0001,0.1174,0:46:52.773050
Jittor,G:\科研\图像融合\培育期Jittor_SIBA\logs\jittor_msrs_roadscene_60e_20260727_siba_official_protocol\train.log,135,17,18,60,3,0.0001,0.1296,0:46:53.541334
Jittor,G:\科研\图像融合\培育期Jittor_SIBA\logs\jittor_msrs_roadscene_60e_20260727_siba_official_protocol\train.log,136,17,18,60,4,0.0001,0.1375,0:46:28.802068
Jittor,G:\科研\图像融合\培育期Jittor_SIBA\logs\jittor_msrs_roadscene_60e_20260727_siba_official_protocol\train.log,137,17,18,60,5,0.0001,0.0932,0:46:10.763979
Jittor,G:\科研\图像融合\培育期Jittor_SIBA\logs\jittor_msrs_roadscene_60e_20260727_siba_official_protocol\train.log,138,17,18,60,6,0.0001,0.0921,0:46:38.965155
Jittor,G:\科研\图像融合\培育期Jittor_SIBA\logs\jittor_msrs_roadscene_60e_20260727_siba_official_protocol\train.log,139,18,19,60,0,0.0001,0.2358,0:37:48.556565
Jittor,G:\科研\图像融合\培育期Jittor_SIBA\logs\jittor_msrs_roadscene_60e_20260727_siba_official_protocol\train.log,140,18,19,60,1,0.0001,0.0964,0:48:46.782068
Jittor,G:\科研\图像融合\培育期Jittor_SIBA\logs\jittor_msrs_roadscene_60e_20260727_siba_official_protocol\train.log,141,18,19,60,2,0.0001,0.0654,0:43:31.744802
Jittor,G:\科研\图像融合\培育期Jittor_SIBA\logs\jittor_msrs_roadscene_60e_20260727_siba_official_protocol\train.log,142,18,19,60,3,0.0001,0.1074,0:48:17.036419
Jittor,G:\科研\图像融合\培育期Jittor_SIBA\logs\jittor_msrs_roadscene_60e_20260727_siba_official_protocol\train.log,143,18,19,60,4,0.0001,0.111,0:44:54.283573
Jittor,G:\科研\图像融合\培育期Jittor_SIBA\logs\jittor_msrs_roadscene_60e_20260727_siba_official_protocol\train.log,144,18,19,60,5,0.0001,0.075,0:46:08.852432
Jittor,G:\科研\图像融合\培育期Jittor_SIBA\logs\jittor_msrs_roadscene_60e_20260727_siba_official_protocol\train.log,145,18,19,60,6,0.0001,0.0726,0:43:42.210734
Jittor,G:\科研\图像融合\培育期Jittor_SIBA\logs\jittor_msrs_roadscene_60e_20260727_siba_official_protocol\train.log,146,19,20,60,0,0.0001,0.1376,0:35:31.048877
Jittor,G:\科研\图像融合\培育期Jittor_SIBA\logs\jittor_msrs_roadscene_60e_20260727_siba_official_protocol\train.log,147,19,20,60,1,0.0001,0.1463,0:44:43.612174
Jittor,G:\科研\图像融合\培育期Jittor_SIBA\logs\jittor_msrs_roadscene_60e_20260727_siba_official_protocol\train.log,148,19,20,60,2,0.0001,0.1526,0:41:45.705448
Jittor,G:\科研\图像融合\培育期Jittor_SIBA\logs\jittor_msrs_roadscene_60e_20260727_siba_official_protocol\train.log,149,19,20,60,3,0.0001,0.084,0:46:16.539727
Jittor,G:\科研\图像融合\培育期Jittor_SIBA\logs\jittor_msrs_roadscene_60e_20260727_siba_official_protocol\train.log,150,19,20,60,4,0.0001,0.0952,0:41:38.643442
Jittor,G:\科研\图像融合\培育期Jittor_SIBA\logs\jittor_msrs_roadscene_60e_20260727_siba_official_protocol\train.log,151,19,20,60,5,0.0001,0.0796,0:46:56.047005
Jittor,G:\科研\图像融合\培育期Jittor_SIBA\logs\jittor_msrs_roadscene_60e_20260727_siba_official_protocol\train.log,152,19,20,60,6,0.0001,0.0357,0:47:28.888315
Jittor,G:\科研\图像融合\培育期Jittor_SIBA\logs\jittor_msrs_roadscene_60e_20260727_siba_official_protocol\train.log,153,20,21,60,0,0.0001,0.1359,0:32:55.079899
Jittor,G:\科研\图像融合\培育期Jittor_SIBA\logs\jittor_msrs_roadscene_60e_20260727_siba_official_protocol\train.log,154,20,21,60,1,0.0001,0.0528,0:43:55.500441
Jittor,G:\科研\图像融合\培育期Jittor_SIBA\logs\jittor_msrs_roadscene_60e_20260727_siba_official_protocol\train.log,155,20,21,60,2,0.0001,0.0575,0:44:36.545606
Jittor,G:\科研\图像融合\培育期Jittor_SIBA\logs\jittor_msrs_roadscene_60e_20260727_siba_official_protocol\train.log,156,20,21,60,3,0.0001,0.0533,0:45:00.029933
Jittor,G:\科研\图像融合\培育期Jittor_SIBA\logs\jittor_msrs_roadscene_60e_20260727_siba_official_protocol\train.log,157,20,21,60,4,0.0001,0.0269,0:45:08.976974
Jittor,G:\科研\图像融合\培育期Jittor_SIBA\logs\jittor_msrs_roadscene_60e_20260727_siba_official_protocol\train.log,158,20,21,60,5,0.0001,0.0578,0:45:47.725933
Jittor,G:\科研\图像融合\培育期Jittor_SIBA\logs\jittor_msrs_roadscene_60e_20260727_siba_official_protocol\train.log,159,20,21,60,6,0.0001,0.0357,0:45:10.129910
Jittor,G:\科研\图像融合\培育期Jittor_SIBA\logs\jittor_msrs_roadscene_60e_20260727_siba_official_protocol\train.log,160,21,22,60,0,0.0001,0.0607,0:34:48.121721
Jittor,G:\科研\图像融合\培育期Jittor_SIBA\logs\jittor_msrs_roadscene_60e_20260727_siba_official_protocol\train.log,161,21,22,60,1,0.0001,0.0463,0:42:57.120417
Jittor,G:\科研\图像融合\培育期Jittor_SIBA\logs\jittor_msrs_roadscene_60e_20260727_siba_official_protocol\train.log,162,21,22,60,2,0.0001,0.0573,0:42:15.163677
Jittor,G:\科研\图像融合\培育期Jittor_SIBA\logs\jittor_msrs_roadscene_60e_20260727_siba_official_protocol\train.log,163,21,22,60,3,0.0001,0.0389,0:45:00.487225
Jittor,G:\科研\图像融合\培育期Jittor_SIBA\logs\jittor_msrs_roadscene_60e_20260727_siba_official_protocol\train.log,164,21,22,60,4,0.0001,0.0358,0:44:42.492514
Jittor,G:\科研\图像融合\培育期Jittor_SIBA\logs\jittor_msrs_roadscene_60e_20260727_siba_official_protocol\train.log,165,21,22,60,5,0.0001,0.0371,0:44:50.671068
Jittor,G:\科研\图像融合\培育期Jittor_SIBA\logs\jittor_msrs_roadscene_60e_20260727_siba_official_protocol\train.log,166,21,22,60,6,0.0001,0.0592,0:41:55.405025
Jittor,G:\科研\图像融合\培育期Jittor_SIBA\logs\jittor_msrs_roadscene_60e_20260727_siba_official_protocol\train.log,167,22,23,60,0,0.0001,0.0486,0:36:35.489586
Jittor,G:\科研\图像融合\培育期Jittor_SIBA\logs\jittor_msrs_roadscene_60e_20260727_siba_official_protocol\train.log,168,22,23,60,1,0.0001,0.0395,0:41:46.711907
Jittor,G:\科研\图像融合\培育期Jittor_SIBA\logs\jittor_msrs_roadscene_60e_20260727_siba_official_protocol\train.log,169,22,23,60,2,0.0001,0.0263,0:43:34.008326
Jittor,G:\科研\图像融合\培育期Jittor_SIBA\logs\jittor_msrs_roadscene_60e_20260727_siba_official_protocol\train.log,170,22,23,60,3,0.0001,0.0414,0:43:35.395603
Jittor,G:\科研\图像融合\培育期Jittor_SIBA\logs\jittor_msrs_roadscene_60e_20260727_siba_official_protocol\train.log,171,22,23,60,4,0.0001,0.0294,0:43:28.400414
Jittor,G:\科研\图像融合\培育期Jittor_SIBA\logs\jittor_msrs_roadscene_60e_20260727_siba_official_protocol\train.log,172,22,23,60,5,0.0001,0.0435,0:38:04.403690
Jittor,G:\科研\图像融合\培育期Jittor_SIBA\logs\jittor_msrs_roadscene_60e_20260727_siba_official_protocol\train.log,173,22,23,60,6,0.0001,0.048,0:40:37.435294
Jittor,G:\科研\图像融合\培育期Jittor_SIBA\logs\jittor_msrs_roadscene_60e_20260727_siba_official_protocol\train.log,174,23,24,60,0,0.0001,0.0311,0:32:22.717194
Jittor,G:\科研\图像融合\培育期Jittor_SIBA\logs\jittor_msrs_roadscene_60e_20260727_siba_official_protocol\train.log,175,23,24,60,1,0.0001,0.0349,0:42:53.249112
Jittor,G:\科研\图像融合\培育期Jittor_SIBA\logs\jittor_msrs_roadscene_60e_20260727_siba_official_protocol\train.log,176,23,24,60,2,0.0001,0.0728,0:40:05.270885
Jittor,G:\科研\图像融合\培育期Jittor_SIBA\logs\jittor_msrs_roadscene_60e_20260727_siba_official_protocol\train.log,177,23,24,60,3,0.0001,0.0283,0:42:07.024476
Jittor,G:\科研\图像融合\培育期Jittor_SIBA\logs\jittor_msrs_roadscene_60e_20260727_siba_official_protocol\train.log,178,23,24,60,4,0.0001,0.0533,0:39:41.645809
Jittor,G:\科研\图像融合\培育期Jittor_SIBA\logs\jittor_msrs_roadscene_60e_20260727_siba_official_protocol\train.log,179,23,24,60,5,0.0001,0.0371,0:40:07.254911
Jittor,G:\科研\图像融合\培育期Jittor_SIBA\logs\jittor_msrs_roadscene_60e_20260727_siba_official_protocol\train.log,180,23,24,60,6,0.0001,0.0531,0:39:50.391662
Jittor,G:\科研\图像融合\培育期Jittor_SIBA\logs\jittor_msrs_roadscene_60e_20260727_siba_official_protocol\train.log,181,24,25,60,0,0.0001,0.0268,0:34:11.030311
Jittor,G:\科研\图像融合\培育期Jittor_SIBA\logs\jittor_msrs_roadscene_60e_20260727_siba_official_protocol\train.log,182,24,25,60,1,0.0001,0.0609,0:37:05.802483
Jittor,G:\科研\图像融合\培育期Jittor_SIBA\logs\jittor_msrs_roadscene_60e_20260727_siba_official_protocol\train.log,183,24,25,60,2,0.0001,0.0673,0:39:43.688614
Jittor,G:\科研\图像融合\培育期Jittor_SIBA\logs\jittor_msrs_roadscene_60e_20260727_siba_official_protocol\train.log,184,24,25,60,3,0.0001,0.0907,0:38:58.201936
Jittor,G:\科研\图像融合\培育期Jittor_SIBA\logs\jittor_msrs_roadscene_60e_20260727_siba_official_protocol\train.log,185,24,25,60,4,0.0001,0.0928,0:36:48.882442
Jittor,G:\科研\图像融合\培育期Jittor_SIBA\logs\jittor_msrs_roadscene_60e_20260727_siba_official_protocol\train.log,186,24,25,60,5,0.0001,0.048,0:41:03.370269
Jittor,G:\科研\图像融合\培育期Jittor_SIBA\logs\jittor_msrs_roadscene_60e_20260727_siba_official_protocol\train.log,187,24,25,60,6,0.0001,0.0278,0:40:37.480007
Jittor,G:\科研\图像融合\培育期Jittor_SIBA\logs\jittor_msrs_roadscene_60e_20260727_siba_official_protocol\train.log,188,25,26,60,0,5e-05,0.0496,0:33:27.380766
Jittor,G:\科研\图像融合\培育期Jittor_SIBA\logs\jittor_msrs_roadscene_60e_20260727_siba_official_protocol\train.log,189,25,26,60,1,5e-05,0.0422,0:38:23.486992
Jittor,G:\科研\图像融合\培育期Jittor_SIBA\logs\jittor_msrs_roadscene_60e_20260727_siba_official_protocol\train.log,190,25,26,60,2,5e-05,0.0394,0:39:52.383384
Jittor,G:\科研\图像融合\培育期Jittor_SIBA\logs\jittor_msrs_roadscene_60e_20260727_siba_official_protocol\train.log,191,25,26,60,3,5e-05,0.0527,0:37:57.900181
Jittor,G:\科研\图像融合\培育期Jittor_SIBA\logs\jittor_msrs_roadscene_60e_20260727_siba_official_protocol\train.log,192,25,26,60,4,5e-05,0.029,0:39:41.140411
Jittor,G:\科研\图像融合\培育期Jittor_SIBA\logs\jittor_msrs_roadscene_60e_20260727_siba_official_protocol\train.log,193,25,26,60,5,5e-05,0.0503,0:37:34.697713
Jittor,G:\科研\图像融合\培育期Jittor_SIBA\logs\jittor_msrs_roadscene_60e_20260727_siba_official_protocol\train.log,194,25,26,60,6,5e-05,0.0315,0:39:31.724492
Jittor,G:\科研\图像融合\培育期Jittor_SIBA\logs\jittor_msrs_roadscene_60e_20260727_siba_official_protocol\train.log,195,26,27,60,0,5e-05,0.0525,0:30:52.929654
Jittor,G:\科研\图像融合\培育期Jittor_SIBA\logs\jittor_msrs_roadscene_60e_20260727_siba_official_protocol\train.log,196,26,27,60,1,5e-05,0.038,0:38:37.632992
Jittor,G:\科研\图像融合\培育期Jittor_SIBA\logs\jittor_msrs_roadscene_60e_20260727_siba_official_protocol\train.log,197,26,27,60,2,5e-05,0.0236,0:38:37.129914
Jittor,G:\科研\图像融合\培育期Jittor_SIBA\logs\jittor_msrs_roadscene_60e_20260727_siba_official_protocol\train.log,198,26,27,60,3,5e-05,0.109,0:32:38.336283
Jittor,G:\科研\图像融合\培育期Jittor_SIBA\logs\jittor_msrs_roadscene_60e_20260727_siba_official_protocol\train.log,199,26,27,60,4,5e-05,0.0447,0:36:36.021782
Jittor,G:\科研\图像融合\培育期Jittor_SIBA\logs\jittor_msrs_roadscene_60e_20260727_siba_official_protocol\train.log,200,26,27,60,5,5e-05,0.0644,0:37:08.756840
Jittor,G:\科研\图像融合\培育期Jittor_SIBA\logs\jittor_msrs_roadscene_60e_20260727_siba_official_protocol\train.log,201,26,27,60,6,5e-05,0.0562,0:35:41.597616
Jittor,G:\科研\图像融合\培育期Jittor_SIBA\logs\jittor_msrs_roadscene_60e_20260727_siba_official_protocol\train.log,202,27,28,60,0,5e-05,0.021,0:30:02.485260
Jittor,G:\科研\图像融合\培育期Jittor_SIBA\logs\jittor_msrs_roadscene_60e_20260727_siba_official_protocol\train.log,203,27,28,60,1,5e-05,0.0438,0:37:10.768778
Jittor,G:\科研\图像融合\培育期Jittor_SIBA\logs\jittor_msrs_roadscene_60e_20260727_siba_official_protocol\train.log,204,27,28,60,2,5e-05,0.0542,0:37:34.650672
Jittor,G:\科研\图像融合\培育期Jittor_SIBA\logs\jittor_msrs_roadscene_60e_20260727_siba_official_protocol\train.log,205,27,28,60,3,5e-05,0.0423,0:35:59.694396
Jittor,G:\科研\图像融合\培育期Jittor_SIBA\logs\jittor_msrs_roadscene_60e_20260727_siba_official_protocol\train.log,206,27,28,60,4,5e-05,0.0537,0:37:06.882047
Jittor,G:\科研\图像融合\培育期Jittor_SIBA\logs\jittor_msrs_roadscene_60e_20260727_siba_official_protocol\train.log,207,27,28,60,5,5e-05,0.0486,0:35:58.970653
Jittor,G:\科研\图像融合\培育期Jittor_SIBA\logs\jittor_msrs_roadscene_60e_20260727_siba_official_protocol\train.log,208,27,28,60,6,5e-05,0.0613,0:35:35.237782
Jittor,G:\科研\图像融合\培育期Jittor_SIBA\logs\jittor_msrs_roadscene_60e_20260727_siba_official_protocol\train.log,209,28,29,60,0,5e-05,0.0333,0:30:30.622307
Jittor,G:\科研\图像融合\培育期Jittor_SIBA\logs\jittor_msrs_roadscene_60e_20260727_siba_official_protocol\train.log,210,28,29,60,1,5e-05,0.0318,0:37:09.379931
Jittor,G:\科研\图像融合\培育期Jittor_SIBA\logs\jittor_msrs_roadscene_60e_20260727_siba_official_protocol\train.log,211,28,29,60,2,5e-05,0.052,0:33:01.713150
Jittor,G:\科研\图像融合\培育期Jittor_SIBA\logs\jittor_msrs_roadscene_60e_20260727_siba_official_protocol\train.log,212,28,29,60,3,5e-05,0.0328,0:36:37.132901
Jittor,G:\科研\图像融合\培育期Jittor_SIBA\logs\jittor_msrs_roadscene_60e_20260727_siba_official_protocol\train.log,213,28,29,60,4,5e-05,0.0498,0:34:33.509758
Jittor,G:\科研\图像融合\培育期Jittor_SIBA\logs\jittor_msrs_roadscene_60e_20260727_siba_official_protocol\train.log,214,28,29,60,5,5e-05,0.0825,0:34:25.529291
Jittor,G:\科研\图像融合\培育期Jittor_SIBA\logs\jittor_msrs_roadscene_60e_20260727_siba_official_protocol\train.log,215,28,29,60,6,5e-05,0.0476,0:34:02.452332
Jittor,G:\科研\图像融合\培育期Jittor_SIBA\logs\jittor_msrs_roadscene_60e_20260727_siba_official_protocol\train.log,216,29,30,60,0,5e-05,0.0542,0:27:24.555217
Jittor,G:\科研\图像融合\培育期Jittor_SIBA\logs\jittor_msrs_roadscene_60e_20260727_siba_official_protocol\train.log,217,29,30,60,1,5e-05,0.0243,0:35:41.036390
Jittor,G:\科研\图像融合\培育期Jittor_SIBA\logs\jittor_msrs_roadscene_60e_20260727_siba_official_protocol\train.log,218,29,30,60,2,5e-05,0.0331,0:34:02.485222
Jittor,G:\科研\图像融合\培育期Jittor_SIBA\logs\jittor_msrs_roadscene_60e_20260727_siba_official_protocol\train.log,219,29,30,60,3,5e-05,0.0604,0:33:05.575132
Jittor,G:\科研\图像融合\培育期Jittor_SIBA\logs\jittor_msrs_roadscene_60e_20260727_siba_official_protocol\train.log,220,29,30,60,4,5e-05,0.0403,0:33:11.194008
Jittor,G:\科研\图像融合\培育期Jittor_SIBA\logs\jittor_msrs_roadscene_60e_20260727_siba_official_protocol\train.log,221,29,30,60,5,5e-05,0.0611,0:33:05.484705
Jittor,G:\科研\图像融合\培育期Jittor_SIBA\logs\jittor_msrs_roadscene_60e_20260727_siba_official_protocol\train.log,222,29,30,60,6,5e-05,0.0349,0:35:09.182011
Jittor,G:\科研\图像融合\培育期Jittor_SIBA\logs\jittor_msrs_roadscene_60e_20260727_siba_official_protocol\train.log,223,30,31,60,0,5e-05,0.0278,0:28:39.542162
Jittor,G:\科研\图像融合\培育期Jittor_SIBA\logs\jittor_msrs_roadscene_60e_20260727_siba_official_protocol\train.log,224,30,31,60,1,5e-05,0.0488,0:32:48.739171
Jittor,G:\科研\图像融合\培育期Jittor_SIBA\logs\jittor_msrs_roadscene_60e_20260727_siba_official_protocol\train.log,225,30,31,60,2,5e-05,0.0249,0:34:24.113371
Jittor,G:\科研\图像融合\培育期Jittor_SIBA\logs\jittor_msrs_roadscene_60e_20260727_siba_official_protocol\train.log,226,30,31,60,3,5e-05,0.047,0:34:35.051880
Jittor,G:\科研\图像融合\培育期Jittor_SIBA\logs\jittor_msrs_roadscene_60e_20260727_siba_official_protocol\train.log,227,30,31,60,4,5e-05,0.0465,0:30:51.873698
Jittor,G:\科研\图像融合\培育期Jittor_SIBA\logs\jittor_msrs_roadscene_60e_20260727_siba_official_protocol\train.log,228,30,31,60,5,5e-05,0.0495,0:34:00.270495
Jittor,G:\科研\图像融合\培育期Jittor_SIBA\logs\jittor_msrs_roadscene_60e_20260727_siba_official_protocol\train.log,229,30,31,60,6,5e-05,0.031,0:33:41.320117
Jittor,G:\科研\图像融合\培育期Jittor_SIBA\logs\jittor_msrs_roadscene_60e_20260727_siba_official_protocol\train.log,230,31,32,60,0,5e-05,0.0747,0:26:05.733999
Jittor,G:\科研\图像融合\培育期Jittor_SIBA\logs\jittor_msrs_roadscene_60e_20260727_siba_official_protocol\train.log,231,31,32,60,1,5e-05,0.025,0:33:07.209573
Jittor,G:\科研\图像融合\培育期Jittor_SIBA\logs\jittor_msrs_roadscene_60e_20260727_siba_official_protocol\train.log,232,31,32,60,2,5e-05,0.027,0:33:09.008611
Jittor,G:\科研\图像融合\培育期Jittor_SIBA\logs\jittor_msrs_roadscene_60e_20260727_siba_official_protocol\train.log,233,31,32,60,3,5e-05,0.0497,0:31:30.307662
Jittor,G:\科研\图像融合\培育期Jittor_SIBA\logs\jittor_msrs_roadscene_60e_20260727_siba_official_protocol\train.log,234,31,32,60,4,5e-05,0.0313,0:33:06.098031
Jittor,G:\科研\图像融合\培育期Jittor_SIBA\logs\jittor_msrs_roadscene_60e_20260727_siba_official_protocol\train.log,235,31,32,60,5,5e-05,0.0345,0:32:43.483407
Jittor,G:\科研\图像融合\培育期Jittor_SIBA\logs\jittor_msrs_roadscene_60e_20260727_siba_official_protocol\train.log,236,31,32,60,6,5e-05,0.0519,0:30:48.362887
Jittor,G:\科研\图像融合\培育期Jittor_SIBA\logs\jittor_msrs_roadscene_60e_20260727_siba_official_protocol\train.log,237,32,33,60,0,5e-05,0.0365,0:24:57.537847
Jittor,G:\科研\图像融合\培育期Jittor_SIBA\logs\jittor_msrs_roadscene_60e_20260727_siba_official_protocol\train.log,238,32,33,60,1,5e-05,0.0601,0:32:12.494638
Jittor,G:\科研\图像融合\培育期Jittor_SIBA\logs\jittor_msrs_roadscene_60e_20260727_siba_official_protocol\train.log,239,32,33,60,2,5e-05,0.0286,0:31:44.375566
Jittor,G:\科研\图像融合\培育期Jittor_SIBA\logs\jittor_msrs_roadscene_60e_20260727_siba_official_protocol\train.log,240,32,33,60,3,5e-05,0.032,0:34:40.675574
Jittor,G:\科研\图像融合\培育期Jittor_SIBA\logs\jittor_msrs_roadscene_60e_20260727_siba_official_protocol\train.log,241,32,33,60,4,5e-05,0.0243,0:31:34.829110
Jittor,G:\科研\图像融合\培育期Jittor_SIBA\logs\jittor_msrs_roadscene_60e_20260727_siba_official_protocol\train.log,242,32,33,60,5,5e-05,0.0368,0:29:20.052310
Jittor,G:\科研\图像融合\培育期Jittor_SIBA\logs\jittor_msrs_roadscene_60e_20260727_siba_official_protocol\train.log,243,32,33,60,6,5e-05,0.0247,0:30:54.206715
Jittor,G:\科研\图像融合\培育期Jittor_SIBA\logs\jittor_msrs_roadscene_60e_20260727_siba_official_protocol\train.log,244,33,34,60,0,5e-05,0.0458,0:23:34.358494
Jittor,G:\科研\图像融合\培育期Jittor_SIBA\logs\jittor_msrs_roadscene_60e_20260727_siba_official_protocol\train.log,245,33,34,60,1,5e-05,0.0696,0:29:25.921422
Jittor,G:\科研\图像融合\培育期Jittor_SIBA\logs\jittor_msrs_roadscene_60e_20260727_siba_official_protocol\train.log,246,33,34,60,2,5e-05,0.0382,0:28:49.505773
Jittor,G:\科研\图像融合\培育期Jittor_SIBA\logs\jittor_msrs_roadscene_60e_20260727_siba_official_protocol\train.log,247,33,34,60,3,5e-05,0.024,0:30:07.448916
Jittor,G:\科研\图像融合\培育期Jittor_SIBA\logs\jittor_msrs_roadscene_60e_20260727_siba_official_protocol\train.log,248,33,34,60,4,5e-05,0.0509,0:28:28.377066
Jittor,G:\科研\图像融合\培育期Jittor_SIBA\logs\jittor_msrs_roadscene_60e_20260727_siba_official_protocol\train.log,249,33,34,60,5,5e-05,0.0422,0:28:54.476691
Jittor,G:\科研\图像融合\培育期Jittor_SIBA\logs\jittor_msrs_roadscene_60e_20260727_siba_official_protocol\train.log,250,33,34,60,6,5e-05,0.0365,0:30:13.161462
Jittor,G:\科研\图像融合\培育期Jittor_SIBA\logs\jittor_msrs_roadscene_60e_20260727_siba_official_protocol\train.log,251,34,35,60,0,5e-05,0.0319,0:24:39.049158
Jittor,G:\科研\图像融合\培育期Jittor_SIBA\logs\jittor_msrs_roadscene_60e_20260727_siba_official_protocol\train.log,252,34,35,60,1,5e-05,0.0372,0:28:18.349377
Jittor,G:\科研\图像融合\培育期Jittor_SIBA\logs\jittor_msrs_roadscene_60e_20260727_siba_official_protocol\train.log,253,34,35,60,2,5e-05,0.0494,0:28:21.743699
Jittor,G:\科研\图像融合\培育期Jittor_SIBA\logs\jittor_msrs_roadscene_60e_20260727_siba_official_protocol\train.log,254,34,35,60,3,5e-05,0.0365,0:27:29.486661
Jittor,G:\科研\图像融合\培育期Jittor_SIBA\logs\jittor_msrs_roadscene_60e_20260727_siba_official_protocol\train.log,255,34,35,60,4,5e-05,0.0291,0:29:36.460615
Jittor,G:\科研\图像融合\培育期Jittor_SIBA\logs\jittor_msrs_roadscene_60e_20260727_siba_official_protocol\train.log,256,34,35,60,5,5e-05,0.0457,0:29:33.113609
Jittor,G:\科研\图像融合\培育期Jittor_SIBA\logs\jittor_msrs_roadscene_60e_20260727_siba_official_protocol\train.log,257,34,35,60,6,5e-05,0.0405,0:27:50.388906
Jittor,G:\科研\图像融合\培育期Jittor_SIBA\logs\jittor_msrs_roadscene_60e_20260727_siba_official_protocol\train.log,258,35,36,60,0,5e-05,0.0894,0:20:38.940346
Jittor,G:\科研\图像融合\培育期Jittor_SIBA\logs\jittor_msrs_roadscene_60e_20260727_siba_official_protocol\train.log,259,35,36,60,1,5e-05,0.0642,0:27:13.604264
Jittor,G:\科研\图像融合\培育期Jittor_SIBA\logs\jittor_msrs_roadscene_60e_20260727_siba_official_protocol\train.log,260,35,36,60,2,5e-05,0.0253,0:28:22.168131
Jittor,G:\科研\图像融合\培育期Jittor_SIBA\logs\jittor_msrs_roadscene_60e_20260727_siba_official_protocol\train.log,261,35,36,60,3,5e-05,0.0218,0:28:42.864658
Jittor,G:\科研\图像融合\培育期Jittor_SIBA\logs\jittor_msrs_roadscene_60e_20260727_siba_official_protocol\train.log,262,35,36,60,4,5e-05,0.0245,0:28:19.767554
Jittor,G:\科研\图像融合\培育期Jittor_SIBA\logs\jittor_msrs_roadscene_60e_20260727_siba_official_protocol\train.log,263,35,36,60,5,5e-05,0.0592,0:26:26.834037
Jittor,G:\科研\图像融合\培育期Jittor_SIBA\logs\jittor_msrs_roadscene_60e_20260727_siba_official_protocol\train.log,264,35,36,60,6,5e-05,0.0397,0:26:27.180895
Jittor,G:\科研\图像融合\培育期Jittor_SIBA\logs\jittor_msrs_roadscene_60e_20260727_siba_official_protocol\train.log,265,36,37,60,0,5e-05,0.0663,0:21:22.758951
Jittor,G:\科研\图像融合\培育期Jittor_SIBA\logs\jittor_msrs_roadscene_60e_20260727_siba_official_protocol\train.log,266,36,37,60,1,5e-05,0.0267,0:28:00.033423
Jittor,G:\科研\图像融合\培育期Jittor_SIBA\logs\jittor_msrs_roadscene_60e_20260727_siba_official_protocol\train.log,267,36,37,60,2,5e-05,0.0358,0:27:29.700032
Jittor,G:\科研\图像融合\培育期Jittor_SIBA\logs\jittor_msrs_roadscene_60e_20260727_siba_official_protocol\train.log,268,36,37,60,3,5e-05,0.0541,0:25:32.151381
Jittor,G:\科研\图像融合\培育期Jittor_SIBA\logs\jittor_msrs_roadscene_60e_20260727_siba_official_protocol\train.log,269,36,37,60,4,5e-05,0.0318,0:27:07.314281
Jittor,G:\科研\图像融合\培育期Jittor_SIBA\logs\jittor_msrs_roadscene_60e_20260727_siba_official_protocol\train.log,270,36,37,60,5,5e-05,0.0413,0:26:57.199943
Jittor,G:\科研\图像融合\培育期Jittor_SIBA\logs\jittor_msrs_roadscene_60e_20260727_siba_official_protocol\train.log,271,36,37,60,6,5e-05,0.0576,0:25:20.827423
Jittor,G:\科研\图像融合\培育期Jittor_SIBA\logs\jittor_msrs_roadscene_60e_20260727_siba_official_protocol\train.log,272,37,38,60,0,5e-05,0.0416,0:20:29.344106
Jittor,G:\科研\图像融合\培育期Jittor_SIBA\logs\jittor_msrs_roadscene_60e_20260727_siba_official_protocol\train.log,273,37,38,60,1,5e-05,0.0583,0:23:04.502578
Jittor,G:\科研\图像融合\培育期Jittor_SIBA\logs\jittor_msrs_roadscene_60e_20260727_siba_official_protocol\train.log,274,37,38,60,2,5e-05,0.037,0:24:41.990025
Jittor,G:\科研\图像融合\培育期Jittor_SIBA\logs\jittor_msrs_roadscene_60e_20260727_siba_official_protocol\train.log,275,37,38,60,3,5e-05,0.0818,0:24:52.623309
Jittor,G:\科研\图像融合\培育期Jittor_SIBA\logs\jittor_msrs_roadscene_60e_20260727_siba_official_protocol\train.log,276,37,38,60,4,5e-05,0.0316,0:26:34.727918
Jittor,G:\科研\图像融合\培育期Jittor_SIBA\logs\jittor_msrs_roadscene_60e_20260727_siba_official_protocol\train.log,277,37,38,60,5,5e-05,0.0461,0:24:25.402136
Jittor,G:\科研\图像融合\培育期Jittor_SIBA\logs\jittor_msrs_roadscene_60e_20260727_siba_official_protocol\train.log,278,37,38,60,6,5e-05,0.0276,0:25:47.467601
Jittor,G:\科研\图像融合\培育期Jittor_SIBA\logs\jittor_msrs_roadscene_60e_20260727_siba_official_protocol\train.log,279,38,39,60,0,5e-05,0.0422,0:19:41.001061
Jittor,G:\科研\图像融合\培育期Jittor_SIBA\logs\jittor_msrs_roadscene_60e_20260727_siba_official_protocol\train.log,280,38,39,60,1,5e-05,0.0425,0:23:38.613364
Jittor,G:\科研\图像融合\培育期Jittor_SIBA\logs\jittor_msrs_roadscene_60e_20260727_siba_official_protocol\train.log,281,38,39,60,2,5e-05,0.0271,0:23:35.044281
Jittor,G:\科研\图像融合\培育期Jittor_SIBA\logs\jittor_msrs_roadscene_60e_20260727_siba_official_protocol\train.log,282,38,39,60,3,5e-05,0.0299,0:23:48.475342
Jittor,G:\科研\图像融合\培育期Jittor_SIBA\logs\jittor_msrs_roadscene_60e_20260727_siba_official_protocol\train.log,283,38,39,60,4,5e-05,0.0494,0:22:46.173604
Jittor,G:\科研\图像融合\培育期Jittor_SIBA\logs\jittor_msrs_roadscene_60e_20260727_siba_official_protocol\train.log,284,38,39,60,5,5e-05,0.0596,0:21:37.496122
Jittor,G:\科研\图像融合\培育期Jittor_SIBA\logs\jittor_msrs_roadscene_60e_20260727_siba_official_protocol\train.log,285,38,39,60,6,5e-05,0.0701,0:23:09.127542
Jittor,G:\科研\图像融合\培育期Jittor_SIBA\logs\jittor_msrs_roadscene_60e_20260727_siba_official_protocol\train.log,286,39,40,60,0,5e-05,0.0352,0:19:51.775134
Jittor,G:\科研\图像融合\培育期Jittor_SIBA\logs\jittor_msrs_roadscene_60e_20260727_siba_official_protocol\train.log,287,39,40,60,1,5e-05,0.0515,0:21:28.358056
Jittor,G:\科研\图像融合\培育期Jittor_SIBA\logs\jittor_msrs_roadscene_60e_20260727_siba_official_protocol\train.log,288,39,40,60,2,5e-05,0.0341,0:23:47.532596
Jittor,G:\科研\图像融合\培育期Jittor_SIBA\logs\jittor_msrs_roadscene_60e_20260727_siba_official_protocol\train.log,289,39,40,60,3,5e-05,0.0274,0:23:21.226124
Jittor,G:\科研\图像融合\培育期Jittor_SIBA\logs\jittor_msrs_roadscene_60e_20260727_siba_official_protocol\train.log,290,39,40,60,4,5e-05,0.0383,0:21:40.337333
Jittor,G:\科研\图像融合\培育期Jittor_SIBA\logs\jittor_msrs_roadscene_60e_20260727_siba_official_protocol\train.log,291,39,40,60,5,5e-05,0.0199,0:23:10.968145
Jittor,G:\科研\图像融合\培育期Jittor_SIBA\logs\jittor_msrs_roadscene_60e_20260727_siba_official_protocol\train.log,292,39,40,60,6,5e-05,0.0325,0:23:14.535137
Jittor,G:\科研\图像融合\培育期Jittor_SIBA\logs\jittor_msrs_roadscene_60e_20260727_siba_official_protocol\train.log,293,40,41,60,0,5e-05,0.0639,0:16:14.058008
Jittor,G:\科研\图像融合\培育期Jittor_SIBA\logs\jittor_msrs_roadscene_60e_20260727_siba_official_protocol\train.log,294,40,41,60,1,5e-05,0.0191,0:23:01.445637
Jittor,G:\科研\图像融合\培育期Jittor_SIBA\logs\jittor_msrs_roadscene_60e_20260727_siba_official_protocol\train.log,295,40,41,60,2,5e-05,0.0232,0:22:35.047512
Jittor,G:\科研\图像融合\培育期Jittor_SIBA\logs\jittor_msrs_roadscene_60e_20260727_siba_official_protocol\train.log,296,40,41,60,3,5e-05,0.0294,0:22:33.611927
Jittor,G:\科研\图像融合\培育期Jittor_SIBA\logs\jittor_msrs_roadscene_60e_20260727_siba_official_protocol\train.log,297,40,41,60,4,5e-05,0.0599,0:21:49.479070
Jittor,G:\科研\图像融合\培育期Jittor_SIBA\logs\jittor_msrs_roadscene_60e_20260727_siba_official_protocol\train.log,298,40,41,60,5,5e-05,0.0374,0:21:04.369969
Jittor,G:\科研\图像融合\培育期Jittor_SIBA\logs\jittor_msrs_roadscene_60e_20260727_siba_official_protocol\train.log,299,40,41,60,6,5e-05,0.0361,0:20:42.234936
Jittor,G:\科研\图像融合\培育期Jittor_SIBA\logs\jittor_msrs_roadscene_60e_20260727_siba_official_protocol\train.log,300,41,42,60,0,5e-05,0.0333,0:16:38.686123
Jittor,G:\科研\图像融合\培育期Jittor_SIBA\logs\jittor_msrs_roadscene_60e_20260727_siba_official_protocol\train.log,301,41,42,60,1,5e-05,0.061,0:19:43.513419
Jittor,G:\科研\图像融合\培育期Jittor_SIBA\logs\jittor_msrs_roadscene_60e_20260727_siba_official_protocol\train.log,302,41,42,60,2,5e-05,0.0265,0:19:31.772655
Jittor,G:\科研\图像融合\培育期Jittor_SIBA\logs\jittor_msrs_roadscene_60e_20260727_siba_official_protocol\train.log,303,41,42,60,3,5e-05,0.0323,0:20:24.471901
Jittor,G:\科研\图像融合\培育期Jittor_SIBA\logs\jittor_msrs_roadscene_60e_20260727_siba_official_protocol\train.log,304,41,42,60,4,5e-05,0.0307,0:21:23.918383
Jittor,G:\科研\图像融合\培育期Jittor_SIBA\logs\jittor_msrs_roadscene_60e_20260727_siba_official_protocol\train.log,305,41,42,60,5,5e-05,0.0225,0:21:07.699083
Jittor,G:\科研\图像融合\培育期Jittor_SIBA\logs\jittor_msrs_roadscene_60e_20260727_siba_official_protocol\train.log,306,41,42,60,6,5e-05,0.0396,0:20:50.745621
Jittor,G:\科研\图像融合\培育期Jittor_SIBA\logs\jittor_msrs_roadscene_60e_20260727_siba_official_protocol\train.log,307,42,43,60,0,5e-05,0.0387,0:17:14.648528
Jittor,G:\科研\图像融合\培育期Jittor_SIBA\logs\jittor_msrs_roadscene_60e_20260727_siba_official_protocol\train.log,308,42,43,60,1,5e-05,0.0428,0:19:23.744453
Jittor,G:\科研\图像融合\培育期Jittor_SIBA\logs\jittor_msrs_roadscene_60e_20260727_siba_official_protocol\train.log,309,42,43,60,2,5e-05,0.0299,0:20:44.602118
Jittor,G:\科研\图像融合\培育期Jittor_SIBA\logs\jittor_msrs_roadscene_60e_20260727_siba_official_protocol\train.log,310,42,43,60,3,5e-05,0.0673,0:19:46.139151
Jittor,G:\科研\图像融合\培育期Jittor_SIBA\logs\jittor_msrs_roadscene_60e_20260727_siba_official_protocol\train.log,311,42,43,60,4,5e-05,0.0365,0:20:26.137467
Jittor,G:\科研\图像融合\培育期Jittor_SIBA\logs\jittor_msrs_roadscene_60e_20260727_siba_official_protocol\train.log,312,42,43,60,5,5e-05,0.0475,0:19:00.317120
Jittor,G:\科研\图像融合\培育期Jittor_SIBA\logs\jittor_msrs_roadscene_60e_20260727_siba_official_protocol\train.log,313,42,43,60,6,5e-05,0.0178,0:19:44.695550
Jittor,G:\科研\图像融合\培育期Jittor_SIBA\logs\jittor_msrs_roadscene_60e_20260727_siba_official_protocol\train.log,314,43,44,60,0,5e-05,0.0306,0:15:57.118870
Jittor,G:\科研\图像融合\培育期Jittor_SIBA\logs\jittor_msrs_roadscene_60e_20260727_siba_official_protocol\train.log,315,43,44,60,1,5e-05,0.0293,0:19:31.875216
Jittor,G:\科研\图像融合\培育期Jittor_SIBA\logs\jittor_msrs_roadscene_60e_20260727_siba_official_protocol\train.log,316,43,44,60,2,5e-05,0.03,0:19:33.400667
Jittor,G:\科研\图像融合\培育期Jittor_SIBA\logs\jittor_msrs_roadscene_60e_20260727_siba_official_protocol\train.log,317,43,44,60,3,5e-05,0.0414,0:17:07.142597
Jittor,G:\科研\图像融合\培育期Jittor_SIBA\logs\jittor_msrs_roadscene_60e_20260727_siba_official_protocol\train.log,318,43,44,60,4,5e-05,0.0609,0:17:49.284537
Jittor,G:\科研\图像融合\培育期Jittor_SIBA\logs\jittor_msrs_roadscene_60e_20260727_siba_official_protocol\train.log,319,43,44,60,5,5e-05,0.0172,0:18:36.275553
Jittor,G:\科研\图像融合\培育期Jittor_SIBA\logs\jittor_msrs_roadscene_60e_20260727_siba_official_protocol\train.log,320,43,44,60,6,5e-05,0.0494,0:18:56.538125
Jittor,G:\科研\图像融合\培育期Jittor_SIBA\logs\jittor_msrs_roadscene_60e_20260727_siba_official_protocol\train.log,321,44,45,60,0,5e-05,0.0737,0:14:12.236240
Jittor,G:\科研\图像融合\培育期Jittor_SIBA\logs\jittor_msrs_roadscene_60e_20260727_siba_official_protocol\train.log,322,44,45,60,1,5e-05,0.074,0:16:35.132192
Jittor,G:\科研\图像融合\培育期Jittor_SIBA\logs\jittor_msrs_roadscene_60e_20260727_siba_official_protocol\train.log,323,44,45,60,2,5e-05,0.0416,0:18:21.646612
Jittor,G:\科研\图像融合\培育期Jittor_SIBA\logs\jittor_msrs_roadscene_60e_20260727_siba_official_protocol\train.log,324,44,45,60,3,5e-05,0.0321,0:17:00.101604
Jittor,G:\科研\图像融合\培育期Jittor_SIBA\logs\jittor_msrs_roadscene_60e_20260727_siba_official_protocol\train.log,325,44,45,60,4,5e-05,0.0281,0:15:51.385643
Jittor,G:\科研\图像融合\培育期Jittor_SIBA\logs\jittor_msrs_roadscene_60e_20260727_siba_official_protocol\train.log,326,44,45,60,5,5e-05,0.0373,0:16:39.970791
Jittor,G:\科研\图像融合\培育期Jittor_SIBA\logs\jittor_msrs_roadscene_60e_20260727_siba_official_protocol\train.log,327,44,45,60,6,5e-05,0.0427,0:16:29.295021
Jittor,G:\科研\图像融合\培育期Jittor_SIBA\logs\jittor_msrs_roadscene_60e_20260727_siba_official_protocol\train.log,328,45,46,60,0,5e-05,0.045,0:14:45.409040
Jittor,G:\科研\图像融合\培育期Jittor_SIBA\logs\jittor_msrs_roadscene_60e_20260727_siba_official_protocol\train.log,329,45,46,60,1,5e-05,0.033,0:17:16.679332
Jittor,G:\科研\图像融合\培育期Jittor_SIBA\logs\jittor_msrs_roadscene_60e_20260727_siba_official_protocol\train.log,330,45,46,60,2,5e-05,0.0367,0:17:05.785532
Jittor,G:\科研\图像融合\培育期Jittor_SIBA\logs\jittor_msrs_roadscene_60e_20260727_siba_official_protocol\train.log,331,45,46,60,3,5e-05,0.0507,0:15:00.425445
Jittor,G:\科研\图像融合\培育期Jittor_SIBA\logs\jittor_msrs_roadscene_60e_20260727_siba_official_protocol\train.log,332,45,46,60,4,5e-05,0.0293,0:16:50.065997
Jittor,G:\科研\图像融合\培育期Jittor_SIBA\logs\jittor_msrs_roadscene_60e_20260727_siba_official_protocol\train.log,333,45,46,60,5,5e-05,0.0685,0:15:32.350540
Jittor,G:\科研\图像融合\培育期Jittor_SIBA\logs\jittor_msrs_roadscene_60e_20260727_siba_official_protocol\train.log,334,45,46,60,6,5e-05,0.0519,0:15:14.482813
Jittor,G:\科研\图像融合\培育期Jittor_SIBA\logs\jittor_msrs_roadscene_60e_20260727_siba_official_protocol\train.log,335,46,47,60,0,5e-05,0.0964,0:12:27.758543
Jittor,G:\科研\图像融合\培育期Jittor_SIBA\logs\jittor_msrs_roadscene_60e_20260727_siba_official_protocol\train.log,336,46,47,60,1,5e-05,0.0296,0:15:57.932567
Jittor,G:\科研\图像融合\培育期Jittor_SIBA\logs\jittor_msrs_roadscene_60e_20260727_siba_official_protocol\train.log,337,46,47,60,2,5e-05,0.0451,0:15:44.991430
Jittor,G:\科研\图像融合\培育期Jittor_SIBA\logs\jittor_msrs_roadscene_60e_20260727_siba_official_protocol\train.log,338,46,47,60,3,5e-05,0.0396,0:14:52.288628
Jittor,G:\科研\图像融合\培育期Jittor_SIBA\logs\jittor_msrs_roadscene_60e_20260727_siba_official_protocol\train.log,339,46,47,60,4,5e-05,0.0298,0:15:17.556377
Jittor,G:\科研\图像融合\培育期Jittor_SIBA\logs\jittor_msrs_roadscene_60e_20260727_siba_official_protocol\train.log,340,46,47,60,5,5e-05,0.0384,0:15:16.843975
Jittor,G:\科研\图像融合\培育期Jittor_SIBA\logs\jittor_msrs_roadscene_60e_20260727_siba_official_protocol\train.log,341,46,47,60,6,5e-05,0.0258,0:14:56.767998
Jittor,G:\科研\图像融合\培育期Jittor_SIBA\logs\jittor_msrs_roadscene_60e_20260727_siba_official_protocol\train.log,342,47,48,60,0,5e-05,0.036,0:11:17.260450
Jittor,G:\科研\图像融合\培育期Jittor_SIBA\logs\jittor_msrs_roadscene_60e_20260727_siba_official_protocol\train.log,343,47,48,60,1,5e-05,0.0484,0:13:59.190863
Jittor,G:\科研\图像融合\培育期Jittor_SIBA\logs\jittor_msrs_roadscene_60e_20260727_siba_official_protocol\train.log,344,47,48,60,2,5e-05,0.0455,0:13:34.679823
Jittor,G:\科研\图像融合\培育期Jittor_SIBA\logs\jittor_msrs_roadscene_60e_20260727_siba_official_protocol\train.log,345,47,48,60,3,5e-05,0.0505,0:12:54.077868
Jittor,G:\科研\图像融合\培育期Jittor_SIBA\logs\jittor_msrs_roadscene_60e_20260727_siba_official_protocol\train.log,346,47,48,60,4,5e-05,0.0229,0:13:22.627076
Jittor,G:\科研\图像融合\培育期Jittor_SIBA\logs\jittor_msrs_roadscene_60e_20260727_siba_official_protocol\train.log,347,47,48,60,5,5e-05,0.0697,0:13:03.800492
Jittor,G:\科研\图像融合\培育期Jittor_SIBA\logs\jittor_msrs_roadscene_60e_20260727_siba_official_protocol\train.log,348,47,48,60,6,5e-05,0.1029,0:11:41.000050
Jittor,G:\科研\图像融合\培育期Jittor_SIBA\logs\jittor_msrs_roadscene_60e_20260727_siba_official_protocol\train.log,349,48,49,60,0,5e-05,0.0458,0:10:44.241174
Jittor,G:\科研\图像融合\培育期Jittor_SIBA\logs\jittor_msrs_roadscene_60e_20260727_siba_official_protocol\train.log,350,48,49,60,1,5e-05,0.0337,0:13:35.698321
Jittor,G:\科研\图像融合\培育期Jittor_SIBA\logs\jittor_msrs_roadscene_60e_20260727_siba_official_protocol\train.log,351,48,49,60,2,5e-05,0.0612,0:12:51.537418
Jittor,G:\科研\图像融合\培育期Jittor_SIBA\logs\jittor_msrs_roadscene_60e_20260727_siba_official_protocol\train.log,352,48,49,60,3,5e-05,0.0225,0:12:39.809113
Jittor,G:\科研\图像融合\培育期Jittor_SIBA\logs\jittor_msrs_roadscene_60e_20260727_siba_official_protocol\train.log,353,48,49,60,4,5e-05,0.0265,0:13:03.261524
Jittor,G:\科研\图像融合\培育期Jittor_SIBA\logs\jittor_msrs_roadscene_60e_20260727_siba_official_protocol\train.log,354,48,49,60,5,5e-05,0.0392,0:12:24.977703
Jittor,G:\科研\图像融合\培育期Jittor_SIBA\logs\jittor_msrs_roadscene_60e_20260727_siba_official_protocol\train.log,355,48,49,60,6,5e-05,0.0431,0:10:44.931747
Jittor,G:\科研\图像融合\培育期Jittor_SIBA\logs\jittor_msrs_roadscene_60e_20260727_siba_official_protocol\train.log,356,49,50,60,0,5e-05,0.0448,0:09:52.736500
Jittor,G:\科研\图像融合\培育期Jittor_SIBA\logs\jittor_msrs_roadscene_60e_20260727_siba_official_protocol\train.log,357,49,50,60,1,5e-05,0.0507,0:12:36.161315
Jittor,G:\科研\图像融合\培育期Jittor_SIBA\logs\jittor_msrs_roadscene_60e_20260727_siba_official_protocol\train.log,358,49,50,60,2,5e-05,0.0603,0:11:49.745065
Jittor,G:\科研\图像融合\培育期Jittor_SIBA\logs\jittor_msrs_roadscene_60e_20260727_siba_official_protocol\train.log,359,49,50,60,3,5e-05,0.0246,0:12:04.243317
Jittor,G:\科研\图像融合\培育期Jittor_SIBA\logs\jittor_msrs_roadscene_60e_20260727_siba_official_protocol\train.log,360,49,50,60,4,5e-05,0.0271,0:11:56.513356
Jittor,G:\科研\图像融合\培育期Jittor_SIBA\logs\jittor_msrs_roadscene_60e_20260727_siba_official_protocol\train.log,361,49,50,60,5,5e-05,0.0205,0:11:55.286731
Jittor,G:\科研\图像融合\培育期Jittor_SIBA\logs\jittor_msrs_roadscene_60e_20260727_siba_official_protocol\train.log,362,49,50,60,6,5e-05,0.0286,0:11:38.624221
Jittor,G:\科研\图像融合\培育期Jittor_SIBA\logs\jittor_msrs_roadscene_60e_20260727_siba_official_protocol\train.log,363,50,51,60,0,2.5e-05,0.0407,0:08:11.508443
Jittor,G:\科研\图像融合\培育期Jittor_SIBA\logs\jittor_msrs_roadscene_60e_20260727_siba_official_protocol\train.log,364,50,51,60,1,2.5e-05,0.0298,0:10:47.415524
Jittor,G:\科研\图像融合\培育期Jittor_SIBA\logs\jittor_msrs_roadscene_60e_20260727_siba_official_protocol\train.log,365,50,51,60,2,2.5e-05,0.0297,0:11:14.319103
Jittor,G:\科研\图像融合\培育期Jittor_SIBA\logs\jittor_msrs_roadscene_60e_20260727_siba_official_protocol\train.log,366,50,51,60,3,2.5e-05,0.0287,0:10:52.696509
Jittor,G:\科研\图像融合\培育期Jittor_SIBA\logs\jittor_msrs_roadscene_60e_20260727_siba_official_protocol\train.log,367,50,51,60,4,2.5e-05,0.0317,0:10:48.290789
Jittor,G:\科研\图像融合\培育期Jittor_SIBA\logs\jittor_msrs_roadscene_60e_20260727_siba_official_protocol\train.log,368,50,51,60,5,2.5e-05,0.0346,0:10:12.250748
Jittor,G:\科研\图像融合\培育期Jittor_SIBA\logs\jittor_msrs_roadscene_60e_20260727_siba_official_protocol\train.log,369,50,51,60,6,2.5e-05,0.0651,0:09:28.185232
Jittor,G:\科研\图像融合\培育期Jittor_SIBA\logs\jittor_msrs_roadscene_60e_20260727_siba_official_protocol\train.log,370,51,52,60,0,2.5e-05,0.0292,0:08:43.617750
Jittor,G:\科研\图像融合\培育期Jittor_SIBA\logs\jittor_msrs_roadscene_60e_20260727_siba_official_protocol\train.log,371,51,52,60,1,2.5e-05,0.0618,0:09:06.758267
Jittor,G:\科研\图像融合\培育期Jittor_SIBA\logs\jittor_msrs_roadscene_60e_20260727_siba_official_protocol\train.log,372,51,52,60,2,2.5e-05,0.0181,0:10:00.837654
Jittor,G:\科研\图像融合\培育期Jittor_SIBA\logs\jittor_msrs_roadscene_60e_20260727_siba_official_protocol\train.log,373,51,52,60,3,2.5e-05,0.0468,0:09:24.447786
Jittor,G:\科研\图像融合\培育期Jittor_SIBA\logs\jittor_msrs_roadscene_60e_20260727_siba_official_protocol\train.log,374,51,52,60,4,2.5e-05,0.0266,0:09:40.806906
Jittor,G:\科研\图像融合\培育期Jittor_SIBA\logs\jittor_msrs_roadscene_60e_20260727_siba_official_protocol\train.log,375,51,52,60,5,2.5e-05,0.0345,0:09:35.512606
Jittor,G:\科研\图像融合\培育期Jittor_SIBA\logs\jittor_msrs_roadscene_60e_20260727_siba_official_protocol\train.log,376,51,52,60,6,2.5e-05,0.0366,0:09:17.137849
Jittor,G:\科研\图像融合\培育期Jittor_SIBA\logs\jittor_msrs_roadscene_60e_20260727_siba_official_protocol\train.log,377,52,53,60,0,2.5e-05,0.0238,0:07:05.668722
Jittor,G:\科研\图像融合\培育期Jittor_SIBA\logs\jittor_msrs_roadscene_60e_20260727_siba_official_protocol\train.log,378,52,53,60,1,2.5e-05,0.0607,0:08:37.000865
Jittor,G:\科研\图像融合\培育期Jittor_SIBA\logs\jittor_msrs_roadscene_60e_20260727_siba_official_protocol\train.log,379,52,53,60,2,2.5e-05,0.0312,0:08:10.504456
Jittor,G:\科研\图像融合\培育期Jittor_SIBA\logs\jittor_msrs_roadscene_60e_20260727_siba_official_protocol\train.log,380,52,53,60,3,2.5e-05,0.0294,0:08:43.904689
Jittor,G:\科研\图像融合\培育期Jittor_SIBA\logs\jittor_msrs_roadscene_60e_20260727_siba_official_protocol\train.log,381,52,53,60,4,2.5e-05,0.0502,0:08:29.133911
Jittor,G:\科研\图像融合\培育期Jittor_SIBA\logs\jittor_msrs_roadscene_60e_20260727_siba_official_protocol\train.log,382,52,53,60,5,2.5e-05,0.0365,0:08:15.299807
Jittor,G:\科研\图像融合\培育期Jittor_SIBA\logs\jittor_msrs_roadscene_60e_20260727_siba_official_protocol\train.log,383,52,53,60,6,2.5e-05,0.0213,0:08:00.688685
Jittor,G:\科研\图像融合\培育期Jittor_SIBA\logs\jittor_msrs_roadscene_60e_20260727_siba_official_protocol\train.log,384,53,54,60,0,2.5e-05,0.0512,0:06:43.063511
Jittor,G:\科研\图像融合\培育期Jittor_SIBA\logs\jittor_msrs_roadscene_60e_20260727_siba_official_protocol\train.log,385,53,54,60,1,2.5e-05,0.0342,0:07:54.342130
Jittor,G:\科研\图像融合\培育期Jittor_SIBA\logs\jittor_msrs_roadscene_60e_20260727_siba_official_protocol\train.log,386,53,54,60,2,2.5e-05,0.0798,0:06:31.072736
Jittor,G:\科研\图像融合\培育期Jittor_SIBA\logs\jittor_msrs_roadscene_60e_20260727_siba_official_protocol\train.log,387,53,54,60,3,2.5e-05,0.0502,0:07:04.888702
Jittor,G:\科研\图像融合\培育期Jittor_SIBA\logs\jittor_msrs_roadscene_60e_20260727_siba_official_protocol\train.log,388,53,54,60,4,2.5e-05,0.024,0:06:56.333722
Jittor,G:\科研\图像融合\培育期Jittor_SIBA\logs\jittor_msrs_roadscene_60e_20260727_siba_official_protocol\train.log,389,53,54,60,5,2.5e-05,0.0183,0:07:11.287407
Jittor,G:\科研\图像融合\培育期Jittor_SIBA\logs\jittor_msrs_roadscene_60e_20260727_siba_official_protocol\train.log,390,53,54,60,6,2.5e-05,0.0254,0:06:14.283388
Jittor,G:\科研\图像融合\培育期Jittor_SIBA\logs\jittor_msrs_roadscene_60e_20260727_siba_official_protocol\train.log,391,54,55,60,0,2.5e-05,0.024,0:05:31.487230
Jittor,G:\科研\图像融合\培育期Jittor_SIBA\logs\jittor_msrs_roadscene_60e_20260727_siba_official_protocol\train.log,392,54,55,60,1,2.5e-05,0.0413,0:06:24.727010
Jittor,G:\科研\图像融合\培育期Jittor_SIBA\logs\jittor_msrs_roadscene_60e_20260727_siba_official_protocol\train.log,393,54,55,60,2,2.5e-05,0.0538,0:05:56.969751
Jittor,G:\科研\图像融合\培育期Jittor_SIBA\logs\jittor_msrs_roadscene_60e_20260727_siba_official_protocol\train.log,394,54,55,60,3,2.5e-05,0.0267,0:06:26.473034
Jittor,G:\科研\图像融合\培育期Jittor_SIBA\logs\jittor_msrs_roadscene_60e_20260727_siba_official_protocol\train.log,395,54,55,60,4,2.5e-05,0.0488,0:05:18.407459
Jittor,G:\科研\图像融合\培育期Jittor_SIBA\logs\jittor_msrs_roadscene_60e_20260727_siba_official_protocol\train.log,396,54,55,60,5,2.5e-05,0.0325,0:05:40.518617
Jittor,G:\科研\图像融合\培育期Jittor_SIBA\logs\jittor_msrs_roadscene_60e_20260727_siba_official_protocol\train.log,397,54,55,60,6,2.5e-05,0.0673,0:05:16.486838
Jittor,G:\科研\图像融合\培育期Jittor_SIBA\logs\jittor_msrs_roadscene_60e_20260727_siba_official_protocol\train.log,398,55,56,60,0,2.5e-05,0.0447,0:04:29.873779
Jittor,G:\科研\图像融合\培育期Jittor_SIBA\logs\jittor_msrs_roadscene_60e_20260727_siba_official_protocol\train.log,399,55,56,60,1,2.5e-05,0.0442,0:05:20.849918
Jittor,G:\科研\图像融合\培育期Jittor_SIBA\logs\jittor_msrs_roadscene_60e_20260727_siba_official_protocol\train.log,400,55,56,60,2,2.5e-05,0.0321,0:05:08.179342
Jittor,G:\科研\图像融合\培育期Jittor_SIBA\logs\jittor_msrs_roadscene_60e_20260727_siba_official_protocol\train.log,401,55,56,60,3,2.5e-05,0.0436,0:04:40.477581
Jittor,G:\科研\图像融合\培育期Jittor_SIBA\logs\jittor_msrs_roadscene_60e_20260727_siba_official_protocol\train.log,402,55,56,60,4,2.5e-05,0.0369,0:04:32.793438
Jittor,G:\科研\图像融合\培育期Jittor_SIBA\logs\jittor_msrs_roadscene_60e_20260727_siba_official_protocol\train.log,403,55,56,60,5,2.5e-05,0.0549,0:04:38.347031
Jittor,G:\科研\图像融合\培育期Jittor_SIBA\logs\jittor_msrs_roadscene_60e_20260727_siba_official_protocol\train.log,404,55,56,60,6,2.5e-05,0.0511,0:04:16.357287
Jittor,G:\科研\图像融合\培育期Jittor_SIBA\logs\jittor_msrs_roadscene_60e_20260727_siba_official_protocol\train.log,405,56,57,60,0,2.5e-05,0.0242,0:03:45.796801
Jittor,G:\科研\图像融合\培育期Jittor_SIBA\logs\jittor_msrs_roadscene_60e_20260727_siba_official_protocol\train.log,406,56,57,60,1,2.5e-05,0.03,0:04:27.147815
Jittor,G:\科研\图像融合\培育期Jittor_SIBA\logs\jittor_msrs_roadscene_60e_20260727_siba_official_protocol\train.log,407,56,57,60,2,2.5e-05,0.0354,0:04:03.827324
Jittor,G:\科研\图像融合\培育期Jittor_SIBA\logs\jittor_msrs_roadscene_60e_20260727_siba_official_protocol\train.log,408,56,57,60,3,2.5e-05,0.0364,0:04:06.556828
Jittor,G:\科研\图像融合\培育期Jittor_SIBA\logs\jittor_msrs_roadscene_60e_20260727_siba_official_protocol\train.log,409,56,57,60,4,2.5e-05,0.057,0:03:44.327542
Jittor,G:\科研\图像融合\培育期Jittor_SIBA\logs\jittor_msrs_roadscene_60e_20260727_siba_official_protocol\train.log,410,56,57,60,5,2.5e-05,0.0419,0:03:42.135618
Jittor,G:\科研\图像融合\培育期Jittor_SIBA\logs\jittor_msrs_roadscene_60e_20260727_siba_official_protocol\train.log,411,56,57,60,6,2.5e-05,0.0509,0:03:23.414234
Jittor,G:\科研\图像融合\培育期Jittor_SIBA\logs\jittor_msrs_roadscene_60e_20260727_siba_official_protocol\train.log,412,57,58,60,0,2.5e-05,0.0471,0:02:40.647478
Jittor,G:\科研\图像融合\培育期Jittor_SIBA\logs\jittor_msrs_roadscene_60e_20260727_siba_official_protocol\train.log,413,57,58,60,1,2.5e-05,0.0244,0:03:16.154956
Jittor,G:\科研\图像融合\培育期Jittor_SIBA\logs\jittor_msrs_roadscene_60e_20260727_siba_official_protocol\train.log,414,57,58,60,2,2.5e-05,0.073,0:02:57.629111
Jittor,G:\科研\图像融合\培育期Jittor_SIBA\logs\jittor_msrs_roadscene_60e_20260727_siba_official_protocol\train.log,415,57,58,60,3,2.5e-05,0.0373,0:02:55.135885
Jittor,G:\科研\图像融合\培育期Jittor_SIBA\logs\jittor_msrs_roadscene_60e_20260727_siba_official_protocol\train.log,416,57,58,60,4,2.5e-05,0.042,0:02:45.443303
Jittor,G:\科研\图像融合\培育期Jittor_SIBA\logs\jittor_msrs_roadscene_60e_20260727_siba_official_protocol\train.log,417,57,58,60,5,2.5e-05,0.0229,0:02:33.169144
Jittor,G:\科研\图像融合\培育期Jittor_SIBA\logs\jittor_msrs_roadscene_60e_20260727_siba_official_protocol\train.log,418,57,58,60,6,2.5e-05,0.0256,0:02:24.617893
Jittor,G:\科研\图像融合\培育期Jittor_SIBA\logs\jittor_msrs_roadscene_60e_20260727_siba_official_protocol\train.log,419,58,59,60,0,2.5e-05,0.032,0:01:46.067122
Jittor,G:\科研\图像融合\培育期Jittor_SIBA\logs\jittor_msrs_roadscene_60e_20260727_siba_official_protocol\train.log,420,58,59,60,1,2.5e-05,0.0552,0:02:00.418385
Jittor,G:\科研\图像融合\培育期Jittor_SIBA\logs\jittor_msrs_roadscene_60e_20260727_siba_official_protocol\train.log,421,58,59,60,2,2.5e-05,0.0647,0:01:51.874700
Jittor,G:\科研\图像融合\培育期Jittor_SIBA\logs\jittor_msrs_roadscene_60e_20260727_siba_official_protocol\train.log,422,58,59,60,3,2.5e-05,0.0693,0:01:43.228641
Jittor,G:\科研\图像融合\培育期Jittor_SIBA\logs\jittor_msrs_roadscene_60e_20260727_siba_official_protocol\train.log,423,58,59,60,4,2.5e-05,0.0704,0:01:27.232926
Jittor,G:\科研\图像融合\培育期Jittor_SIBA\logs\jittor_msrs_roadscene_60e_20260727_siba_official_protocol\train.log,424,58,59,60,5,2.5e-05,0.0732,0:01:15.724257
Jittor,G:\科研\图像融合\培育期Jittor_SIBA\logs\jittor_msrs_roadscene_60e_20260727_siba_official_protocol\train.log,425,58,59,60,6,2.5e-05,0.0349,0:01:13.167040
Jittor,G:\科研\图像融合\培育期Jittor_SIBA\logs\jittor_msrs_roadscene_60e_20260727_siba_official_protocol\train.log,426,59,60,60,0,2.5e-05,0.0266,0:00:53.809063
Jittor,G:\科研\图像融合\培育期Jittor_SIBA\logs\jittor_msrs_roadscene_60e_20260727_siba_official_protocol\train.log,427,59,60,60,1,2.5e-05,0.0351,0:00:58.805645
Jittor,G:\科研\图像融合\培育期Jittor_SIBA\logs\jittor_msrs_roadscene_60e_20260727_siba_official_protocol\train.log,428,59,60,60,2,2.5e-05,0.0239,0:00:47.593332
Jittor,G:\科研\图像融合\培育期Jittor_SIBA\logs\jittor_msrs_roadscene_60e_20260727_siba_official_protocol\train.log,429,59,60,60,3,2.5e-05,0.0285,0:00:36.884644
Jittor,G:\科研\图像融合\培育期Jittor_SIBA\logs\jittor_msrs_roadscene_60e_20260727_siba_official_protocol\train.log,430,59,60,60,4,2.5e-05,0.0374,0:00:25.860736
Jittor,G:\科研\图像融合\培育期Jittor_SIBA\logs\jittor_msrs_roadscene_60e_20260727_siba_official_protocol\train.log,431,59,60,60,5,2.5e-05,0.0604,0:00:14.158903
Jittor,G:\科研\图像融合\培育期Jittor_SIBA\logs\jittor_msrs_roadscene_60e_20260727_siba_official_protocol\train.log,432,59,60,60,6,2.5e-05,0.0305,0:00:04.459498
PyTorch,G:\科研\图像融合\培育期Jittor_SIBA\logs\pytorch_msrs_roadscene_60e_20260727_siba_official_protocol\train.log,1,0,1,60,0,0.0001,0.344,5:00:34.318886
PyTorch,G:\科研\图像融合\培育期Jittor_SIBA\logs\pytorch_msrs_roadscene_60e_20260727_siba_official_protocol\train.log,2,0,1,60,1,0.0001,0.1537,0:38:33.927321
PyTorch,G:\科研\图像融合\培育期Jittor_SIBA\logs\pytorch_msrs_roadscene_60e_20260727_siba_official_protocol\train.log,3,0,1,60,2,0.0001,0.2047,0:32:21.442490
PyTorch,G:\科研\图像融合\培育期Jittor_SIBA\logs\pytorch_msrs_roadscene_60e_20260727_siba_official_protocol\train.log,4,0,1,60,3,0.0001,0.1462,0:31:48.501391
PyTorch,G:\科研\图像融合\培育期Jittor_SIBA\logs\pytorch_msrs_roadscene_60e_20260727_siba_official_protocol\train.log,5,0,1,60,4,0.0001,0.1581,0:31:36.232572
PyTorch,G:\科研\图像融合\培育期Jittor_SIBA\logs\pytorch_msrs_roadscene_60e_20260727_siba_official_protocol\train.log,6,0,1,60,5,0.0001,0.1846,0:35:17.281318
PyTorch,G:\科研\图像融合\培育期Jittor_SIBA\logs\pytorch_msrs_roadscene_60e_20260727_siba_official_protocol\train.log,7,0,1,60,6,0.0001,0.2511,0:38:47.074127
PyTorch,G:\科研\图像融合\培育期Jittor_SIBA\logs\pytorch_msrs_roadscene_60e_20260727_siba_official_protocol\train.log,8,1,2,60,0,0.0001,0.1504,1:26:15.751981
PyTorch,G:\科研\图像融合\培育期Jittor_SIBA\logs\pytorch_msrs_roadscene_60e_20260727_siba_official_protocol\train.log,9,1,2,60,1,0.0001,0.1943,0:32:00.057836
PyTorch,G:\科研\图像融合\培育期Jittor_SIBA\logs\pytorch_msrs_roadscene_60e_20260727_siba_official_protocol\train.log,10,1,2,60,2,0.0001,0.1374,0:38:35.412087
PyTorch,G:\科研\图像融合\培育期Jittor_SIBA\logs\pytorch_msrs_roadscene_60e_20260727_siba_official_protocol\train.log,11,1,2,60,3,0.0001,0.126,0:34:46.964358
PyTorch,G:\科研\图像融合\培育期Jittor_SIBA\logs\pytorch_msrs_roadscene_60e_20260727_siba_official_protocol\train.log,12,1,2,60,4,0.0001,0.1227,0:38:26.101535
PyTorch,G:\科研\图像融合\培育期Jittor_SIBA\logs\pytorch_msrs_roadscene_60e_20260727_siba_official_protocol\train.log,13,1,2,60,5,0.0001,0.1214,0:34:45.401318
PyTorch,G:\科研\图像融合\培育期Jittor_SIBA\logs\pytorch_msrs_roadscene_60e_20260727_siba_official_protocol\train.log,14,1,2,60,6,0.0001,0.1561,0:33:57.538542
PyTorch,G:\科研\图像融合\培育期Jittor_SIBA\logs\pytorch_msrs_roadscene_60e_20260727_siba_official_protocol\train.log,15,2,3,60,0,0.0001,0.1146,0:38:11.827761
PyTorch,G:\科研\图像融合\培育期Jittor_SIBA\logs\pytorch_msrs_roadscene_60e_20260727_siba_official_protocol\train.log,16,2,3,60,1,0.0001,0.1735,0:34:30.761875
PyTorch,G:\科研\图像融合\培育期Jittor_SIBA\logs\pytorch_msrs_roadscene_60e_20260727_siba_official_protocol\train.log,17,2,3,60,2,0.0001,0.1461,0:37:33.283879
PyTorch,G:\科研\图像融合\培育期Jittor_SIBA\logs\pytorch_msrs_roadscene_60e_20260727_siba_official_protocol\train.log,18,2,3,60,3,0.0001,0.1998,0:37:52.324013
PyTorch,G:\科研\图像融合\培育期Jittor_SIBA\logs\pytorch_msrs_roadscene_60e_20260727_siba_official_protocol\train.log,19,2,3,60,4,0.0001,0.2257,0:27:11.987023
PyTorch,G:\科研\图像融合\培育期Jittor_SIBA\logs\pytorch_msrs_roadscene_60e_20260727_siba_official_protocol\train.log,20,2,3,60,5,0.0001,0.1505,0:36:56.621307
PyTorch,G:\科研\图像融合\培育期Jittor_SIBA\logs\pytorch_msrs_roadscene_60e_20260727_siba_official_protocol\train.log,21,2,3,60,6,0.0001,0.1197,0:37:09.777529
PyTorch,G:\科研\图像融合\培育期Jittor_SIBA\logs\pytorch_msrs_roadscene_60e_20260727_siba_official_protocol\train.log,22,3,4,60,0,0.0001,0.2698,0:37:36.758718
PyTorch,G:\科研\图像融合\培育期Jittor_SIBA\logs\pytorch_msrs_roadscene_60e_20260727_siba_official_protocol\train.log,23,3,4,60,1,0.0001,0.1619,0:30:24.824422
PyTorch,G:\科研\图像融合\培育期Jittor_SIBA\logs\pytorch_msrs_roadscene_60e_20260727_siba_official_protocol\train.log,24,3,4,60,2,0.0001,0.0661,0:33:11.372824
PyTorch,G:\科研\图像融合\培育期Jittor_SIBA\logs\pytorch_msrs_roadscene_60e_20260727_siba_official_protocol\train.log,25,3,4,60,3,0.0001,0.1008,0:36:36.237899
PyTorch,G:\科研\图像融合\培育期Jittor_SIBA\logs\pytorch_msrs_roadscene_60e_20260727_siba_official_protocol\train.log,26,3,4,60,4,0.0001,0.2271,0:33:41.397117
PyTorch,G:\科研\图像融合\培育期Jittor_SIBA\logs\pytorch_msrs_roadscene_60e_20260727_siba_official_protocol\train.log,27,3,4,60,5,0.0001,0.1321,0:36:25.000265
PyTorch,G:\科研\图像融合\培育期Jittor_SIBA\logs\pytorch_msrs_roadscene_60e_20260727_siba_official_protocol\train.log,28,3,4,60,6,0.0001,0.1083,0:33:27.382513
PyTorch,G:\科研\图像融合\培育期Jittor_SIBA\logs\pytorch_msrs_roadscene_60e_20260727_siba_official_protocol\train.log,29,4,5,60,0,0.0001,0.1446,0:30:04.729877
PyTorch,G:\科研\图像融合\培育期Jittor_SIBA\logs\pytorch_msrs_roadscene_60e_20260727_siba_official_protocol\train.log,30,4,5,60,1,0.0001,0.1453,0:30:28.545991
PyTorch,G:\科研\图像融合\培育期Jittor_SIBA\logs\pytorch_msrs_roadscene_60e_20260727_siba_official_protocol\train.log,31,4,5,60,2,0.0001,0.1511,0:33:18.075709
PyTorch,G:\科研\图像融合\培育期Jittor_SIBA\logs\pytorch_msrs_roadscene_60e_20260727_siba_official_protocol\train.log,32,4,5,60,3,0.0001,0.1215,0:33:08.083948
PyTorch,G:\科研\图像融合\培育期Jittor_SIBA\logs\pytorch_msrs_roadscene_60e_20260727_siba_official_protocol\train.log,33,4,5,60,4,0.0001,0.1814,0:33:09.928551
PyTorch,G:\科研\图像融合\培育期Jittor_SIBA\logs\pytorch_msrs_roadscene_60e_20260727_siba_official_protocol\train.log,34,4,5,60,5,0.0001,0.1895,0:32:49.628340
PyTorch,G:\科研\图像融合\培育期Jittor_SIBA\logs\pytorch_msrs_roadscene_60e_20260727_siba_official_protocol\train.log,35,4,5,60,6,0.0001,0.1436,0:35:41.131625
PyTorch,G:\科研\图像融合\培育期Jittor_SIBA\logs\pytorch_msrs_roadscene_60e_20260727_siba_official_protocol\train.log,36,5,6,60,0,0.0001,0.0765,0:35:20.711038
PyTorch,G:\科研\图像融合\培育期Jittor_SIBA\logs\pytorch_msrs_roadscene_60e_20260727_siba_official_protocol\train.log,37,5,6,60,1,0.0001,0.0999,0:29:35.541656
PyTorch,G:\科研\图像融合\培育期Jittor_SIBA\logs\pytorch_msrs_roadscene_60e_20260727_siba_official_protocol\train.log,38,5,6,60,2,0.0001,0.244,0:36:19.562734
PyTorch,G:\科研\图像融合\培育期Jittor_SIBA\logs\pytorch_msrs_roadscene_60e_20260727_siba_official_protocol\train.log,39,5,6,60,3,0.0001,0.1148,0:35:25.718397
PyTorch,G:\科研\图像融合\培育期Jittor_SIBA\logs\pytorch_msrs_roadscene_60e_20260727_siba_official_protocol\train.log,40,5,6,60,4,0.0001,0.1472,0:34:40.323727
PyTorch,G:\科研\图像融合\培育期Jittor_SIBA\logs\pytorch_msrs_roadscene_60e_20260727_siba_official_protocol\train.log,41,5,6,60,5,0.0001,0.1959,0:35:13.828034
PyTorch,G:\科研\图像融合\培育期Jittor_SIBA\logs\pytorch_msrs_roadscene_60e_20260727_siba_official_protocol\train.log,42,5,6,60,6,0.0001,0.1108,0:34:47.116442
PyTorch,G:\科研\图像融合\培育期Jittor_SIBA\logs\pytorch_msrs_roadscene_60e_20260727_siba_official_protocol\train.log,43,6,7,60,0,0.0001,0.0862,0:31:20.048897
PyTorch,G:\科研\图像融合\培育期Jittor_SIBA\logs\pytorch_msrs_roadscene_60e_20260727_siba_official_protocol\train.log,44,6,7,60,1,0.0001,0.2082,0:35:54.409418
PyTorch,G:\科研\图像融合\培育期Jittor_SIBA\logs\pytorch_msrs_roadscene_60e_20260727_siba_official_protocol\train.log,45,6,7,60,2,0.0001,0.1135,0:35:36.179032
PyTorch,G:\科研\图像融合\培育期Jittor_SIBA\logs\pytorch_msrs_roadscene_60e_20260727_siba_official_protocol\train.log,46,6,7,60,3,0.0001,0.1225,0:33:15.043167
PyTorch,G:\科研\图像融合\培育期Jittor_SIBA\logs\pytorch_msrs_roadscene_60e_20260727_siba_official_protocol\train.log,47,6,7,60,4,0.0001,0.1513,0:32:10.846319
PyTorch,G:\科研\图像融合\培育期Jittor_SIBA\logs\pytorch_msrs_roadscene_60e_20260727_siba_official_protocol\train.log,48,6,7,60,5,0.0001,0.2215,0:34:35.050485
PyTorch,G:\科研\图像融合\培育期Jittor_SIBA\logs\pytorch_msrs_roadscene_60e_20260727_siba_official_protocol\train.log,49,6,7,60,6,0.0001,0.0619,0:31:19.517332
PyTorch,G:\科研\图像融合\培育期Jittor_SIBA\logs\pytorch_msrs_roadscene_60e_20260727_siba_official_protocol\train.log,50,7,8,60,0,0.0001,0.0987,0:34:34.247092
PyTorch,G:\科研\图像融合\培育期Jittor_SIBA\logs\pytorch_msrs_roadscene_60e_20260727_siba_official_protocol\train.log,51,7,8,60,1,0.0001,0.1024,0:34:54.293346
PyTorch,G:\科研\图像融合\培育期Jittor_SIBA\logs\pytorch_msrs_roadscene_60e_20260727_siba_official_protocol\train.log,52,7,8,60,2,0.0001,0.0922,0:31:03.375891
PyTorch,G:\科研\图像融合\培育期Jittor_SIBA\logs\pytorch_msrs_roadscene_60e_20260727_siba_official_protocol\train.log,53,7,8,60,3,0.0001,0.1357,0:32:04.839880
PyTorch,G:\科研\图像融合\培育期Jittor_SIBA\logs\pytorch_msrs_roadscene_60e_20260727_siba_official_protocol\train.log,54,7,8,60,4,0.0001,0.1014,0:31:40.516971
PyTorch,G:\科研\图像融合\培育期Jittor_SIBA\logs\pytorch_msrs_roadscene_60e_20260727_siba_official_protocol\train.log,55,7,8,60,5,0.0001,0.1979,0:34:39.488473
PyTorch,G:\科研\图像融合\培育期Jittor_SIBA\logs\pytorch_msrs_roadscene_60e_20260727_siba_official_protocol\train.log,56,7,8,60,6,0.0001,0.1402,0:27:38.519506
PyTorch,G:\科研\图像融合\培育期Jittor_SIBA\logs\pytorch_msrs_roadscene_60e_20260727_siba_official_protocol\train.log,57,8,9,60,0,0.0001,0.1078,0:33:23.861884
PyTorch,G:\科研\图像融合\培育期Jittor_SIBA\logs\pytorch_msrs_roadscene_60e_20260727_siba_official_protocol\train.log,58,8,9,60,1,0.0001,0.0896,0:30:42.037473
PyTorch,G:\科研\图像融合\培育期Jittor_SIBA\logs\pytorch_msrs_roadscene_60e_20260727_siba_official_protocol\train.log,59,8,9,60,2,0.0001,0.1742,0:33:05.424763
PyTorch,G:\科研\图像融合\培育期Jittor_SIBA\logs\pytorch_msrs_roadscene_60e_20260727_siba_official_protocol\train.log,60,8,9,60,3,0.0001,0.0929,0:27:14.230355
PyTorch,G:\科研\图像融合\培育期Jittor_SIBA\logs\pytorch_msrs_roadscene_60e_20260727_siba_official_protocol\train.log,61,8,9,60,4,0.0001,0.1252,0:33:29.444263
PyTorch,G:\科研\图像融合\培育期Jittor_SIBA\logs\pytorch_msrs_roadscene_60e_20260727_siba_official_protocol\train.log,62,8,9,60,5,0.0001,0.1423,0:33:13.234362
PyTorch,G:\科研\图像融合\培育期Jittor_SIBA\logs\pytorch_msrs_roadscene_60e_20260727_siba_official_protocol\train.log,63,8,9,60,6,0.0001,0.1586,0:30:42.946312
PyTorch,G:\科研\图像融合\培育期Jittor_SIBA\logs\pytorch_msrs_roadscene_60e_20260727_siba_official_protocol\train.log,64,9,10,60,0,0.0001,0.1445,0:33:26.195968
PyTorch,G:\科研\图像融合\培育期Jittor_SIBA\logs\pytorch_msrs_roadscene_60e_20260727_siba_official_protocol\train.log,65,9,10,60,1,0.0001,0.129,0:33:01.721534
PyTorch,G:\科研\图像融合\培育期Jittor_SIBA\logs\pytorch_msrs_roadscene_60e_20260727_siba_official_protocol\train.log,66,9,10,60,2,0.0001,0.1133,0:27:19.077754
PyTorch,G:\科研\图像融合\培育期Jittor_SIBA\logs\pytorch_msrs_roadscene_60e_20260727_siba_official_protocol\train.log,67,9,10,60,3,0.0001,0.1415,0:33:33.675332
PyTorch,G:\科研\图像融合\培育期Jittor_SIBA\logs\pytorch_msrs_roadscene_60e_20260727_siba_official_protocol\train.log,68,9,10,60,4,0.0001,0.1571,0:33:25.679394
PyTorch,G:\科研\图像融合\培育期Jittor_SIBA\logs\pytorch_msrs_roadscene_60e_20260727_siba_official_protocol\train.log,69,9,10,60,5,0.0001,0.0995,0:31:53.951341
PyTorch,G:\科研\图像融合\培育期Jittor_SIBA\logs\pytorch_msrs_roadscene_60e_20260727_siba_official_protocol\train.log,70,9,10,60,6,0.0001,0.0864,0:29:15.037508
PyTorch,G:\科研\图像融合\培育期Jittor_SIBA\logs\pytorch_msrs_roadscene_60e_20260727_siba_official_protocol\train.log,71,10,11,60,0,0.0001,0.0935,0:32:06.403785
PyTorch,G:\科研\图像融合\培育期Jittor_SIBA\logs\pytorch_msrs_roadscene_60e_20260727_siba_official_protocol\train.log,72,10,11,60,1,0.0001,0.1001,0:29:22.527466
PyTorch,G:\科研\图像融合\培育期Jittor_SIBA\logs\pytorch_msrs_roadscene_60e_20260727_siba_official_protocol\train.log,73,10,11,60,2,0.0001,0.0963,0:32:44.118767
PyTorch,G:\科研\图像融合\培育期Jittor_SIBA\logs\pytorch_msrs_roadscene_60e_20260727_siba_official_protocol\train.log,74,10,11,60,3,0.0001,0.0941,0:29:36.978636
PyTorch,G:\科研\图像融合\培育期Jittor_SIBA\logs\pytorch_msrs_roadscene_60e_20260727_siba_official_protocol\train.log,75,10,11,60,4,0.0001,0.0594,0:26:16.314497
PyTorch,G:\科研\图像融合\培育期Jittor_SIBA\logs\pytorch_msrs_roadscene_60e_20260727_siba_official_protocol\train.log,76,10,11,60,5,0.0001,0.1567,0:32:13.415937
PyTorch,G:\科研\图像融合\培育期Jittor_SIBA\logs\pytorch_msrs_roadscene_60e_20260727_siba_official_protocol\train.log,77,10,11,60,6,0.0001,0.2425,0:29:12.948582
PyTorch,G:\科研\图像融合\培育期Jittor_SIBA\logs\pytorch_msrs_roadscene_60e_20260727_siba_official_protocol\train.log,78,11,12,60,0,0.0001,0.1089,0:31:57.527638
PyTorch,G:\科研\图像融合\培育期Jittor_SIBA\logs\pytorch_msrs_roadscene_60e_20260727_siba_official_protocol\train.log,79,11,12,60,1,0.0001,0.122,0:28:57.704645
PyTorch,G:\科研\图像融合\培育期Jittor_SIBA\logs\pytorch_msrs_roadscene_60e_20260727_siba_official_protocol\train.log,80,11,12,60,2,0.0001,0.1124,0:31:29.328660
PyTorch,G:\科研\图像融合\培育期Jittor_SIBA\logs\pytorch_msrs_roadscene_60e_20260727_siba_official_protocol\train.log,81,11,12,60,3,0.0001,0.1147,0:28:55.127438
PyTorch,G:\科研\图像融合\培育期Jittor_SIBA\logs\pytorch_msrs_roadscene_60e_20260727_siba_official_protocol\train.log,82,11,12,60,4,0.0001,0.1184,0:31:15.981235
PyTorch,G:\科研\图像融合\培育期Jittor_SIBA\logs\pytorch_msrs_roadscene_60e_20260727_siba_official_protocol\train.log,83,11,12,60,5,0.0001,0.0943,0:31:12.535392
PyTorch,G:\科研\图像融合\培育期Jittor_SIBA\logs\pytorch_msrs_roadscene_60e_20260727_siba_official_protocol\train.log,84,11,12,60,6,0.0001,0.1504,0:28:57.895329
PyTorch,G:\科研\图像融合\培育期Jittor_SIBA\logs\pytorch_msrs_roadscene_60e_20260727_siba_official_protocol\train.log,85,12,13,60,0,0.0001,0.1392,0:28:11.535450
PyTorch,G:\科研\图像融合\培育期Jittor_SIBA\logs\pytorch_msrs_roadscene_60e_20260727_siba_official_protocol\train.log,86,12,13,60,1,0.0001,0.0599,0:30:24.481645
PyTorch,G:\科研\图像融合\培育期Jittor_SIBA\logs\pytorch_msrs_roadscene_60e_20260727_siba_official_protocol\train.log,87,12,13,60,2,0.0001,0.0897,0:30:36.852407
PyTorch,G:\科研\图像融合\培育期Jittor_SIBA\logs\pytorch_msrs_roadscene_60e_20260727_siba_official_protocol\train.log,88,12,13,60,3,0.0001,0.1346,0:30:45.622188
PyTorch,G:\科研\图像融合\培育期Jittor_SIBA\logs\pytorch_msrs_roadscene_60e_20260727_siba_official_protocol\train.log,89,12,13,60,4,0.0001,0.1125,0:30:18.268530
PyTorch,G:\科研\图像融合\培育期Jittor_SIBA\logs\pytorch_msrs_roadscene_60e_20260727_siba_official_protocol\train.log,90,12,13,60,5,0.0001,0.1125,0:28:12.133959
PyTorch,G:\科研\图像融合\培育期Jittor_SIBA\logs\pytorch_msrs_roadscene_60e_20260727_siba_official_protocol\train.log,91,12,13,60,6,0.0001,0.0817,0:27:29.354164
PyTorch,G:\科研\图像融合\培育期Jittor_SIBA\logs\pytorch_msrs_roadscene_60e_20260727_siba_official_protocol\train.log,92,13,14,60,0,0.0001,0.1405,0:28:24.516793
PyTorch,G:\科研\图像融合\培育期Jittor_SIBA\logs\pytorch_msrs_roadscene_60e_20260727_siba_official_protocol\train.log,93,13,14,60,1,0.0001,0.0971,0:27:20.143893
PyTorch,G:\科研\图像融合\培育期Jittor_SIBA\logs\pytorch_msrs_roadscene_60e_20260727_siba_official_protocol\train.log,94,13,14,60,2,0.0001,0.1724,0:30:38.222063
PyTorch,G:\科研\图像融合\培育期Jittor_SIBA\logs\pytorch_msrs_roadscene_60e_20260727_siba_official_protocol\train.log,95,13,14,60,3,0.0001,0.0674,0:27:08.802032
PyTorch,G:\科研\图像融合\培育期Jittor_SIBA\logs\pytorch_msrs_roadscene_60e_20260727_siba_official_protocol\train.log,96,13,14,60,4,0.0001,0.0645,0:26:51.654726
PyTorch,G:\科研\图像融合\培育期Jittor_SIBA\logs\pytorch_msrs_roadscene_60e_20260727_siba_official_protocol\train.log,97,13,14,60,5,0.0001,0.1956,0:30:48.484045
PyTorch,G:\科研\图像融合\培育期Jittor_SIBA\logs\pytorch_msrs_roadscene_60e_20260727_siba_official_protocol\train.log,98,13,14,60,6,0.0001,0.1045,0:27:20.881961
PyTorch,G:\科研\图像融合\培育期Jittor_SIBA\logs\pytorch_msrs_roadscene_60e_20260727_siba_official_protocol\train.log,99,14,15,60,0,0.0001,0.2225,0:30:42.993457
PyTorch,G:\科研\图像融合\培育期Jittor_SIBA\logs\pytorch_msrs_roadscene_60e_20260727_siba_official_protocol\train.log,100,14,15,60,1,0.0001,0.0883,0:29:37.735172
PyTorch,G:\科研\图像融合\培育期Jittor_SIBA\logs\pytorch_msrs_roadscene_60e_20260727_siba_official_protocol\train.log,101,14,15,60,2,0.0001,0.122,0:27:24.396102
PyTorch,G:\科研\图像融合\培育期Jittor_SIBA\logs\pytorch_msrs_roadscene_60e_20260727_siba_official_protocol\train.log,102,14,15,60,3,0.0001,0.1917,0:26:58.585510
PyTorch,G:\科研\图像融合\培育期Jittor_SIBA\logs\pytorch_msrs_roadscene_60e_20260727_siba_official_protocol\train.log,103,14,15,60,4,0.0001,0.1253,0:29:42.733203
PyTorch,G:\科研\图像融合\培育期Jittor_SIBA\logs\pytorch_msrs_roadscene_60e_20260727_siba_official_protocol\train.log,104,14,15,60,5,0.0001,0.1294,0:29:17.772649
PyTorch,G:\科研\图像融合\培育期Jittor_SIBA\logs\pytorch_msrs_roadscene_60e_20260727_siba_official_protocol\train.log,105,14,15,60,6,0.0001,0.1431,0:29:25.175899
PyTorch,G:\科研\图像融合\培育期Jittor_SIBA\logs\pytorch_msrs_roadscene_60e_20260727_siba_official_protocol\train.log,106,15,16,60,0,0.0001,0.1142,0:29:48.463765
PyTorch,G:\科研\图像融合\培育期Jittor_SIBA\logs\pytorch_msrs_roadscene_60e_20260727_siba_official_protocol\train.log,107,15,16,60,1,0.0001,0.1712,0:26:55.078129
PyTorch,G:\科研\图像融合\培育期Jittor_SIBA\logs\pytorch_msrs_roadscene_60e_20260727_siba_official_protocol\train.log,108,15,16,60,2,0.0001,0.0831,0:26:50.614009
PyTorch,G:\科研\图像融合\培育期Jittor_SIBA\logs\pytorch_msrs_roadscene_60e_20260727_siba_official_protocol\train.log,109,15,16,60,3,0.0001,0.1224,0:23:47.804765
PyTorch,G:\科研\图像融合\培育期Jittor_SIBA\logs\pytorch_msrs_roadscene_60e_20260727_siba_official_protocol\train.log,110,15,16,60,4,0.0001,0.1595,0:26:17.592424
PyTorch,G:\科研\图像融合\培育期Jittor_SIBA\logs\pytorch_msrs_roadscene_60e_20260727_siba_official_protocol\train.log,111,15,16,60,5,0.0001,0.2201,0:29:11.510320
PyTorch,G:\科研\图像融合\培育期Jittor_SIBA\logs\pytorch_msrs_roadscene_60e_20260727_siba_official_protocol\train.log,112,15,16,60,6,0.0001,0.1306,0:28:39.609210
PyTorch,G:\科研\图像融合\培育期Jittor_SIBA\logs\pytorch_msrs_roadscene_60e_20260727_siba_official_protocol\train.log,113,16,17,60,0,0.0001,0.1375,0:28:38.116977
PyTorch,G:\科研\图像融合\培育期Jittor_SIBA\logs\pytorch_msrs_roadscene_60e_20260727_siba_official_protocol\train.log,114,16,17,60,1,0.0001,0.066,0:28:19.589155
PyTorch,G:\科研\图像融合\培育期Jittor_SIBA\logs\pytorch_msrs_roadscene_60e_20260727_siba_official_protocol\train.log,115,16,17,60,2,0.0001,0.0913,0:25:59.068892
PyTorch,G:\科研\图像融合\培育期Jittor_SIBA\logs\pytorch_msrs_roadscene_60e_20260727_siba_official_protocol\train.log,116,16,17,60,3,0.0001,0.1091,0:23:00.557120
PyTorch,G:\科研\图像融合\培育期Jittor_SIBA\logs\pytorch_msrs_roadscene_60e_20260727_siba_official_protocol\train.log,117,16,17,60,4,0.0001,0.1845,0:29:20.033352
PyTorch,G:\科研\图像融合\培育期Jittor_SIBA\logs\pytorch_msrs_roadscene_60e_20260727_siba_official_protocol\train.log,118,16,17,60,5,0.0001,0.0694,0:25:25.371130
PyTorch,G:\科研\图像融合\培育期Jittor_SIBA\logs\pytorch_msrs_roadscene_60e_20260727_siba_official_protocol\train.log,119,16,17,60,6,0.0001,0.1141,0:28:23.696045
PyTorch,G:\科研\图像融合\培育期Jittor_SIBA\logs\pytorch_msrs_roadscene_60e_20260727_siba_official_protocol\train.log,120,17,18,60,0,0.0001,0.0813,0:27:42.703259
PyTorch,G:\科研\图像融合\培育期Jittor_SIBA\logs\pytorch_msrs_roadscene_60e_20260727_siba_official_protocol\train.log,121,17,18,60,1,0.0001,0.1235,0:28:10.273337
PyTorch,G:\科研\图像融合\培育期Jittor_SIBA\logs\pytorch_msrs_roadscene_60e_20260727_siba_official_protocol\train.log,122,17,18,60,2,0.0001,0.109,0:27:27.014543
PyTorch,G:\科研\图像融合\培育期Jittor_SIBA\logs\pytorch_msrs_roadscene_60e_20260727_siba_official_protocol\train.log,123,17,18,60,3,0.0001,0.1007,0:25:10.109616
PyTorch,G:\科研\图像融合\培育期Jittor_SIBA\logs\pytorch_msrs_roadscene_60e_20260727_siba_official_protocol\train.log,124,17,18,60,4,0.0001,0.1149,0:25:08.921949
PyTorch,G:\科研\图像融合\培育期Jittor_SIBA\logs\pytorch_msrs_roadscene_60e_20260727_siba_official_protocol\train.log,125,17,18,60,5,0.0001,0.1387,0:25:19.745366
PyTorch,G:\科研\图像融合\培育期Jittor_SIBA\logs\pytorch_msrs_roadscene_60e_20260727_siba_official_protocol\train.log,126,17,18,60,6,0.0001,0.1177,0:25:06.112811
PyTorch,G:\科研\图像融合\培育期Jittor_SIBA\logs\pytorch_msrs_roadscene_60e_20260727_siba_official_protocol\train.log,127,18,19,60,0,0.0001,0.1507,0:22:49.024548
PyTorch,G:\科研\图像融合\培育期Jittor_SIBA\logs\pytorch_msrs_roadscene_60e_20260727_siba_official_protocol\train.log,128,18,19,60,1,0.0001,0.1018,0:24:42.754578
PyTorch,G:\科研\图像融合\培育期Jittor_SIBA\logs\pytorch_msrs_roadscene_60e_20260727_siba_official_protocol\train.log,129,18,19,60,2,0.0001,0.1086,0:24:38.406012
PyTorch,G:\科研\图像融合\培育期Jittor_SIBA\logs\pytorch_msrs_roadscene_60e_20260727_siba_official_protocol\train.log,130,18,19,60,3,0.0001,0.0759,0:24:28.775405
PyTorch,G:\科研\图像融合\培育期Jittor_SIBA\logs\pytorch_msrs_roadscene_60e_20260727_siba_official_protocol\train.log,131,18,19,60,4,0.0001,0.056,0:27:16.135766
PyTorch,G:\科研\图像融合\培育期Jittor_SIBA\logs\pytorch_msrs_roadscene_60e_20260727_siba_official_protocol\train.log,132,18,19,60,5,0.0001,0.081,0:24:24.159485
PyTorch,G:\科研\图像融合\培育期Jittor_SIBA\logs\pytorch_msrs_roadscene_60e_20260727_siba_official_protocol\train.log,133,18,19,60,6,0.0001,0.046,0:26:30.468713
PyTorch,G:\科研\图像融合\培育期Jittor_SIBA\logs\pytorch_msrs_roadscene_60e_20260727_siba_official_protocol\train.log,134,19,20,60,0,0.0001,0.0712,0:24:30.674375
PyTorch,G:\科研\图像融合\培育期Jittor_SIBA\logs\pytorch_msrs_roadscene_60e_20260727_siba_official_protocol\train.log,135,19,20,60,1,0.0001,0.0603,0:23:56.078723
PyTorch,G:\科研\图像融合\培育期Jittor_SIBA\logs\pytorch_msrs_roadscene_60e_20260727_siba_official_protocol\train.log,136,19,20,60,2,0.0001,0.0396,0:26:39.395665
PyTorch,G:\科研\图像融合\培育期Jittor_SIBA\logs\pytorch_msrs_roadscene_60e_20260727_siba_official_protocol\train.log,137,19,20,60,3,0.0001,0.052,0:26:07.885581
PyTorch,G:\科研\图像融合\培育期Jittor_SIBA\logs\pytorch_msrs_roadscene_60e_20260727_siba_official_protocol\train.log,138,19,20,60,4,0.0001,0.0592,0:23:00.781048
PyTorch,G:\科研\图像融合\培育期Jittor_SIBA\logs\pytorch_msrs_roadscene_60e_20260727_siba_official_protocol\train.log,139,19,20,60,5,0.0001,0.0571,0:24:02.762780
PyTorch,G:\科研\图像融合\培育期Jittor_SIBA\logs\pytorch_msrs_roadscene_60e_20260727_siba_official_protocol\train.log,140,19,20,60,6,0.0001,0.0591,0:24:37.166143
PyTorch,G:\科研\图像融合\培育期Jittor_SIBA\logs\pytorch_msrs_roadscene_60e_20260727_siba_official_protocol\train.log,141,20,21,60,0,0.0001,0.0587,0:24:34.273539
PyTorch,G:\科研\图像融合\培育期Jittor_SIBA\logs\pytorch_msrs_roadscene_60e_20260727_siba_official_protocol\train.log,142,20,21,60,1,0.0001,0.0311,0:25:50.316799
PyTorch,G:\科研\图像融合\培育期Jittor_SIBA\logs\pytorch_msrs_roadscene_60e_20260727_siba_official_protocol\train.log,143,20,21,60,2,0.0001,0.0671,0:19:30.819554
PyTorch,G:\科研\图像融合\培育期Jittor_SIBA\logs\pytorch_msrs_roadscene_60e_20260727_siba_official_protocol\train.log,144,20,21,60,3,0.0001,0.0385,0:26:12.223635
PyTorch,G:\科研\图像融合\培育期Jittor_SIBA\logs\pytorch_msrs_roadscene_60e_20260727_siba_official_protocol\train.log,145,20,21,60,4,0.0001,0.0674,0:23:10.567436
PyTorch,G:\科研\图像融合\培育期Jittor_SIBA\logs\pytorch_msrs_roadscene_60e_20260727_siba_official_protocol\train.log,146,20,21,60,5,0.0001,0.0505,0:29:25.203786
PyTorch,G:\科研\图像融合\培育期Jittor_SIBA\logs\pytorch_msrs_roadscene_60e_20260727_siba_official_protocol\train.log,147,20,21,60,6,0.0001,0.0354,0:25:58.396153
PyTorch,G:\科研\图像融合\培育期Jittor_SIBA\logs\pytorch_msrs_roadscene_60e_20260727_siba_official_protocol\train.log,148,21,22,60,0,0.0001,0.1419,0:18:29.704735
PyTorch,G:\科研\图像融合\培育期Jittor_SIBA\logs\pytorch_msrs_roadscene_60e_20260727_siba_official_protocol\train.log,149,21,22,60,1,0.0001,0.0815,0:23:01.045300
PyTorch,G:\科研\图像融合\培育期Jittor_SIBA\logs\pytorch_msrs_roadscene_60e_20260727_siba_official_protocol\train.log,150,21,22,60,2,0.0001,0.0652,0:25:30.203629
PyTorch,G:\科研\图像融合\培育期Jittor_SIBA\logs\pytorch_msrs_roadscene_60e_20260727_siba_official_protocol\train.log,151,21,22,60,3,0.0001,0.0459,0:25:16.331259
PyTorch,G:\科研\图像融合\培育期Jittor_SIBA\logs\pytorch_msrs_roadscene_60e_20260727_siba_official_protocol\train.log,152,21,22,60,4,0.0001,0.0443,0:25:06.885735
PyTorch,G:\科研\图像融合\培育期Jittor_SIBA\logs\pytorch_msrs_roadscene_60e_20260727_siba_official_protocol\train.log,153,21,22,60,5,0.0001,0.0211,0:24:05.832247
PyTorch,G:\科研\图像融合\培育期Jittor_SIBA\logs\pytorch_msrs_roadscene_60e_20260727_siba_official_protocol\train.log,154,21,22,60,6,0.0001,0.0426,0:20:29.685916
PyTorch,G:\科研\图像融合\培育期Jittor_SIBA\logs\pytorch_msrs_roadscene_60e_20260727_siba_official_protocol\train.log,155,22,23,60,0,0.0001,0.0515,0:24:30.703457
PyTorch,G:\科研\图像融合\培育期Jittor_SIBA\logs\pytorch_msrs_roadscene_60e_20260727_siba_official_protocol\train.log,156,22,23,60,1,0.0001,0.0437,0:24:51.213874
PyTorch,G:\科研\图像融合\培育期Jittor_SIBA\logs\pytorch_msrs_roadscene_60e_20260727_siba_official_protocol\train.log,157,22,23,60,2,0.0001,0.0587,0:24:46.397231
PyTorch,G:\科研\图像融合\培育期Jittor_SIBA\logs\pytorch_msrs_roadscene_60e_20260727_siba_official_protocol\train.log,158,22,23,60,3,0.0001,0.0684,0:22:02.736603
PyTorch,G:\科研\图像融合\培育期Jittor_SIBA\logs\pytorch_msrs_roadscene_60e_20260727_siba_official_protocol\train.log,159,22,23,60,4,0.0001,0.0447,0:21:53.585659
PyTorch,G:\科研\图像融合\培育期Jittor_SIBA\logs\pytorch_msrs_roadscene_60e_20260727_siba_official_protocol\train.log,160,22,23,60,5,0.0001,0.0705,0:21:52.620847
PyTorch,G:\科研\图像融合\培育期Jittor_SIBA\logs\pytorch_msrs_roadscene_60e_20260727_siba_official_protocol\train.log,161,22,23,60,6,0.0001,0.0679,0:22:10.961779
PyTorch,G:\科研\图像融合\培育期Jittor_SIBA\logs\pytorch_msrs_roadscene_60e_20260727_siba_official_protocol\train.log,162,23,24,60,0,0.0001,0.0387,0:24:06.453718
PyTorch,G:\科研\图像融合\培育期Jittor_SIBA\logs\pytorch_msrs_roadscene_60e_20260727_siba_official_protocol\train.log,163,23,24,60,1,0.0001,0.0447,0:24:22.553234
PyTorch,G:\科研\图像融合\培育期Jittor_SIBA\logs\pytorch_msrs_roadscene_60e_20260727_siba_official_protocol\train.log,164,23,24,60,2,0.0001,0.0356,0:24:29.522118
PyTorch,G:\科研\图像融合\培育期Jittor_SIBA\logs\pytorch_msrs_roadscene_60e_20260727_siba_official_protocol\train.log,165,23,24,60,3,0.0001,0.0694,0:21:53.306437
PyTorch,G:\科研\图像融合\培育期Jittor_SIBA\logs\pytorch_msrs_roadscene_60e_20260727_siba_official_protocol\train.log,166,23,24,60,4,0.0001,0.073,0:19:21.078502
PyTorch,G:\科研\图像融合\培育期Jittor_SIBA\logs\pytorch_msrs_roadscene_60e_20260727_siba_official_protocol\train.log,167,23,24,60,5,0.0001,0.0505,0:21:19.093524
PyTorch,G:\科研\图像融合\培育期Jittor_SIBA\logs\pytorch_msrs_roadscene_60e_20260727_siba_official_protocol\train.log,168,23,24,60,6,0.0001,0.0603,0:23:39.258305
PyTorch,G:\科研\图像融合\培育期Jittor_SIBA\logs\pytorch_msrs_roadscene_60e_20260727_siba_official_protocol\train.log,169,24,25,60,0,0.0001,0.0588,0:16:55.931314
PyTorch,G:\科研\图像融合\培育期Jittor_SIBA\logs\pytorch_msrs_roadscene_60e_20260727_siba_official_protocol\train.log,170,24,25,60,1,0.0001,0.0471,0:21:03.280400
PyTorch,G:\科研\图像融合\培育期Jittor_SIBA\logs\pytorch_msrs_roadscene_60e_20260727_siba_official_protocol\train.log,171,24,25,60,2,0.0001,0.0399,0:21:09.773056
PyTorch,G:\科研\图像融合\培育期Jittor_SIBA\logs\pytorch_msrs_roadscene_60e_20260727_siba_official_protocol\train.log,172,24,25,60,3,0.0001,0.0312,0:23:08.551296
PyTorch,G:\科研\图像融合\培育期Jittor_SIBA\logs\pytorch_msrs_roadscene_60e_20260727_siba_official_protocol\train.log,173,24,25,60,4,0.0001,0.0611,0:18:26.723628
PyTorch,G:\科研\图像融合\培育期Jittor_SIBA\logs\pytorch_msrs_roadscene_60e_20260727_siba_official_protocol\train.log,174,24,25,60,5,0.0001,0.0228,0:22:57.361308
PyTorch,G:\科研\图像融合\培育期Jittor_SIBA\logs\pytorch_msrs_roadscene_60e_20260727_siba_official_protocol\train.log,175,24,25,60,6,0.0001,0.0342,0:22:36.976959
PyTorch,G:\科研\图像融合\培育期Jittor_SIBA\logs\pytorch_msrs_roadscene_60e_20260727_siba_official_protocol\train.log,176,25,26,60,0,5e-05,0.0482,0:20:57.626106
PyTorch,G:\科研\图像融合\培育期Jittor_SIBA\logs\pytorch_msrs_roadscene_60e_20260727_siba_official_protocol\train.log,177,25,26,60,1,5e-05,0.0618,0:21:10.880179
PyTorch,G:\科研\图像融合\培育期Jittor_SIBA\logs\pytorch_msrs_roadscene_60e_20260727_siba_official_protocol\train.log,178,25,26,60,2,5e-05,0.0955,0:18:22.850572
PyTorch,G:\科研\图像融合\培育期Jittor_SIBA\logs\pytorch_msrs_roadscene_60e_20260727_siba_official_protocol\train.log,179,25,26,60,3,5e-05,0.0445,0:20:26.968231
PyTorch,G:\科研\图像融合\培育期Jittor_SIBA\logs\pytorch_msrs_roadscene_60e_20260727_siba_official_protocol\train.log,180,25,26,60,4,5e-05,0.0301,0:22:20.205431
PyTorch,G:\科研\图像融合\培育期Jittor_SIBA\logs\pytorch_msrs_roadscene_60e_20260727_siba_official_protocol\train.log,181,25,26,60,5,5e-05,0.045,0:22:32.162299
PyTorch,G:\科研\图像融合\培育期Jittor_SIBA\logs\pytorch_msrs_roadscene_60e_20260727_siba_official_protocol\train.log,182,25,26,60,6,5e-05,0.0492,0:22:14.825832
PyTorch,G:\科研\图像融合\培育期Jittor_SIBA\logs\pytorch_msrs_roadscene_60e_20260727_siba_official_protocol\train.log,183,26,27,60,0,5e-05,0.0575,0:19:52.357852
PyTorch,G:\科研\图像融合\培育期Jittor_SIBA\logs\pytorch_msrs_roadscene_60e_20260727_siba_official_protocol\train.log,184,26,27,60,1,5e-05,0.0584,0:19:48.602264
PyTorch,G:\科研\图像融合\培育期Jittor_SIBA\logs\pytorch_msrs_roadscene_60e_20260727_siba_official_protocol\train.log,185,26,27,60,2,5e-05,0.0544,0:19:58.903100
PyTorch,G:\科研\图像融合\培育期Jittor_SIBA\logs\pytorch_msrs_roadscene_60e_20260727_siba_official_protocol\train.log,186,26,27,60,3,5e-05,0.0333,0:21:58.843451
PyTorch,G:\科研\图像融合\培育期Jittor_SIBA\logs\pytorch_msrs_roadscene_60e_20260727_siba_official_protocol\train.log,187,26,27,60,4,5e-05,0.0514,0:19:50.828175
PyTorch,G:\科研\图像融合\培育期Jittor_SIBA\logs\pytorch_msrs_roadscene_60e_20260727_siba_official_protocol\train.log,188,26,27,60,5,5e-05,0.0238,0:21:09.686771
PyTorch,G:\科研\图像融合\培育期Jittor_SIBA\logs\pytorch_msrs_roadscene_60e_20260727_siba_official_protocol\train.log,189,26,27,60,6,5e-05,0.0621,0:17:32.187696
PyTorch,G:\科研\图像融合\培育期Jittor_SIBA\logs\pytorch_msrs_roadscene_60e_20260727_siba_official_protocol\train.log,190,27,28,60,0,5e-05,0.0925,0:17:40.276385
PyTorch,G:\科研\图像融合\培育期Jittor_SIBA\logs\pytorch_msrs_roadscene_60e_20260727_siba_official_protocol\train.log,191,27,28,60,1,5e-05,0.0672,0:19:42.937397
PyTorch,G:\科研\图像融合\培育期Jittor_SIBA\logs\pytorch_msrs_roadscene_60e_20260727_siba_official_protocol\train.log,192,27,28,60,2,5e-05,0.0427,0:21:20.761204
PyTorch,G:\科研\图像融合\培育期Jittor_SIBA\logs\pytorch_msrs_roadscene_60e_20260727_siba_official_protocol\train.log,193,27,28,60,3,5e-05,0.0453,0:19:14.552559
PyTorch,G:\科研\图像融合\培育期Jittor_SIBA\logs\pytorch_msrs_roadscene_60e_20260727_siba_official_protocol\train.log,194,27,28,60,4,5e-05,0.0537,0:19:22.566319
PyTorch,G:\科研\图像融合\培育期Jittor_SIBA\logs\pytorch_msrs_roadscene_60e_20260727_siba_official_protocol\train.log,195,27,28,60,5,5e-05,0.0477,0:21:01.036947
PyTorch,G:\科研\图像融合\培育期Jittor_SIBA\logs\pytorch_msrs_roadscene_60e_20260727_siba_official_protocol\train.log,196,27,28,60,6,5e-05,0.0331,0:21:16.457902
PyTorch,G:\科研\图像融合\培育期Jittor_SIBA\logs\pytorch_msrs_roadscene_60e_20260727_siba_official_protocol\train.log,197,28,29,60,0,5e-05,0.0695,0:18:42.170174
PyTorch,G:\科研\图像融合\培育期Jittor_SIBA\logs\pytorch_msrs_roadscene_60e_20260727_siba_official_protocol\train.log,198,28,29,60,1,5e-05,0.0313,0:20:49.905964
PyTorch,G:\科研\图像融合\培育期Jittor_SIBA\logs\pytorch_msrs_roadscene_60e_20260727_siba_official_protocol\train.log,199,28,29,60,2,5e-05,0.0343,0:20:39.368608
PyTorch,G:\科研\图像融合\培育期Jittor_SIBA\logs\pytorch_msrs_roadscene_60e_20260727_siba_official_protocol\train.log,200,28,29,60,3,5e-05,0.0284,0:20:49.332052
PyTorch,G:\科研\图像融合\培育期Jittor_SIBA\logs\pytorch_msrs_roadscene_60e_20260727_siba_official_protocol\train.log,201,28,29,60,4,5e-05,0.0464,0:18:48.503332
PyTorch,G:\科研\图像融合\培育期Jittor_SIBA\logs\pytorch_msrs_roadscene_60e_20260727_siba_official_protocol\train.log,202,28,29,60,5,5e-05,0.0626,0:20:31.479285
PyTorch,G:\科研\图像融合\培育期Jittor_SIBA\logs\pytorch_msrs_roadscene_60e_20260727_siba_official_protocol\train.log,203,28,29,60,6,5e-05,0.0387,0:20:00.060096
PyTorch,G:\科研\图像融合\培育期Jittor_SIBA\logs\pytorch_msrs_roadscene_60e_20260727_siba_official_protocol\train.log,204,29,30,60,0,5e-05,0.0355,0:20:11.684875
PyTorch,G:\科研\图像融合\培育期Jittor_SIBA\logs\pytorch_msrs_roadscene_60e_20260727_siba_official_protocol\train.log,205,29,30,60,1,5e-05,0.0351,0:19:27.232434
PyTorch,G:\科研\图像融合\培育期Jittor_SIBA\logs\pytorch_msrs_roadscene_60e_20260727_siba_official_protocol\train.log,206,29,30,60,2,5e-05,0.0686,0:14:32.339826
PyTorch,G:\科研\图像融合\培育期Jittor_SIBA\logs\pytorch_msrs_roadscene_60e_20260727_siba_official_protocol\train.log,207,29,30,60,3,5e-05,0.0586,0:16:03.919474
PyTorch,G:\科研\图像融合\培育期Jittor_SIBA\logs\pytorch_msrs_roadscene_60e_20260727_siba_official_protocol\train.log,208,29,30,60,4,5e-05,0.043,0:18:10.651902
PyTorch,G:\科研\图像融合\培育期Jittor_SIBA\logs\pytorch_msrs_roadscene_60e_20260727_siba_official_protocol\train.log,209,29,30,60,5,5e-05,0.04,0:19:23.702568
PyTorch,G:\科研\图像融合\培育期Jittor_SIBA\logs\pytorch_msrs_roadscene_60e_20260727_siba_official_protocol\train.log,210,29,30,60,6,5e-05,0.0215,0:19:17.479224
PyTorch,G:\科研\图像融合\培育期Jittor_SIBA\logs\pytorch_msrs_roadscene_60e_20260727_siba_official_protocol\train.log,211,30,31,60,0,5e-05,0.0371,0:19:43.263052
PyTorch,G:\科研\图像融合\培育期Jittor_SIBA\logs\pytorch_msrs_roadscene_60e_20260727_siba_official_protocol\train.log,212,30,31,60,1,5e-05,0.0392,0:19:34.472208
PyTorch,G:\科研\图像融合\培育期Jittor_SIBA\logs\pytorch_msrs_roadscene_60e_20260727_siba_official_protocol\train.log,213,30,31,60,2,5e-05,0.0575,0:19:26.158879
PyTorch,G:\科研\图像融合\培育期Jittor_SIBA\logs\pytorch_msrs_roadscene_60e_20260727_siba_official_protocol\train.log,214,30,31,60,3,5e-05,0.028,0:18:58.564024
PyTorch,G:\科研\图像融合\培育期Jittor_SIBA\logs\pytorch_msrs_roadscene_60e_20260727_siba_official_protocol\train.log,215,30,31,60,4,5e-05,0.0495,0:17:37.095180
PyTorch,G:\科研\图像融合\培育期Jittor_SIBA\logs\pytorch_msrs_roadscene_60e_20260727_siba_official_protocol\train.log,216,30,31,60,5,5e-05,0.0506,0:17:17.329550
PyTorch,G:\科研\图像融合\培育期Jittor_SIBA\logs\pytorch_msrs_roadscene_60e_20260727_siba_official_protocol\train.log,217,30,31,60,6,5e-05,0.0474,0:19:16.208854
PyTorch,G:\科研\图像融合\培育期Jittor_SIBA\logs\pytorch_msrs_roadscene_60e_20260727_siba_official_protocol\train.log,218,31,32,60,0,5e-05,0.0243,0:18:46.948778
PyTorch,G:\科研\图像融合\培育期Jittor_SIBA\logs\pytorch_msrs_roadscene_60e_20260727_siba_official_protocol\train.log,219,31,32,60,1,5e-05,0.0246,0:18:53.533810
PyTorch,G:\科研\图像融合\培育期Jittor_SIBA\logs\pytorch_msrs_roadscene_60e_20260727_siba_official_protocol\train.log,220,31,32,60,2,5e-05,0.0397,0:18:37.473089
PyTorch,G:\科研\图像融合\培育期Jittor_SIBA\logs\pytorch_msrs_roadscene_60e_20260727_siba_official_protocol\train.log,221,31,32,60,3,5e-05,0.0599,0:16:58.778643
PyTorch,G:\科研\图像融合\培育期Jittor_SIBA\logs\pytorch_msrs_roadscene_60e_20260727_siba_official_protocol\train.log,222,31,32,60,4,5e-05,0.0285,0:18:37.333116
PyTorch,G:\科研\图像融合\培育期Jittor_SIBA\logs\pytorch_msrs_roadscene_60e_20260727_siba_official_protocol\train.log,223,31,32,60,5,5e-05,0.0408,0:17:02.005327
PyTorch,G:\科研\图像融合\培育期Jittor_SIBA\logs\pytorch_msrs_roadscene_60e_20260727_siba_official_protocol\train.log,224,31,32,60,6,5e-05,0.0606,0:18:29.596810
PyTorch,G:\科研\图像融合\培育期Jittor_SIBA\logs\pytorch_msrs_roadscene_60e_20260727_siba_official_protocol\train.log,225,32,33,60,0,5e-05,0.0343,0:16:20.795305
PyTorch,G:\科研\图像融合\培育期Jittor_SIBA\logs\pytorch_msrs_roadscene_60e_20260727_siba_official_protocol\train.log,226,32,33,60,1,5e-05,0.0659,0:16:50.476984
PyTorch,G:\科研\图像融合\培育期Jittor_SIBA\logs\pytorch_msrs_roadscene_60e_20260727_siba_official_protocol\train.log,227,32,33,60,2,5e-05,0.085,0:16:24.320215
PyTorch,G:\科研\图像融合\培育期Jittor_SIBA\logs\pytorch_msrs_roadscene_60e_20260727_siba_official_protocol\train.log,228,32,33,60,3,5e-05,0.0495,0:16:11.589073
PyTorch,G:\科研\图像融合\培育期Jittor_SIBA\logs\pytorch_msrs_roadscene_60e_20260727_siba_official_protocol\train.log,229,32,33,60,4,5e-05,0.0408,0:17:59.182049
PyTorch,G:\科研\图像融合\培育期Jittor_SIBA\logs\pytorch_msrs_roadscene_60e_20260727_siba_official_protocol\train.log,230,32,33,60,5,5e-05,0.0849,0:14:27.634677
PyTorch,G:\科研\图像融合\培育期Jittor_SIBA\logs\pytorch_msrs_roadscene_60e_20260727_siba_official_protocol\train.log,231,32,33,60,6,5e-05,0.0378,0:15:58.344955
PyTorch,G:\科研\图像融合\培育期Jittor_SIBA\logs\pytorch_msrs_roadscene_60e_20260727_siba_official_protocol\train.log,232,33,34,60,0,5e-05,0.0407,0:13:58.687410
PyTorch,G:\科研\图像融合\培育期Jittor_SIBA\logs\pytorch_msrs_roadscene_60e_20260727_siba_official_protocol\train.log,233,33,34,60,1,5e-05,0.0354,0:17:25.044718
PyTorch,G:\科研\图像融合\培育期Jittor_SIBA\logs\pytorch_msrs_roadscene_60e_20260727_siba_official_protocol\train.log,234,33,34,60,2,5e-05,0.0645,0:15:38.347356
PyTorch,G:\科研\图像融合\培育期Jittor_SIBA\logs\pytorch_msrs_roadscene_60e_20260727_siba_official_protocol\train.log,235,33,34,60,3,5e-05,0.0378,0:15:30.972212
PyTorch,G:\科研\图像融合\培育期Jittor_SIBA\logs\pytorch_msrs_roadscene_60e_20260727_siba_official_protocol\train.log,236,33,34,60,4,5e-05,0.0328,0:17:06.552369
PyTorch,G:\科研\图像融合\培育期Jittor_SIBA\logs\pytorch_msrs_roadscene_60e_20260727_siba_official_protocol\train.log,237,33,34,60,5,5e-05,0.0546,0:14:06.908770
PyTorch,G:\科研\图像融合\培育期Jittor_SIBA\logs\pytorch_msrs_roadscene_60e_20260727_siba_official_protocol\train.log,238,33,34,60,6,5e-05,0.0164,0:16:51.970559
PyTorch,G:\科研\图像融合\培育期Jittor_SIBA\logs\pytorch_msrs_roadscene_60e_20260727_siba_official_protocol\train.log,239,34,35,60,0,5e-05,0.0596,0:15:22.617851
PyTorch,G:\科研\图像融合\培育期Jittor_SIBA\logs\pytorch_msrs_roadscene_60e_20260727_siba_official_protocol\train.log,240,34,35,60,1,5e-05,0.0247,0:17:19.703817
PyTorch,G:\科研\图像融合\培育期Jittor_SIBA\logs\pytorch_msrs_roadscene_60e_20260727_siba_official_protocol\train.log,241,34,35,60,2,5e-05,0.0659,0:14:06.242903
PyTorch,G:\科研\图像融合\培育期Jittor_SIBA\logs\pytorch_msrs_roadscene_60e_20260727_siba_official_protocol\train.log,242,34,35,60,3,5e-05,0.0218,0:16:27.481934
PyTorch,G:\科研\图像融合\培育期Jittor_SIBA\logs\pytorch_msrs_roadscene_60e_20260727_siba_official_protocol\train.log,243,34,35,60,4,5e-05,0.0209,0:16:26.342290
PyTorch,G:\科研\图像融合\培育期Jittor_SIBA\logs\pytorch_msrs_roadscene_60e_20260727_siba_official_protocol\train.log,244,34,35,60,5,5e-05,0.0267,0:17:10.796646
PyTorch,G:\科研\图像融合\培育期Jittor_SIBA\logs\pytorch_msrs_roadscene_60e_20260727_siba_official_protocol\train.log,245,34,35,60,6,5e-05,0.0274,0:16:26.434477
PyTorch,G:\科研\图像融合\培育期Jittor_SIBA\logs\pytorch_msrs_roadscene_60e_20260727_siba_official_protocol\train.log,246,35,36,60,0,5e-05,0.0576,0:15:04.013675
PyTorch,G:\科研\图像融合\培育期Jittor_SIBA\logs\pytorch_msrs_roadscene_60e_20260727_siba_official_protocol\train.log,247,35,36,60,1,5e-05,0.0238,0:16:35.321566
PyTorch,G:\科研\图像融合\培育期Jittor_SIBA\logs\pytorch_msrs_roadscene_60e_20260727_siba_official_protocol\train.log,248,35,36,60,2,5e-05,0.0257,0:16:31.923064
PyTorch,G:\科研\图像融合\培育期Jittor_SIBA\logs\pytorch_msrs_roadscene_60e_20260727_siba_official_protocol\train.log,249,35,36,60,3,5e-05,0.0284,0:16:37.902721
PyTorch,G:\科研\图像融合\培育期Jittor_SIBA\logs\pytorch_msrs_roadscene_60e_20260727_siba_official_protocol\train.log,250,35,36,60,4,5e-05,0.0526,0:15:04.024225
PyTorch,G:\科研\图像融合\培育期Jittor_SIBA\logs\pytorch_msrs_roadscene_60e_20260727_siba_official_protocol\train.log,251,35,36,60,5,5e-05,0.0575,0:14:16.693220
PyTorch,G:\科研\图像融合\培育期Jittor_SIBA\logs\pytorch_msrs_roadscene_60e_20260727_siba_official_protocol\train.log,252,35,36,60,6,5e-05,0.0139,0:15:36.539555
PyTorch,G:\科研\图像融合\培育期Jittor_SIBA\logs\pytorch_msrs_roadscene_60e_20260727_siba_official_protocol\train.log,253,36,37,60,0,5e-05,0.0211,0:15:31.752754
PyTorch,G:\科研\图像融合\培育期Jittor_SIBA\logs\pytorch_msrs_roadscene_60e_20260727_siba_official_protocol\train.log,254,36,37,60,1,5e-05,0.0489,0:14:04.006759
PyTorch,G:\科研\图像融合\培育期Jittor_SIBA\logs\pytorch_msrs_roadscene_60e_20260727_siba_official_protocol\train.log,255,36,37,60,2,5e-05,0.0305,0:14:03.629302
PyTorch,G:\科研\图像融合\培育期Jittor_SIBA\logs\pytorch_msrs_roadscene_60e_20260727_siba_official_protocol\train.log,256,36,37,60,3,5e-05,0.0624,0:14:05.082570
PyTorch,G:\科研\图像融合\培育期Jittor_SIBA\logs\pytorch_msrs_roadscene_60e_20260727_siba_official_protocol\train.log,257,36,37,60,4,5e-05,0.0379,0:15:16.949532
PyTorch,G:\科研\图像融合\培育期Jittor_SIBA\logs\pytorch_msrs_roadscene_60e_20260727_siba_official_protocol\train.log,258,36,37,60,5,5e-05,0.0502,0:15:00.670815
PyTorch,G:\科研\图像融合\培育期Jittor_SIBA\logs\pytorch_msrs_roadscene_60e_20260727_siba_official_protocol\train.log,259,36,37,60,6,5e-05,0.0283,0:15:03.139564
PyTorch,G:\科研\图像融合\培育期Jittor_SIBA\logs\pytorch_msrs_roadscene_60e_20260727_siba_official_protocol\train.log,260,37,38,60,0,5e-05,0.0469,0:13:41.599340
PyTorch,G:\科研\图像融合\培育期Jittor_SIBA\logs\pytorch_msrs_roadscene_60e_20260727_siba_official_protocol\train.log,261,37,38,60,1,5e-05,0.0615,0:13:35.356861
PyTorch,G:\科研\图像融合\培育期Jittor_SIBA\logs\pytorch_msrs_roadscene_60e_20260727_siba_official_protocol\train.log,262,37,38,60,2,5e-05,0.0382,0:13:36.161273
PyTorch,G:\科研\图像融合\培育期Jittor_SIBA\logs\pytorch_msrs_roadscene_60e_20260727_siba_official_protocol\train.log,263,37,38,60,3,5e-05,0.0552,0:11:55.980610
PyTorch,G:\科研\图像融合\培育期Jittor_SIBA\logs\pytorch_msrs_roadscene_60e_20260727_siba_official_protocol\train.log,264,37,38,60,4,5e-05,0.03,0:14:27.245853
PyTorch,G:\科研\图像融合\培育期Jittor_SIBA\logs\pytorch_msrs_roadscene_60e_20260727_siba_official_protocol\train.log,265,37,38,60,5,5e-05,0.0391,0:14:27.690197
PyTorch,G:\科研\图像融合\培育期Jittor_SIBA\logs\pytorch_msrs_roadscene_60e_20260727_siba_official_protocol\train.log,266,37,38,60,6,5e-05,0.0453,0:12:50.775165
PyTorch,G:\科研\图像融合\培育期Jittor_SIBA\logs\pytorch_msrs_roadscene_60e_20260727_siba_official_protocol\train.log,267,38,39,60,0,5e-05,0.022,0:14:04.918675
PyTorch,G:\科研\图像融合\培育期Jittor_SIBA\logs\pytorch_msrs_roadscene_60e_20260727_siba_official_protocol\train.log,268,38,39,60,1,5e-05,0.0336,0:14:07.024652
PyTorch,G:\科研\图像融合\培育期Jittor_SIBA\logs\pytorch_msrs_roadscene_60e_20260727_siba_official_protocol\train.log,269,38,39,60,2,5e-05,0.0453,0:13:00.042697
PyTorch,G:\科研\图像融合\培育期Jittor_SIBA\logs\pytorch_msrs_roadscene_60e_20260727_siba_official_protocol\train.log,270,38,39,60,3,5e-05,0.0276,0:14:08.252197
PyTorch,G:\科研\图像融合\培育期Jittor_SIBA\logs\pytorch_msrs_roadscene_60e_20260727_siba_official_protocol\train.log,271,38,39,60,4,5e-05,0.0576,0:12:26.560609
PyTorch,G:\科研\图像融合\培育期Jittor_SIBA\logs\pytorch_msrs_roadscene_60e_20260727_siba_official_protocol\train.log,272,38,39,60,5,5e-05,0.029,0:12:33.124569
PyTorch,G:\科研\图像融合\培育期Jittor_SIBA\logs\pytorch_msrs_roadscene_60e_20260727_siba_official_protocol\train.log,273,38,39,60,6,5e-05,0.0157,0:13:35.645421
PyTorch,G:\科研\图像融合\培育期Jittor_SIBA\logs\pytorch_msrs_roadscene_60e_20260727_siba_official_protocol\train.log,274,39,40,60,0,5e-05,0.0638,0:12:26.875666
PyTorch,G:\科研\图像融合\培育期Jittor_SIBA\logs\pytorch_msrs_roadscene_60e_20260727_siba_official_protocol\train.log,275,39,40,60,1,5e-05,0.0749,0:11:01.869649
PyTorch,G:\科研\图像融合\培育期Jittor_SIBA\logs\pytorch_msrs_roadscene_60e_20260727_siba_official_protocol\train.log,276,39,40,60,2,5e-05,0.0221,0:13:30.383945
PyTorch,G:\科研\图像融合\培育期Jittor_SIBA\logs\pytorch_msrs_roadscene_60e_20260727_siba_official_protocol\train.log,277,39,40,60,3,5e-05,0.0319,0:13:22.910728
PyTorch,G:\科研\图像融合\培育期Jittor_SIBA\logs\pytorch_msrs_roadscene_60e_20260727_siba_official_protocol\train.log,278,39,40,60,4,5e-05,0.064,0:12:00.724161
PyTorch,G:\科研\图像融合\培育期Jittor_SIBA\logs\pytorch_msrs_roadscene_60e_20260727_siba_official_protocol\train.log,279,39,40,60,5,5e-05,0.0293,0:13:05.279790
PyTorch,G:\科研\图像融合\培育期Jittor_SIBA\logs\pytorch_msrs_roadscene_60e_20260727_siba_official_protocol\train.log,280,39,40,60,6,5e-05,0.0163,0:12:57.346554
PyTorch,G:\科研\图像融合\培育期Jittor_SIBA\logs\pytorch_msrs_roadscene_60e_20260727_siba_official_protocol\train.log,281,40,41,60,0,5e-05,0.022,0:13:00.284185
PyTorch,G:\科研\图像融合\培育期Jittor_SIBA\logs\pytorch_msrs_roadscene_60e_20260727_siba_official_protocol\train.log,282,40,41,60,1,5e-05,0.0336,0:12:55.750232
PyTorch,G:\科研\图像融合\培育期Jittor_SIBA\logs\pytorch_msrs_roadscene_60e_20260727_siba_official_protocol\train.log,283,40,41,60,2,5e-05,0.0517,0:11:41.710243
PyTorch,G:\科研\图像融合\培育期Jittor_SIBA\logs\pytorch_msrs_roadscene_60e_20260727_siba_official_protocol\train.log,284,40,41,60,3,5e-05,0.0271,0:12:53.562362
PyTorch,G:\科研\图像融合\培育期Jittor_SIBA\logs\pytorch_msrs_roadscene_60e_20260727_siba_official_protocol\train.log,285,40,41,60,4,5e-05,0.034,0:12:49.490514
PyTorch,G:\科研\图像融合\培育期Jittor_SIBA\logs\pytorch_msrs_roadscene_60e_20260727_siba_official_protocol\train.log,286,40,41,60,5,5e-05,0.0706,0:10:20.900617
PyTorch,G:\科研\图像融合\培育期Jittor_SIBA\logs\pytorch_msrs_roadscene_60e_20260727_siba_official_protocol\train.log,287,40,41,60,6,5e-05,0.0335,0:12:35.034199
PyTorch,G:\科研\图像融合\培育期Jittor_SIBA\logs\pytorch_msrs_roadscene_60e_20260727_siba_official_protocol\train.log,288,41,42,60,0,5e-05,0.0256,0:12:18.950663
PyTorch,G:\科研\图像融合\培育期Jittor_SIBA\logs\pytorch_msrs_roadscene_60e_20260727_siba_official_protocol\train.log,289,41,42,60,1,5e-05,0.0431,0:11:09.512598
PyTorch,G:\科研\图像融合\培育期Jittor_SIBA\logs\pytorch_msrs_roadscene_60e_20260727_siba_official_protocol\train.log,290,41,42,60,2,5e-05,0.0457,0:11:13.927501
PyTorch,G:\科研\图像融合\培育期Jittor_SIBA\logs\pytorch_msrs_roadscene_60e_20260727_siba_official_protocol\train.log,291,41,42,60,3,5e-05,0.0307,0:11:56.202580
PyTorch,G:\科研\图像融合\培育期Jittor_SIBA\logs\pytorch_msrs_roadscene_60e_20260727_siba_official_protocol\train.log,292,41,42,60,4,5e-05,0.0535,0:09:48.448000
PyTorch,G:\科研\图像融合\培育期Jittor_SIBA\logs\pytorch_msrs_roadscene_60e_20260727_siba_official_protocol\train.log,293,41,42,60,5,5e-05,0.036,0:11:54.699064
PyTorch,G:\科研\图像融合\培育期Jittor_SIBA\logs\pytorch_msrs_roadscene_60e_20260727_siba_official_protocol\train.log,294,41,42,60,6,5e-05,0.033,0:10:31.324857
PyTorch,G:\科研\图像融合\培育期Jittor_SIBA\logs\pytorch_msrs_roadscene_60e_20260727_siba_official_protocol\train.log,295,42,43,60,0,5e-05,0.0585,0:10:42.897112
PyTorch,G:\科研\图像融合\培育期Jittor_SIBA\logs\pytorch_msrs_roadscene_60e_20260727_siba_official_protocol\train.log,296,42,43,60,1,5e-05,0.0507,0:10:30.146317
PyTorch,G:\科研\图像融合\培育期Jittor_SIBA\logs\pytorch_msrs_roadscene_60e_20260727_siba_official_protocol\train.log,297,42,43,60,2,5e-05,0.0387,0:10:16.513817
PyTorch,G:\科研\图像融合\培育期Jittor_SIBA\logs\pytorch_msrs_roadscene_60e_20260727_siba_official_protocol\train.log,298,42,43,60,3,5e-05,0.0517,0:10:22.569483
PyTorch,G:\科研\图像融合\培育期Jittor_SIBA\logs\pytorch_msrs_roadscene_60e_20260727_siba_official_protocol\train.log,299,42,43,60,4,5e-05,0.0285,0:10:04.859268
PyTorch,G:\科研\图像融合\培育期Jittor_SIBA\logs\pytorch_msrs_roadscene_60e_20260727_siba_official_protocol\train.log,300,42,43,60,5,5e-05,0.0339,0:11:27.328114
PyTorch,G:\科研\图像融合\培育期Jittor_SIBA\logs\pytorch_msrs_roadscene_60e_20260727_siba_official_protocol\train.log,301,42,43,60,6,5e-05,0.032,0:11:15.727758
PyTorch,G:\科研\图像融合\培育期Jittor_SIBA\logs\pytorch_msrs_roadscene_60e_20260727_siba_official_protocol\train.log,302,43,44,60,0,5e-05,0.0497,0:11:02.769276
PyTorch,G:\科研\图像融合\培育期Jittor_SIBA\logs\pytorch_msrs_roadscene_60e_20260727_siba_official_protocol\train.log,303,43,44,60,1,5e-05,0.0147,0:11:00.426075
PyTorch,G:\科研\图像融合\培育期Jittor_SIBA\logs\pytorch_msrs_roadscene_60e_20260727_siba_official_protocol\train.log,304,43,44,60,2,5e-05,0.0236,0:10:48.308393
PyTorch,G:\科研\图像融合\培育期Jittor_SIBA\logs\pytorch_msrs_roadscene_60e_20260727_siba_official_protocol\train.log,305,43,44,60,3,5e-05,0.0387,0:10:51.344647
PyTorch,G:\科研\图像融合\培育期Jittor_SIBA\logs\pytorch_msrs_roadscene_60e_20260727_siba_official_protocol\train.log,306,43,44,60,4,5e-05,0.0276,0:09:34.189741
PyTorch,G:\科研\图像融合\培育期Jittor_SIBA\logs\pytorch_msrs_roadscene_60e_20260727_siba_official_protocol\train.log,307,43,44,60,5,5e-05,0.0615,0:09:38.631560
PyTorch,G:\科研\图像融合\培育期Jittor_SIBA\logs\pytorch_msrs_roadscene_60e_20260727_siba_official_protocol\train.log,308,43,44,60,6,5e-05,0.0769,0:08:25.853475
PyTorch,G:\科研\图像融合\培育期Jittor_SIBA\logs\pytorch_msrs_roadscene_60e_20260727_siba_official_protocol\train.log,309,44,45,60,0,5e-05,0.0378,0:10:26.234333
PyTorch,G:\科研\图像融合\培育期Jittor_SIBA\logs\pytorch_msrs_roadscene_60e_20260727_siba_official_protocol\train.log,310,44,45,60,1,5e-05,0.0438,0:09:32.567639
PyTorch,G:\科研\图像融合\培育期Jittor_SIBA\logs\pytorch_msrs_roadscene_60e_20260727_siba_official_protocol\train.log,311,44,45,60,2,5e-05,0.058,0:08:18.004370
PyTorch,G:\科研\图像融合\培育期Jittor_SIBA\logs\pytorch_msrs_roadscene_60e_20260727_siba_official_protocol\train.log,312,44,45,60,3,5e-05,0.08,0:07:13.373724
PyTorch,G:\科研\图像融合\培育期Jittor_SIBA\logs\pytorch_msrs_roadscene_60e_20260727_siba_official_protocol\train.log,313,44,45,60,4,5e-05,0.0324,0:09:13.015530
PyTorch,G:\科研\图像融合\培育期Jittor_SIBA\logs\pytorch_msrs_roadscene_60e_20260727_siba_official_protocol\train.log,314,44,45,60,5,5e-05,0.0473,0:09:06.259242
PyTorch,G:\科研\图像融合\培育期Jittor_SIBA\logs\pytorch_msrs_roadscene_60e_20260727_siba_official_protocol\train.log,315,44,45,60,6,5e-05,0.042,0:09:40.226054
PyTorch,G:\科研\图像融合\培育期Jittor_SIBA\logs\pytorch_msrs_roadscene_60e_20260727_siba_official_protocol\train.log,316,45,46,60,0,5e-05,0.0468,0:08:45.952982
PyTorch,G:\科研\图像融合\培育期Jittor_SIBA\logs\pytorch_msrs_roadscene_60e_20260727_siba_official_protocol\train.log,317,45,46,60,1,5e-05,0.0205,0:09:43.350959
PyTorch,G:\科研\图像融合\培育期Jittor_SIBA\logs\pytorch_msrs_roadscene_60e_20260727_siba_official_protocol\train.log,318,45,46,60,2,5e-05,0.0572,0:08:41.457616
PyTorch,G:\科研\图像融合\培育期Jittor_SIBA\logs\pytorch_msrs_roadscene_60e_20260727_siba_official_protocol\train.log,319,45,46,60,3,5e-05,0.0209,0:09:21.257590
PyTorch,G:\科研\图像融合\培育期Jittor_SIBA\logs\pytorch_msrs_roadscene_60e_20260727_siba_official_protocol\train.log,320,45,46,60,4,5e-05,0.0371,0:09:27.744696
PyTorch,G:\科研\图像融合\培育期Jittor_SIBA\logs\pytorch_msrs_roadscene_60e_20260727_siba_official_protocol\train.log,321,45,46,60,5,5e-05,0.0417,0:08:26.784935
PyTorch,G:\科研\图像融合\培育期Jittor_SIBA\logs\pytorch_msrs_roadscene_60e_20260727_siba_official_protocol\train.log,322,45,46,60,6,5e-05,0.0502,0:07:21.464810
PyTorch,G:\科研\图像融合\培育期Jittor_SIBA\logs\pytorch_msrs_roadscene_60e_20260727_siba_official_protocol\train.log,323,46,47,60,0,5e-05,0.0368,0:08:16.619581
PyTorch,G:\科研\图像融合\培育期Jittor_SIBA\logs\pytorch_msrs_roadscene_60e_20260727_siba_official_protocol\train.log,324,46,47,60,1,5e-05,0.0172,0:08:50.337171
PyTorch,G:\科研\图像融合\培育期Jittor_SIBA\logs\pytorch_msrs_roadscene_60e_20260727_siba_official_protocol\train.log,325,46,47,60,2,5e-05,0.0258,0:08:03.599347
PyTorch,G:\科研\图像融合\培育期Jittor_SIBA\logs\pytorch_msrs_roadscene_60e_20260727_siba_official_protocol\train.log,326,46,47,60,3,5e-05,0.029,0:08:50.945601
PyTorch,G:\科研\图像融合\培育期Jittor_SIBA\logs\pytorch_msrs_roadscene_60e_20260727_siba_official_protocol\train.log,327,46,47,60,4,5e-05,0.0416,0:08:46.403787
PyTorch,G:\科研\图像融合\培育期Jittor_SIBA\logs\pytorch_msrs_roadscene_60e_20260727_siba_official_protocol\train.log,328,46,47,60,5,5e-05,0.0334,0:08:34.808254
PyTorch,G:\科研\图像融合\培育期Jittor_SIBA\logs\pytorch_msrs_roadscene_60e_20260727_siba_official_protocol\train.log,329,46,47,60,6,5e-05,0.0398,0:07:46.584180
PyTorch,G:\科研\图像融合\培育期Jittor_SIBA\logs\pytorch_msrs_roadscene_60e_20260727_siba_official_protocol\train.log,330,47,48,60,0,5e-05,0.0665,0:07:42.094913
PyTorch,G:\科研\图像融合\培育期Jittor_SIBA\logs\pytorch_msrs_roadscene_60e_20260727_siba_official_protocol\train.log,331,47,48,60,1,5e-05,0.0487,0:07:01.587972
PyTorch,G:\科研\图像融合\培育期Jittor_SIBA\logs\pytorch_msrs_roadscene_60e_20260727_siba_official_protocol\train.log,332,47,48,60,2,5e-05,0.0349,0:08:10.946404
PyTorch,G:\科研\图像融合\培育期Jittor_SIBA\logs\pytorch_msrs_roadscene_60e_20260727_siba_official_protocol\train.log,333,47,48,60,3,5e-05,0.0417,0:06:27.434587
PyTorch,G:\科研\图像融合\培育期Jittor_SIBA\logs\pytorch_msrs_roadscene_60e_20260727_siba_official_protocol\train.log,334,47,48,60,4,5e-05,0.0497,0:07:34.726812
PyTorch,G:\科研\图像融合\培育期Jittor_SIBA\logs\pytorch_msrs_roadscene_60e_20260727_siba_official_protocol\train.log,335,47,48,60,5,5e-05,0.0266,0:07:51.944597
PyTorch,G:\科研\图像融合\培育期Jittor_SIBA\logs\pytorch_msrs_roadscene_60e_20260727_siba_official_protocol\train.log,336,47,48,60,6,5e-05,0.0298,0:07:50.516926
PyTorch,G:\科研\图像融合\培育期Jittor_SIBA\logs\pytorch_msrs_roadscene_60e_20260727_siba_official_protocol\train.log,337,48,49,60,0,5e-05,0.0344,0:07:55.513945
PyTorch,G:\科研\图像融合\培育期Jittor_SIBA\logs\pytorch_msrs_roadscene_60e_20260727_siba_official_protocol\train.log,338,48,49,60,1,5e-05,0.0475,0:07:07.303311
PyTorch,G:\科研\图像融合\培育期Jittor_SIBA\logs\pytorch_msrs_roadscene_60e_20260727_siba_official_protocol\train.log,339,48,49,60,2,5e-05,0.0248,0:07:34.104012
PyTorch,G:\科研\图像融合\培育期Jittor_SIBA\logs\pytorch_msrs_roadscene_60e_20260727_siba_official_protocol\train.log,340,48,49,60,3,5e-05,0.0259,0:07:29.566222
PyTorch,G:\科研\图像融合\培育期Jittor_SIBA\logs\pytorch_msrs_roadscene_60e_20260727_siba_official_protocol\train.log,341,48,49,60,4,5e-05,0.0503,0:06:47.140624
PyTorch,G:\科研\图像融合\培育期Jittor_SIBA\logs\pytorch_msrs_roadscene_60e_20260727_siba_official_protocol\train.log,342,48,49,60,5,5e-05,0.0341,0:07:19.705853
PyTorch,G:\科研\图像融合\培育期Jittor_SIBA\logs\pytorch_msrs_roadscene_60e_20260727_siba_official_protocol\train.log,343,48,49,60,6,5e-05,0.0261,0:07:08.263596
PyTorch,G:\科研\图像融合\培育期Jittor_SIBA\logs\pytorch_msrs_roadscene_60e_20260727_siba_official_protocol\train.log,344,49,50,60,0,5e-05,0.0233,0:07:12.819217
PyTorch,G:\科研\图像融合\培育期Jittor_SIBA\logs\pytorch_msrs_roadscene_60e_20260727_siba_official_protocol\train.log,345,49,50,60,1,5e-05,0.0401,0:06:18.282747
PyTorch,G:\科研\图像融合\培育期Jittor_SIBA\logs\pytorch_msrs_roadscene_60e_20260727_siba_official_protocol\train.log,346,49,50,60,2,5e-05,0.045,0:06:11.878228
PyTorch,G:\科研\图像融合\培育期Jittor_SIBA\logs\pytorch_msrs_roadscene_60e_20260727_siba_official_protocol\train.log,347,49,50,60,3,5e-05,0.0422,0:06:17.212933
PyTorch,G:\科研\图像融合\培育期Jittor_SIBA\logs\pytorch_msrs_roadscene_60e_20260727_siba_official_protocol\train.log,348,49,50,60,4,5e-05,0.0366,0:06:48.446778
PyTorch,G:\科研\图像融合\培育期Jittor_SIBA\logs\pytorch_msrs_roadscene_60e_20260727_siba_official_protocol\train.log,349,49,50,60,5,5e-05,0.0314,0:05:34.018201
PyTorch,G:\科研\图像融合\培育期Jittor_SIBA\logs\pytorch_msrs_roadscene_60e_20260727_siba_official_protocol\train.log,350,49,50,60,6,5e-05,0.038,0:05:55.614569
PyTorch,G:\科研\图像融合\培育期Jittor_SIBA\logs\pytorch_msrs_roadscene_60e_20260727_siba_official_protocol\train.log,351,50,51,60,0,2.5e-05,0.0299,0:06:34.205961
PyTorch,G:\科研\图像融合\培育期Jittor_SIBA\logs\pytorch_msrs_roadscene_60e_20260727_siba_official_protocol\train.log,352,50,51,60,1,2.5e-05,0.036,0:05:44.281683
PyTorch,G:\科研\图像融合\培育期Jittor_SIBA\logs\pytorch_msrs_roadscene_60e_20260727_siba_official_protocol\train.log,353,50,51,60,2,2.5e-05,0.0655,0:05:15.545728
PyTorch,G:\科研\图像融合\培育期Jittor_SIBA\logs\pytorch_msrs_roadscene_60e_20260727_siba_official_protocol\train.log,354,50,51,60,3,2.5e-05,0.0266,0:06:15.348115
PyTorch,G:\科研\图像融合\培育期Jittor_SIBA\logs\pytorch_msrs_roadscene_60e_20260727_siba_official_protocol\train.log,355,50,51,60,4,2.5e-05,0.0276,0:05:58.883114
PyTorch,G:\科研\图像融合\培育期Jittor_SIBA\logs\pytorch_msrs_roadscene_60e_20260727_siba_official_protocol\train.log,356,50,51,60,5,2.5e-05,0.062,0:04:57.389278
PyTorch,G:\科研\图像融合\培育期Jittor_SIBA\logs\pytorch_msrs_roadscene_60e_20260727_siba_official_protocol\train.log,357,50,51,60,6,2.5e-05,0.0245,0:05:58.321724
PyTorch,G:\科研\图像融合\培育期Jittor_SIBA\logs\pytorch_msrs_roadscene_60e_20260727_siba_official_protocol\train.log,358,51,52,60,0,2.5e-05,0.0498,0:06:09.688742
PyTorch,G:\科研\图像融合\培育期Jittor_SIBA\logs\pytorch_msrs_roadscene_60e_20260727_siba_official_protocol\train.log,359,51,52,60,1,2.5e-05,0.0414,0:05:47.796290
PyTorch,G:\科研\图像融合\培育期Jittor_SIBA\logs\pytorch_msrs_roadscene_60e_20260727_siba_official_protocol\train.log,360,51,52,60,2,2.5e-05,0.0354,0:05:08.035158
PyTorch,G:\科研\图像融合\培育期Jittor_SIBA\logs\pytorch_msrs_roadscene_60e_20260727_siba_official_protocol\train.log,361,51,52,60,3,2.5e-05,0.0304,0:05:40.650352
PyTorch,G:\科研\图像融合\培育期Jittor_SIBA\logs\pytorch_msrs_roadscene_60e_20260727_siba_official_protocol\train.log,362,51,52,60,4,2.5e-05,0.0321,0:05:29.334389
PyTorch,G:\科研\图像融合\培育期Jittor_SIBA\logs\pytorch_msrs_roadscene_60e_20260727_siba_official_protocol\train.log,363,51,52,60,5,2.5e-05,0.0245,0:05:15.575475
PyTorch,G:\科研\图像融合\培育期Jittor_SIBA\logs\pytorch_msrs_roadscene_60e_20260727_siba_official_protocol\train.log,364,51,52,60,6,2.5e-05,0.0503,0:04:18.163972
PyTorch,G:\科研\图像融合\培育期Jittor_SIBA\logs\pytorch_msrs_roadscene_60e_20260727_siba_official_protocol\train.log,365,52,53,60,0,2.5e-05,0.0544,0:04:48.413744
PyTorch,G:\科研\图像融合\培育期Jittor_SIBA\logs\pytorch_msrs_roadscene_60e_20260727_siba_official_protocol\train.log,366,52,53,60,1,2.5e-05,0.0328,0:04:40.836907
PyTorch,G:\科研\图像融合\培育期Jittor_SIBA\logs\pytorch_msrs_roadscene_60e_20260727_siba_official_protocol\train.log,367,52,53,60,2,2.5e-05,0.0262,0:04:59.949123
PyTorch,G:\科研\图像融合\培育期Jittor_SIBA\logs\pytorch_msrs_roadscene_60e_20260727_siba_official_protocol\train.log,368,52,53,60,3,2.5e-05,0.0555,0:04:55.069164
PyTorch,G:\科研\图像融合\培育期Jittor_SIBA\logs\pytorch_msrs_roadscene_60e_20260727_siba_official_protocol\train.log,369,52,53,60,4,2.5e-05,0.0283,0:05:01.862549
PyTorch,G:\科研\图像融合\培育期Jittor_SIBA\logs\pytorch_msrs_roadscene_60e_20260727_siba_official_protocol\train.log,370,52,53,60,5,2.5e-05,0.0405,0:04:25.302233
PyTorch,G:\科研\图像融合\培育期Jittor_SIBA\logs\pytorch_msrs_roadscene_60e_20260727_siba_official_protocol\train.log,371,52,53,60,6,2.5e-05,0.0286,0:04:08.169024
PyTorch,G:\科研\图像融合\培育期Jittor_SIBA\logs\pytorch_msrs_roadscene_60e_20260727_siba_official_protocol\train.log,372,53,54,60,0,2.5e-05,0.0508,0:03:46.992695
PyTorch,G:\科研\图像融合\培育期Jittor_SIBA\logs\pytorch_msrs_roadscene_60e_20260727_siba_official_protocol\train.log,373,53,54,60,1,2.5e-05,0.0489,0:04:06.949730
PyTorch,G:\科研\图像融合\培育期Jittor_SIBA\logs\pytorch_msrs_roadscene_60e_20260727_siba_official_protocol\train.log,374,53,54,60,2,2.5e-05,0.0449,0:04:20.416729
PyTorch,G:\科研\图像融合\培育期Jittor_SIBA\logs\pytorch_msrs_roadscene_60e_20260727_siba_official_protocol\train.log,375,53,54,60,3,2.5e-05,0.0267,0:04:19.437195
PyTorch,G:\科研\图像融合\培育期Jittor_SIBA\logs\pytorch_msrs_roadscene_60e_20260727_siba_official_protocol\train.log,376,53,54,60,4,2.5e-05,0.0317,0:03:43.280571
PyTorch,G:\科研\图像融合\培育期Jittor_SIBA\logs\pytorch_msrs_roadscene_60e_20260727_siba_official_protocol\train.log,377,53,54,60,5,2.5e-05,0.0304,0:03:57.210598
PyTorch,G:\科研\图像融合\培育期Jittor_SIBA\logs\pytorch_msrs_roadscene_60e_20260727_siba_official_protocol\train.log,378,53,54,60,6,2.5e-05,0.029,0:03:54.247416
PyTorch,G:\科研\图像融合\培育期Jittor_SIBA\logs\pytorch_msrs_roadscene_60e_20260727_siba_official_protocol\train.log,379,54,55,60,0,2.5e-05,0.0559,0:03:32.797013
PyTorch,G:\科研\图像融合\培育期Jittor_SIBA\logs\pytorch_msrs_roadscene_60e_20260727_siba_official_protocol\train.log,380,54,55,60,1,2.5e-05,0.0316,0:03:49.652005
PyTorch,G:\科研\图像融合\培育期Jittor_SIBA\logs\pytorch_msrs_roadscene_60e_20260727_siba_official_protocol\train.log,381,54,55,60,2,2.5e-05,0.0601,0:03:01.278096
PyTorch,G:\科研\图像融合\培育期Jittor_SIBA\logs\pytorch_msrs_roadscene_60e_20260727_siba_official_protocol\train.log,382,54,55,60,3,2.5e-05,0.0424,0:03:20.535416
PyTorch,G:\科研\图像融合\培育期Jittor_SIBA\logs\pytorch_msrs_roadscene_60e_20260727_siba_official_protocol\train.log,383,54,55,60,4,2.5e-05,0.0308,0:03:27.224738
PyTorch,G:\科研\图像融合\培育期Jittor_SIBA\logs\pytorch_msrs_roadscene_60e_20260727_siba_official_protocol\train.log,384,54,55,60,5,2.5e-05,0.0364,0:03:04.239148
PyTorch,G:\科研\图像融合\培育期Jittor_SIBA\logs\pytorch_msrs_roadscene_60e_20260727_siba_official_protocol\train.log,385,54,55,60,6,2.5e-05,0.0243,0:03:19.280273
PyTorch,G:\科研\图像融合\培育期Jittor_SIBA\logs\pytorch_msrs_roadscene_60e_20260727_siba_official_protocol\train.log,386,55,56,60,0,2.5e-05,0.0226,0:03:14.535702
PyTorch,G:\科研\图像融合\培育期Jittor_SIBA\logs\pytorch_msrs_roadscene_60e_20260727_siba_official_protocol\train.log,387,55,56,60,1,2.5e-05,0.0794,0:02:34.038762
PyTorch,G:\科研\图像融合\培育期Jittor_SIBA\logs\pytorch_msrs_roadscene_60e_20260727_siba_official_protocol\train.log,388,55,56,60,2,2.5e-05,0.0307,0:03:01.723293
PyTorch,G:\科研\图像融合\培育期Jittor_SIBA\logs\pytorch_msrs_roadscene_60e_20260727_siba_official_protocol\train.log,389,55,56,60,3,2.5e-05,0.0331,0:02:56.713142
PyTorch,G:\科研\图像融合\培育期Jittor_SIBA\logs\pytorch_msrs_roadscene_60e_20260727_siba_official_protocol\train.log,390,55,56,60,4,2.5e-05,0.0226,0:02:53.077826
PyTorch,G:\科研\图像融合\培育期Jittor_SIBA\logs\pytorch_msrs_roadscene_60e_20260727_siba_official_protocol\train.log,391,55,56,60,5,2.5e-05,0.0284,0:02:43.123198
PyTorch,G:\科研\图像融合\培育期Jittor_SIBA\logs\pytorch_msrs_roadscene_60e_20260727_siba_official_protocol\train.log,392,55,56,60,6,2.5e-05,0.0466,0:02:25.639143
PyTorch,G:\科研\图像融合\培育期Jittor_SIBA\logs\pytorch_msrs_roadscene_60e_20260727_siba_official_protocol\train.log,393,56,57,60,0,2.5e-05,0.0303,0:02:38.112803
PyTorch,G:\科研\图像融合\培育期Jittor_SIBA\logs\pytorch_msrs_roadscene_60e_20260727_siba_official_protocol\train.log,394,56,57,60,1,2.5e-05,0.0302,0:02:33.663054
PyTorch,G:\科研\图像融合\培育期Jittor_SIBA\logs\pytorch_msrs_roadscene_60e_20260727_siba_official_protocol\train.log,395,56,57,60,2,2.5e-05,0.0168,0:02:23.704712
PyTorch,G:\科研\图像融合\培育期Jittor_SIBA\logs\pytorch_msrs_roadscene_60e_20260727_siba_official_protocol\train.log,396,56,57,60,3,2.5e-05,0.0439,0:02:06.503212
PyTorch,G:\科研\图像融合\培育期Jittor_SIBA\logs\pytorch_msrs_roadscene_60e_20260727_siba_official_protocol\train.log,397,56,57,60,4,2.5e-05,0.0308,0:02:12.362986
PyTorch,G:\科研\图像融合\培育期Jittor_SIBA\logs\pytorch_msrs_roadscene_60e_20260727_siba_official_protocol\train.log,398,56,57,60,5,2.5e-05,0.0189,0:02:03.871568
PyTorch,G:\科研\图像融合\培育期Jittor_SIBA\logs\pytorch_msrs_roadscene_60e_20260727_siba_official_protocol\train.log,399,56,57,60,6,2.5e-05,0.0169,0:02:00.999063
PyTorch,G:\科研\图像融合\培育期Jittor_SIBA\logs\pytorch_msrs_roadscene_60e_20260727_siba_official_protocol\train.log,400,57,58,60,0,2.5e-05,0.0558,0:01:48.224952
PyTorch,G:\科研\图像融合\培育期Jittor_SIBA\logs\pytorch_msrs_roadscene_60e_20260727_siba_official_protocol\train.log,401,57,58,60,1,2.5e-05,0.0196,0:01:50.962383
PyTorch,G:\科研\图像融合\培育期Jittor_SIBA\logs\pytorch_msrs_roadscene_60e_20260727_siba_official_protocol\train.log,402,57,58,60,2,2.5e-05,0.0488,0:01:37.038489
PyTorch,G:\科研\图像融合\培育期Jittor_SIBA\logs\pytorch_msrs_roadscene_60e_20260727_siba_official_protocol\train.log,403,57,58,60,3,2.5e-05,0.0332,0:01:38.101868
PyTorch,G:\科研\图像融合\培育期Jittor_SIBA\logs\pytorch_msrs_roadscene_60e_20260727_siba_official_protocol\train.log,404,57,58,60,4,2.5e-05,0.0303,0:01:33.888222
PyTorch,G:\科研\图像融合\培育期Jittor_SIBA\logs\pytorch_msrs_roadscene_60e_20260727_siba_official_protocol\train.log,405,57,58,60,5,2.5e-05,0.0301,0:01:17.298965
PyTorch,G:\科研\图像融合\培育期Jittor_SIBA\logs\pytorch_msrs_roadscene_60e_20260727_siba_official_protocol\train.log,406,57,58,60,6,2.5e-05,0.0145,0:01:20.273301
PyTorch,G:\科研\图像融合\培育期Jittor_SIBA\logs\pytorch_msrs_roadscene_60e_20260727_siba_official_protocol\train.log,407,58,59,60,0,2.5e-05,0.0584,0:01:09.735525
PyTorch,G:\科研\图像融合\培育期Jittor_SIBA\logs\pytorch_msrs_roadscene_60e_20260727_siba_official_protocol\train.log,408,58,59,60,1,2.5e-05,0.0236,0:01:12.074940
PyTorch,G:\科研\图像融合\培育期Jittor_SIBA\logs\pytorch_msrs_roadscene_60e_20260727_siba_official_protocol\train.log,409,58,59,60,2,2.5e-05,0.0441,0:01:05.273444
PyTorch,G:\科研\图像融合\培育期Jittor_SIBA\logs\pytorch_msrs_roadscene_60e_20260727_siba_official_protocol\train.log,410,58,59,60,3,2.5e-05,0.0198,0:00:59.231380
PyTorch,G:\科研\图像融合\培育期Jittor_SIBA\logs\pytorch_msrs_roadscene_60e_20260727_siba_official_protocol\train.log,411,58,59,60,4,2.5e-05,0.0273,0:00:52.718432
PyTorch,G:\科研\图像融合\培育期Jittor_SIBA\logs\pytorch_msrs_roadscene_60e_20260727_siba_official_protocol\train.log,412,58,59,60,5,2.5e-05,0.0335,0:00:47.408375
PyTorch,G:\科研\图像融合\培育期Jittor_SIBA\logs\pytorch_msrs_roadscene_60e_20260727_siba_official_protocol\train.log,413,58,59,60,6,2.5e-05,0.0409,0:00:34.166536
PyTorch,G:\科研\图像融合\培育期Jittor_SIBA\logs\pytorch_msrs_roadscene_60e_20260727_siba_official_protocol\train.log,414,59,60,60,0,2.5e-05,0.0218,0:00:38.679227
PyTorch,G:\科研\图像融合\培育期Jittor_SIBA\logs\pytorch_msrs_roadscene_60e_20260727_siba_official_protocol\train.log,415,59,60,60,1,2.5e-05,0.0263,0:00:32.879079
PyTorch,G:\科研\图像融合\培育期Jittor_SIBA\logs\pytorch_msrs_roadscene_60e_20260727_siba_official_protocol\train.log,416,59,60,60,2,2.5e-05,0.0242,0:00:26.671407
PyTorch,G:\科研\图像融合\培育期Jittor_SIBA\logs\pytorch_msrs_roadscene_60e_20260727_siba_official_protocol\train.log,417,59,60,60,3,2.5e-05,0.0699,0:00:17.089343
PyTorch,G:\科研\图像融合\培育期Jittor_SIBA\logs\pytorch_msrs_roadscene_60e_20260727_siba_official_protocol\train.log,418,59,60,60,4,2.5e-05,0.0698,0:00:13.399591
PyTorch,G:\科研\图像融合\培育期Jittor_SIBA\logs\pytorch_msrs_roadscene_60e_20260727_siba_official_protocol\train.log,419,59,60,60,5,2.5e-05,0.0653,0:00:07.872591
PyTorch,G:\科研\图像融合\培育期Jittor_SIBA\logs\pytorch_msrs_roadscene_60e_20260727_siba_official_protocol\train.log,420,59,60,60,6,2.5e-05,0.0282,0:00:02.503826
